source_file,table_index,row,column,text
2026年荔枝龙眼产业技术体系示范园-海口站（20260825）.doc,1,1,1,"示范果园
（编号）"
2026年荔枝龙眼产业技术体系示范园-海口站（20260825）.doc,1,1,2,面积（亩）
2026年荔枝龙眼产业技术体系示范园-海口站（20260825）.doc,1,1,3,种植年份
2026年荔枝龙眼产业技术体系示范园-海口站（20260825）.doc,1,1,4,改造年份
2026年荔枝龙眼产业技术体系示范园-海口站（20260825）.doc,1,1,5,品种
2026年荔枝龙眼产业技术体系示范园-海口站（20260825）.doc,1,1,6,株数
2026年荔枝龙眼产业技术体系示范园-海口站（20260825）.doc,1,1,7,株距×行距（m）
2026年荔枝龙眼产业技术体系示范园-海口站（20260825）.doc,1,1,8,农场主
2026年荔枝龙眼产业技术体系示范园-海口站（20260825）.doc,1,1,9,经纬度
2026年荔枝龙眼产业技术体系示范园-海口站（20260825）.doc,1,2,1,"办内果园
CARS-33-46-01"
2026年荔枝龙眼产业技术体系示范园-海口站（20260825）.doc,1,2,2,80
2026年荔枝龙眼产业技术体系示范园-海口站（20260825）.doc,1,2,3,2002年
2026年荔枝龙眼产业技术体系示范园-海口站（20260825）.doc,1,2,4,每年回缩修剪
2026年荔枝龙眼产业技术体系示范园-海口站（20260825）.doc,1,2,5,妃子笑
2026年荔枝龙眼产业技术体系示范园-海口站（20260825）.doc,1,2,6,4000
2026年荔枝龙眼产业技术体系示范园-海口站（20260825）.doc,1,2,7,4×5
2026年荔枝龙眼产业技术体系示范园-海口站（20260825）.doc,1,2,8,周永岛
2026年荔枝龙眼产业技术体系示范园-海口站（20260825）.doc,1,2,9,"N 19° 53' 57.63""
E 110° 29' 58.18"""
2026年荔枝龙眼产业技术体系示范园-海口站（20260825）.doc,1,3,1,"红明农场
CARS-33-46-02"
2026年荔枝龙眼产业技术体系示范园-海口站（20260825）.doc,1,3,2,70
2026年荔枝龙眼产业技术体系示范园-海口站（20260825）.doc,1,3,3,2000年
2026年荔枝龙眼产业技术体系示范园-海口站（20260825）.doc,1,3,4,"2010间伐
"
2026年荔枝龙眼产业技术体系示范园-海口站（20260825）.doc,1,3,5,白糖罂
2026年荔枝龙眼产业技术体系示范园-海口站（20260825）.doc,1,3,6,970
2026年荔枝龙眼产业技术体系示范园-海口站（20260825）.doc,1,3,7,6×8
2026年荔枝龙眼产业技术体系示范园-海口站（20260825）.doc,1,3,8,陈会华
2026年荔枝龙眼产业技术体系示范园-海口站（20260825）.doc,1,3,9,"N 19° 41' 54.98""
E 110° 34' 49.95"""
2026年荔枝龙眼产业技术体系示范园-海口站（20260825）.doc,1,4,1,"永发果园
CARS-33-46-03"
2026年荔枝龙眼产业技术体系示范园-海口站（20260825）.doc,1,4,2,25
2026年荔枝龙眼产业技术体系示范园-海口站（20260825）.doc,1,4,3,1995年
2026年荔枝龙眼产业技术体系示范园-海口站（20260825）.doc,1,4,4,"2013间伐
每年回缩修剪"
2026年荔枝龙眼产业技术体系示范园-海口站（20260825）.doc,1,4,5,妃子笑
2026年荔枝龙眼产业技术体系示范园-海口站（20260825）.doc,1,4,6,550
2026年荔枝龙眼产业技术体系示范园-海口站（20260825）.doc,1,4,7,4×6
2026年荔枝龙眼产业技术体系示范园-海口站（20260825）.doc,1,4,8,洪世聪
2026年荔枝龙眼产业技术体系示范园-海口站（20260825）.doc,1,4,9,"N 19° 45' 30.91""
E 110° 12' 13.96"""
2026年荔枝龙眼产业技术体系示范园-海口站（20260825）.doc,1,5,1,"龙元果园
CARS-33-46-04"
2026年荔枝龙眼产业技术体系示范园-海口站（20260825）.doc,1,5,2,200
2026年荔枝龙眼产业技术体系示范园-海口站（20260825）.doc,1,5,3,2002年
2026年荔枝龙眼产业技术体系示范园-海口站（20260825）.doc,1,5,4,"2019重回缩
隔年采取开天窗"
2026年荔枝龙眼产业技术体系示范园-海口站（20260825）.doc,1,5,5,妃子笑
2026年荔枝龙眼产业技术体系示范园-海口站（20260825）.doc,1,5,6,7400
2026年荔枝龙眼产业技术体系示范园-海口站（20260825）.doc,1,5,7,4×4.5
2026年荔枝龙眼产业技术体系示范园-海口站（20260825）.doc,1,5,8,黄龙腾
2026年荔枝龙眼产业技术体系示范园-海口站（20260825）.doc,1,5,9,"N 19° 27′ 11.83""
E 110° 19' 42.84"""
2026年荔枝龙眼产业技术体系示范园-海口站（20260825）.doc,1,6,1,"世武果园
CARS-33-46-05"
2026年荔枝龙眼产业技术体系示范园-海口站（20260825）.doc,1,6,2,30
2026年荔枝龙眼产业技术体系示范园-海口站（20260825）.doc,1,6,3,2001年
2026年荔枝龙眼产业技术体系示范园-海口站（20260825）.doc,1,6,4,每年回缩修剪
2026年荔枝龙眼产业技术体系示范园-海口站（20260825）.doc,1,6,5,妃子笑
2026年荔枝龙眼产业技术体系示范园-海口站（20260825）.doc,1,6,6,990
2026年荔枝龙眼产业技术体系示范园-海口站（20260825）.doc,1,6,7,4×5
2026年荔枝龙眼产业技术体系示范园-海口站（20260825）.doc,1,6,8,李世武
2026年荔枝龙眼产业技术体系示范园-海口站（20260825）.doc,1,6,9,"N 19° 10' 27.53""
E 110° 26' 54.70"""
2026年荔枝龙眼产业技术体系示范园-海口站（20260825）.doc,1,7,1,"鲁宏果园
CARS-33-46-06"
2026年荔枝龙眼产业技术体系示范园-海口站（20260825）.doc,1,7,2,300
2026年荔枝龙眼产业技术体系示范园-海口站（20260825）.doc,1,7,3,1999年
2026年荔枝龙眼产业技术体系示范园-海口站（20260825）.doc,1,7,4,"2012间伐
隔年采取开天窗"
2026年荔枝龙眼产业技术体系示范园-海口站（20260825）.doc,1,7,5,妃子笑
2026年荔枝龙眼产业技术体系示范园-海口站（20260825）.doc,1,7,6,5000
2026年荔枝龙眼产业技术体系示范园-海口站（20260825）.doc,1,7,7,5×8
2026年荔枝龙眼产业技术体系示范园-海口站（20260825）.doc,1,7,8,周军峰
2026年荔枝龙眼产业技术体系示范园-海口站（20260825）.doc,1,7,9,"N18° 36' 34.77""
E109° 56' 32.26"""
2026年荔枝龙眼产业技术体系示范园-海口站（20260825）.doc,2,1,1,示范果园
2026年荔枝龙眼产业技术体系示范园-海口站（20260825）.doc,2,1,2,果园坡度（°）
2026年荔枝龙眼产业技术体系示范园-海口站（20260825）.doc,2,1,3,土壤类型
2026年荔枝龙眼产业技术体系示范园-海口站（20260825）.doc,2,1,4,灌溉方式
2026年荔枝龙眼产业技术体系示范园-海口站（20260825）.doc,2,1,5,年份
2026年荔枝龙眼产业技术体系示范园-海口站（20260825）.doc,2,1,6,"株产
（公斤）"
2026年荔枝龙眼产业技术体系示范园-海口站（20260825）.doc,2,1,7,"售价
（元/公斤）"
2026年荔枝龙眼产业技术体系示范园-海口站（20260825）.doc,2,1,8,成花率（%）
2026年荔枝龙眼产业技术体系示范园-海口站（20260825）.doc,2,1,9,"收益
（万元）"
2026年荔枝龙眼产业技术体系示范园-海口站（20260825）.doc,2,2,1,办内果园
2026年荔枝龙眼产业技术体系示范园-海口站（20260825）.doc,2,2,2,0～5
2026年荔枝龙眼产业技术体系示范园-海口站（20260825）.doc,2,2,3,红壤土
2026年荔枝龙眼产业技术体系示范园-海口站（20260825）.doc,2,2,4,微喷灌
2026年荔枝龙眼产业技术体系示范园-海口站（20260825）.doc,2,2,5,2022
2026年荔枝龙眼产业技术体系示范园-海口站（20260825）.doc,2,2,6,30.00
2026年荔枝龙眼产业技术体系示范园-海口站（20260825）.doc,2,2,7,12.6
2026年荔枝龙眼产业技术体系示范园-海口站（20260825）.doc,2,2,8,100
2026年荔枝龙眼产业技术体系示范园-海口站（20260825）.doc,2,2,9,90.60
2026年荔枝龙眼产业技术体系示范园-海口站（20260825）.doc,2,3,5,2023
2026年荔枝龙眼产业技术体系示范园-海口站（20260825）.doc,2,3,6,32.15
2026年荔枝龙眼产业技术体系示范园-海口站（20260825）.doc,2,3,7,9.60
2026年荔枝龙眼产业技术体系示范园-海口站（20260825）.doc,2,3,8,100
2026年荔枝龙眼产业技术体系示范园-海口站（20260825）.doc,2,3,9,40.60
2026年荔枝龙眼产业技术体系示范园-海口站（20260825）.doc,2,4,5,2024
2026年荔枝龙眼产业技术体系示范园-海口站（20260825）.doc,2,4,6,21.78
2026年荔枝龙眼产业技术体系示范园-海口站（20260825）.doc,2,4,7,12.2
2026年荔枝龙眼产业技术体系示范园-海口站（20260825）.doc,2,4,8,90
2026年荔枝龙眼产业技术体系示范园-海口站（20260825）.doc,2,4,9,35.15
2026年荔枝龙眼产业技术体系示范园-海口站（20260825）.doc,2,5,5,2025
2026年荔枝龙眼产业技术体系示范园-海口站（20260825）.doc,2,5,6,0
2026年荔枝龙眼产业技术体系示范园-海口站（20260825）.doc,2,5,7,0
2026年荔枝龙眼产业技术体系示范园-海口站（20260825）.doc,2,5,8,60
2026年荔枝龙眼产业技术体系示范园-海口站（20260825）.doc,2,5,9,-15.76
2026年荔枝龙眼产业技术体系示范园-海口站（20260825）.doc,2,6,5,2026
2026年荔枝龙眼产业技术体系示范园-海口站（20260825）.doc,2,6,6,37.88
2026年荔枝龙眼产业技术体系示范园-海口站（20260825）.doc,2,6,7,11.00
2026年荔枝龙眼产业技术体系示范园-海口站（20260825）.doc,2,6,8,90
2026年荔枝龙眼产业技术体系示范园-海口站（20260825）.doc,2,6,9,62.00
2026年荔枝龙眼产业技术体系示范园-海口站（20260825）.doc,2,7,1,红明农场
2026年荔枝龙眼产业技术体系示范园-海口站（20260825）.doc,2,7,2,15～30
2026年荔枝龙眼产业技术体系示范园-海口站（20260825）.doc,2,7,3,红壤土
2026年荔枝龙眼产业技术体系示范园-海口站（20260825）.doc,2,7,4,管道淋灌
2026年荔枝龙眼产业技术体系示范园-海口站（20260825）.doc,2,7,5,2022
2026年荔枝龙眼产业技术体系示范园-海口站（20260825）.doc,2,7,6,65.00
2026年荔枝龙眼产业技术体系示范园-海口站（20260825）.doc,2,7,7,16.00
2026年荔枝龙眼产业技术体系示范园-海口站（20260825）.doc,2,7,8,100
2026年荔枝龙眼产业技术体系示范园-海口站（20260825）.doc,2,7,9,38.20
2026年荔枝龙眼产业技术体系示范园-海口站（20260825）.doc,2,8,5,2023
2026年荔枝龙眼产业技术体系示范园-海口站（20260825）.doc,2,8,6,52.00
2026年荔枝龙眼产业技术体系示范园-海口站（20260825）.doc,2,8,7,12.00
2026年荔枝龙眼产业技术体系示范园-海口站（20260825）.doc,2,8,8,98
2026年荔枝龙眼产业技术体系示范园-海口站（20260825）.doc,2,8,9,16.80
2026年荔枝龙眼产业技术体系示范园-海口站（20260825）.doc,2,9,5,2024
2026年荔枝龙眼产业技术体系示范园-海口站（20260825）.doc,2,9,6,7.71
2026年荔枝龙眼产业技术体系示范园-海口站（20260825）.doc,2,9,7,16.00
2026年荔枝龙眼产业技术体系示范园-海口站（20260825）.doc,2,9,8,20
2026年荔枝龙眼产业技术体系示范园-海口站（20260825）.doc,2,9,9,-20.50
2026年荔枝龙眼产业技术体系示范园-海口站（20260825）.doc,2,10,5,2025
2026年荔枝龙眼产业技术体系示范园-海口站（20260825）.doc,2,10,6,32.15
2026年荔枝龙眼产业技术体系示范园-海口站（20260825）.doc,2,10,7,10.00
2026年荔枝龙眼产业技术体系示范园-海口站（20260825）.doc,2,10,8,50
2026年荔枝龙眼产业技术体系示范园-海口站（20260825）.doc,2,10,9,-7.50
2026年荔枝龙眼产业技术体系示范园-海口站（20260825）.doc,2,11,5,2026
2026年荔枝龙眼产业技术体系示范园-海口站（20260825）.doc,2,11,6,41.67
2026年荔枝龙眼产业技术体系示范园-海口站（20260825）.doc,2,11,7,11.00
2026年荔枝龙眼产业技术体系示范园-海口站（20260825）.doc,2,11,8,80
2026年荔枝龙眼产业技术体系示范园-海口站（20260825）.doc,2,11,9,14.35
2026年荔枝龙眼产业技术体系示范园-海口站（20260825）.doc,2,12,1,永发果园
2026年荔枝龙眼产业技术体系示范园-海口站（20260825）.doc,2,12,2,0～5
2026年荔枝龙眼产业技术体系示范园-海口站（20260825）.doc,2,12,3,红壤土
2026年荔枝龙眼产业技术体系示范园-海口站（20260825）.doc,2,12,4,微喷灌
2026年荔枝龙眼产业技术体系示范园-海口站（20260825）.doc,2,12,5,2022
2026年荔枝龙眼产业技术体系示范园-海口站（20260825）.doc,2,12,6,28.60
2026年荔枝龙眼产业技术体系示范园-海口站（20260825）.doc,2,12,7,11.80
2026年荔枝龙眼产业技术体系示范园-海口站（20260825）.doc,2,12,8,100
2026年荔枝龙眼产业技术体系示范园-海口站（20260825）.doc,2,12,9,5.80
2026年荔枝龙眼产业技术体系示范园-海口站（20260825）.doc,2,13,5,2023
2026年荔枝龙眼产业技术体系示范园-海口站（20260825）.doc,2,13,6,35.25
2026年荔枝龙眼产业技术体系示范园-海口站（20260825）.doc,2,13,7,9.60
2026年荔枝龙眼产业技术体系示范园-海口站（20260825）.doc,2,13,8,99
2026年荔枝龙眼产业技术体系示范园-海口站（20260825）.doc,2,13,9,7.50
2026年荔枝龙眼产业技术体系示范园-海口站（20260825）.doc,2,14,5,2024
2026年荔枝龙眼产业技术体系示范园-海口站（20260825）.doc,2,14,6,22.36
2026年荔枝龙眼产业技术体系示范园-海口站（20260825）.doc,2,14,7,10.20
2026年荔枝龙眼产业技术体系示范园-海口站（20260825）.doc,2,14,8,75
2026年荔枝龙眼产业技术体系示范园-海口站（20260825）.doc,2,14,9,3.93
2026年荔枝龙眼产业技术体系示范园-海口站（20260825）.doc,2,15,5,2025
2026年荔枝龙眼产业技术体系示范园-海口站（20260825）.doc,2,15,6,22.16
2026年荔枝龙眼产业技术体系示范园-海口站（20260825）.doc,2,15,7,9.30
2026年荔枝龙眼产业技术体系示范园-海口站（20260825）.doc,2,15,8,80
2026年荔枝龙眼产业技术体系示范园-海口站（20260825）.doc,2,15,9,-2.86
2026年荔枝龙眼产业技术体系示范园-海口站（20260825）.doc,2,16,5,2026
2026年荔枝龙眼产业技术体系示范园-海口站（20260825）.doc,2,16,6,18.52
2026年荔枝龙眼产业技术体系示范园-海口站（20260825）.doc,2,16,7,
2026年荔枝龙眼产业技术体系示范园-海口站（20260825）.doc,2,16,8,70
2026年荔枝龙眼产业技术体系示范园-海口站（20260825）.doc,2,16,9,
2026年荔枝龙眼产业技术体系示范园-海口站（20260825）.doc,2,17,1,龙元果园
2026年荔枝龙眼产业技术体系示范园-海口站（20260825）.doc,2,17,2,0
2026年荔枝龙眼产业技术体系示范园-海口站（20260825）.doc,2,17,3,红壤土
2026年荔枝龙眼产业技术体系示范园-海口站（20260825）.doc,2,17,4,喷灌
2026年荔枝龙眼产业技术体系示范园-海口站（20260825）.doc,2,17,5,2022
2026年荔枝龙眼产业技术体系示范园-海口站（20260825）.doc,2,17,6,24.30
2026年荔枝龙眼产业技术体系示范园-海口站（20260825）.doc,2,17,7,11.20
2026年荔枝龙眼产业技术体系示范园-海口站（20260825）.doc,2,17,8,100
2026年荔枝龙眼产业技术体系示范园-海口站（20260825）.doc,2,17,9,49.60
2026年荔枝龙眼产业技术体系示范园-海口站（20260825）.doc,2,18,5,2023
2026年荔枝龙眼产业技术体系示范园-海口站（20260825）.doc,2,18,6,32.00
2026年荔枝龙眼产业技术体系示范园-海口站（20260825）.doc,2,18,7,10.00
2026年荔枝龙眼产业技术体系示范园-海口站（20260825）.doc,2,18,8,100
2026年荔枝龙眼产业技术体系示范园-海口站（20260825）.doc,2,18,9,53.33
2026年荔枝龙眼产业技术体系示范园-海口站（20260825）.doc,2,19,5,2024
2026年荔枝龙眼产业技术体系示范园-海口站（20260825）.doc,2,19,6,20.00
2026年荔枝龙眼产业技术体系示范园-海口站（20260825）.doc,2,19,7,12.00
2026年荔枝龙眼产业技术体系示范园-海口站（20260825）.doc,2,19,8,95
2026年荔枝龙眼产业技术体系示范园-海口站（20260825）.doc,2,19,9,85.56
2026年荔枝龙眼产业技术体系示范园-海口站（20260825）.doc,2,20,5,2025
2026年荔枝龙眼产业技术体系示范园-海口站（20260825）.doc,2,20,6,27.16
2026年荔枝龙眼产业技术体系示范园-海口站（20260825）.doc,2,20,7,9.40
2026年荔枝龙眼产业技术体系示范园-海口站（20260825）.doc,2,20,8,95
2026年荔枝龙眼产业技术体系示范园-海口站（20260825）.doc,2,20,9,96.36
2026年荔枝龙眼产业技术体系示范园-海口站（20260825）.doc,2,21,5,2026
2026年荔枝龙眼产业技术体系示范园-海口站（20260825）.doc,2,21,6,25.30
2026年荔枝龙眼产业技术体系示范园-海口站（20260825）.doc,2,21,7,9.60
2026年荔枝龙眼产业技术体系示范园-海口站（20260825）.doc,2,21,8,95
2026年荔枝龙眼产业技术体系示范园-海口站（20260825）.doc,2,21,9,90.10
2026年荔枝龙眼产业技术体系示范园-海口站（20260825）.doc,2,22,1,世武果园
2026年荔枝龙眼产业技术体系示范园-海口站（20260825）.doc,2,22,2,0～5
2026年荔枝龙眼产业技术体系示范园-海口站（20260825）.doc,2,22,3,砂壤土
2026年荔枝龙眼产业技术体系示范园-海口站（20260825）.doc,2,22,4,喷灌
2026年荔枝龙眼产业技术体系示范园-海口站（20260825）.doc,2,22,5,2022
2026年荔枝龙眼产业技术体系示范园-海口站（20260825）.doc,2,22,6,32.20
2026年荔枝龙眼产业技术体系示范园-海口站（20260825）.doc,2,22,7,15.60
2026年荔枝龙眼产业技术体系示范园-海口站（20260825）.doc,2,22,8,100
2026年荔枝龙眼产业技术体系示范园-海口站（20260825）.doc,2,22,9,39.87
2026年荔枝龙眼产业技术体系示范园-海口站（20260825）.doc,2,23,5,2023
2026年荔枝龙眼产业技术体系示范园-海口站（20260825）.doc,2,23,6,27.08
2026年荔枝龙眼产业技术体系示范园-海口站（20260825）.doc,2,23,7,16.00
2026年荔枝龙眼产业技术体系示范园-海口站（20260825）.doc,2,23,8,100
2026年荔枝龙眼产业技术体系示范园-海口站（20260825）.doc,2,23,9,25.11
2026年荔枝龙眼产业技术体系示范园-海口站（20260825）.doc,2,24,5,2024
2026年荔枝龙眼产业技术体系示范园-海口站（20260825）.doc,2,24,6,30.55
2026年荔枝龙眼产业技术体系示范园-海口站（20260825）.doc,2,24,7,18.00
2026年荔枝龙眼产业技术体系示范园-海口站（20260825）.doc,2,24,8,90
2026年荔枝龙眼产业技术体系示范园-海口站（20260825）.doc,2,24,9,48.71
2026年荔枝龙眼产业技术体系示范园-海口站（20260825）.doc,2,25,5,2025
2026年荔枝龙眼产业技术体系示范园-海口站（20260825）.doc,2,25,6,36.57
2026年荔枝龙眼产业技术体系示范园-海口站（20260825）.doc,2,25,7,20.00
2026年荔枝龙眼产业技术体系示范园-海口站（20260825）.doc,2,25,8,95
2026年荔枝龙眼产业技术体系示范园-海口站（20260825）.doc,2,25,9,50.25
2026年荔枝龙眼产业技术体系示范园-海口站（20260825）.doc,2,26,5,2026
2026年荔枝龙眼产业技术体系示范园-海口站（20260825）.doc,2,26,6,35.86
2026年荔枝龙眼产业技术体系示范园-海口站（20260825）.doc,2,26,7,11.2
2026年荔枝龙眼产业技术体系示范园-海口站（20260825）.doc,2,26,8,95
2026年荔枝龙眼产业技术体系示范园-海口站（20260825）.doc,2,26,9,18.15
2026年荔枝龙眼产业技术体系示范园-海口站（20260825）.doc,2,27,1,鲁宏果园
2026年荔枝龙眼产业技术体系示范园-海口站（20260825）.doc,2,27,2,10～15
2026年荔枝龙眼产业技术体系示范园-海口站（20260825）.doc,2,27,3,砂壤土
2026年荔枝龙眼产业技术体系示范园-海口站（20260825）.doc,2,27,4,喷灌
2026年荔枝龙眼产业技术体系示范园-海口站（20260825）.doc,2,27,5,2022
2026年荔枝龙眼产业技术体系示范园-海口站（20260825）.doc,2,27,6,50.80
2026年荔枝龙眼产业技术体系示范园-海口站（20260825）.doc,2,27,7,20.00
2026年荔枝龙眼产业技术体系示范园-海口站（20260825）.doc,2,27,8,95
2026年荔枝龙眼产业技术体系示范园-海口站（20260825）.doc,2,27,9,276.16
2026年荔枝龙眼产业技术体系示范园-海口站（20260825）.doc,2,28,5,2023
2026年荔枝龙眼产业技术体系示范园-海口站（20260825）.doc,2,28,6,47.06
2026年荔枝龙眼产业技术体系示范园-海口站（20260825）.doc,2,28,7,23.00
2026年荔枝龙眼产业技术体系示范园-海口站（20260825）.doc,2,28,8,98
2026年荔枝龙眼产业技术体系示范园-海口站（20260825）.doc,2,28,9,216.00
2026年荔枝龙眼产业技术体系示范园-海口站（20260825）.doc,2,29,5,2024
2026年荔枝龙眼产业技术体系示范园-海口站（20260825）.doc,2,29,6,61.73
2026年荔枝龙眼产业技术体系示范园-海口站（20260825）.doc,2,29,7,30.40
2026年荔枝龙眼产业技术体系示范园-海口站（20260825）.doc,2,29,8,85
2026年荔枝龙眼产业技术体系示范园-海口站（20260825）.doc,2,29,9,287.91
2026年荔枝龙眼产业技术体系示范园-海口站（20260825）.doc,2,30,5,2025
2026年荔枝龙眼产业技术体系示范园-海口站（20260825）.doc,2,30,6,70.93
2026年荔枝龙眼产业技术体系示范园-海口站（20260825）.doc,2,30,7,20.00
2026年荔枝龙眼产业技术体系示范园-海口站（20260825）.doc,2,30,8,98
2026年荔枝龙眼产业技术体系示范园-海口站（20260825）.doc,2,30,9,356.00
2026年荔枝龙眼产业技术体系示范园-海口站（20260825）.doc,2,31,5,2026
2026年荔枝龙眼产业技术体系示范园-海口站（20260825）.doc,2,31,6,61.11
2026年荔枝龙眼产业技术体系示范园-海口站（20260825）.doc,2,31,7,10.60
2026年荔枝龙眼产业技术体系示范园-海口站（20260825）.doc,2,31,8,80
2026年荔枝龙眼产业技术体系示范园-海口站（20260825）.doc,2,31,9,-61.76
2026年荔枝龙眼产业技术体系示范园-海口站（20260825）.doc,3,1,1,示范园
2026年荔枝龙眼产业技术体系示范园-海口站（20260825）.doc,3,1,2,品种
2026年荔枝龙眼产业技术体系示范园-海口站（20260825）.doc,3,1,3,面积（株）
2026年荔枝龙眼产业技术体系示范园-海口站（20260825）.doc,3,1,4,秋梢老熟期
2026年荔枝龙眼产业技术体系示范园-海口站（20260825）.doc,3,1,5,露白点期
2026年荔枝龙眼产业技术体系示范园-海口站（20260825）.doc,3,1,6,抽穗期
2026年荔枝龙眼产业技术体系示范园-海口站（20260825）.doc,3,1,7,初花期
2026年荔枝龙眼产业技术体系示范园-海口站（20260825）.doc,3,1,8,盛花期
2026年荔枝龙眼产业技术体系示范园-海口站（20260825）.doc,3,1,9,谢花期
2026年荔枝龙眼产业技术体系示范园-海口站（20260825）.doc,3,1,10,初始坐果期
2026年荔枝龙眼产业技术体系示范园-海口站（20260825）.doc,3,1,11,第1次生理落果期
2026年荔枝龙眼产业技术体系示范园-海口站（20260825）.doc,3,1,12,第2次生理落果期
2026年荔枝龙眼产业技术体系示范园-海口站（20260825）.doc,3,1,13,采前落果期
2026年荔枝龙眼产业技术体系示范园-海口站（20260825）.doc,3,1,14,果实着色期
2026年荔枝龙眼产业技术体系示范园-海口站（20260825）.doc,3,1,15,果实成熟期
2026年荔枝龙眼产业技术体系示范园-海口站（20260825）.doc,3,2,1,办内果园
2026年荔枝龙眼产业技术体系示范园-海口站（20260825）.doc,3,2,2,妃子笑
2026年荔枝龙眼产业技术体系示范园-海口站（20260825）.doc,3,2,3,"80
（4000）"
2026年荔枝龙眼产业技术体系示范园-海口站（20260825）.doc,3,2,4,9-25
2026年荔枝龙眼产业技术体系示范园-海口站（20260825）.doc,3,2,5,12-25
2026年荔枝龙眼产业技术体系示范园-海口站（20260825）.doc,3,2,6,1-10
2026年荔枝龙眼产业技术体系示范园-海口站（20260825）.doc,3,2,7,2-12
2026年荔枝龙眼产业技术体系示范园-海口站（20260825）.doc,3,2,8,2-24
2026年荔枝龙眼产业技术体系示范园-海口站（20260825）.doc,3,2,9,3-1
2026年荔枝龙眼产业技术体系示范园-海口站（20260825）.doc,3,2,10,3-5
2026年荔枝龙眼产业技术体系示范园-海口站（20260825）.doc,3,2,11,3-18
2026年荔枝龙眼产业技术体系示范园-海口站（20260825）.doc,3,2,12,4-15
2026年荔枝龙眼产业技术体系示范园-海口站（20260825）.doc,3,2,13,——
2026年荔枝龙眼产业技术体系示范园-海口站（20260825）.doc,3,2,14,4-22
2026年荔枝龙眼产业技术体系示范园-海口站（20260825）.doc,3,2,15,5-2
2026年荔枝龙眼产业技术体系示范园-海口站（20260825）.doc,3,3,1,红明农场
2026年荔枝龙眼产业技术体系示范园-海口站（20260825）.doc,3,3,2,白糖罂
2026年荔枝龙眼产业技术体系示范园-海口站（20260825）.doc,3,3,3,"70
（970）"
2026年荔枝龙眼产业技术体系示范园-海口站（20260825）.doc,3,3,4,9-20
2026年荔枝龙眼产业技术体系示范园-海口站（20260825）.doc,3,3,5,1-5
2026年荔枝龙眼产业技术体系示范园-海口站（20260825）.doc,3,3,6,1-28
2026年荔枝龙眼产业技术体系示范园-海口站（20260825）.doc,3,3,7,2-20
2026年荔枝龙眼产业技术体系示范园-海口站（20260825）.doc,3,3,8,2-28
2026年荔枝龙眼产业技术体系示范园-海口站（20260825）.doc,3,3,9,3-5
2026年荔枝龙眼产业技术体系示范园-海口站（20260825）.doc,3,3,10,3-8
2026年荔枝龙眼产业技术体系示范园-海口站（20260825）.doc,3,3,11,3-18
2026年荔枝龙眼产业技术体系示范园-海口站（20260825）.doc,3,3,12,4-18
2026年荔枝龙眼产业技术体系示范园-海口站（20260825）.doc,3,3,13,——
2026年荔枝龙眼产业技术体系示范园-海口站（20260825）.doc,3,3,14,5-1
2026年荔枝龙眼产业技术体系示范园-海口站（20260825）.doc,3,3,15,5-6
2026年荔枝龙眼产业技术体系示范园-海口站（20260825）.doc,3,4,1,永发果园
2026年荔枝龙眼产业技术体系示范园-海口站（20260825）.doc,3,4,2,妃子笑
2026年荔枝龙眼产业技术体系示范园-海口站（20260825）.doc,3,4,3,"25
（550）"
2026年荔枝龙眼产业技术体系示范园-海口站（20260825）.doc,3,4,4,10-25
2026年荔枝龙眼产业技术体系示范园-海口站（20260825）.doc,3,4,5,1-5
2026年荔枝龙眼产业技术体系示范园-海口站（20260825）.doc,3,4,6,1-25
2026年荔枝龙眼产业技术体系示范园-海口站（20260825）.doc,3,4,7,2-15
2026年荔枝龙眼产业技术体系示范园-海口站（20260825）.doc,3,4,8,2-25
2026年荔枝龙眼产业技术体系示范园-海口站（20260825）.doc,3,4,9,3-5
2026年荔枝龙眼产业技术体系示范园-海口站（20260825）.doc,3,4,10,3-16
2026年荔枝龙眼产业技术体系示范园-海口站（20260825）.doc,3,4,11,3-25
2026年荔枝龙眼产业技术体系示范园-海口站（20260825）.doc,3,4,12,4-3
2026年荔枝龙眼产业技术体系示范园-海口站（20260825）.doc,3,4,13,——
2026年荔枝龙眼产业技术体系示范园-海口站（20260825）.doc,3,4,14,4-25
2026年荔枝龙眼产业技术体系示范园-海口站（20260825）.doc,3,4,15,5-2
2026年荔枝龙眼产业技术体系示范园-海口站（20260825）.doc,3,5,1,龙元果园
2026年荔枝龙眼产业技术体系示范园-海口站（20260825）.doc,3,5,2,妃子笑
2026年荔枝龙眼产业技术体系示范园-海口站（20260825）.doc,3,5,3,"200
（7400）"
2026年荔枝龙眼产业技术体系示范园-海口站（20260825）.doc,3,5,4,8-25
2026年荔枝龙眼产业技术体系示范园-海口站（20260825）.doc,3,5,5,12-15
2026年荔枝龙眼产业技术体系示范园-海口站（20260825）.doc,3,5,6,1-1
2026年荔枝龙眼产业技术体系示范园-海口站（20260825）.doc,3,5,7,2-1
2026年荔枝龙眼产业技术体系示范园-海口站（20260825）.doc,3,5,8,2-15
2026年荔枝龙眼产业技术体系示范园-海口站（20260825）.doc,3,5,9,2-28
2026年荔枝龙眼产业技术体系示范园-海口站（20260825）.doc,3,5,10,2-22
2026年荔枝龙眼产业技术体系示范园-海口站（20260825）.doc,3,5,11,2-25
2026年荔枝龙眼产业技术体系示范园-海口站（20260825）.doc,3,5,12,4-1
2026年荔枝龙眼产业技术体系示范园-海口站（20260825）.doc,3,5,13,——
2026年荔枝龙眼产业技术体系示范园-海口站（20260825）.doc,3,5,14,4-20
2026年荔枝龙眼产业技术体系示范园-海口站（20260825）.doc,3,5,15,4-28
2026年荔枝龙眼产业技术体系示范园-海口站（20260825）.doc,3,6,1,世武果园
2026年荔枝龙眼产业技术体系示范园-海口站（20260825）.doc,3,6,2,妃子笑
2026年荔枝龙眼产业技术体系示范园-海口站（20260825）.doc,3,6,3,"30
（990）"
2026年荔枝龙眼产业技术体系示范园-海口站（20260825）.doc,3,6,4,9-15
2026年荔枝龙眼产业技术体系示范园-海口站（20260825）.doc,3,6,5,12-22
2026年荔枝龙眼产业技术体系示范园-海口站（20260825）.doc,3,6,6,1-5
2026年荔枝龙眼产业技术体系示范园-海口站（20260825）.doc,3,6,7,2-5
2026年荔枝龙眼产业技术体系示范园-海口站（20260825）.doc,3,6,8,2-20
2026年荔枝龙眼产业技术体系示范园-海口站（20260825）.doc,3,6,9,3-1
2026年荔枝龙眼产业技术体系示范园-海口站（20260825）.doc,3,6,10,2-26
2026年荔枝龙眼产业技术体系示范园-海口站（20260825）.doc,3,6,11,3-13
2026年荔枝龙眼产业技术体系示范园-海口站（20260825）.doc,3,6,12,4-9
2026年荔枝龙眼产业技术体系示范园-海口站（20260825）.doc,3,6,13,——
2026年荔枝龙眼产业技术体系示范园-海口站（20260825）.doc,3,6,14,4-22
2026年荔枝龙眼产业技术体系示范园-海口站（20260825）.doc,3,6,15,4-30
2026年荔枝龙眼产业技术体系示范园-海口站（20260825）.doc,3,7,1,鲁宏果园
2026年荔枝龙眼产业技术体系示范园-海口站（20260825）.doc,3,7,2,妃子笑
2026年荔枝龙眼产业技术体系示范园-海口站（20260825）.doc,3,7,3,"300
（5000）"
2026年荔枝龙眼产业技术体系示范园-海口站（20260825）.doc,3,7,4,8-25
2026年荔枝龙眼产业技术体系示范园-海口站（20260825）.doc,3,7,5,12-28
2026年荔枝龙眼产业技术体系示范园-海口站（20260825）.doc,3,7,6,1-1
2026年荔枝龙眼产业技术体系示范园-海口站（20260825）.doc,3,7,7,2-5
2026年荔枝龙眼产业技术体系示范园-海口站（20260825）.doc,3,7,8,2-15
2026年荔枝龙眼产业技术体系示范园-海口站（20260825）.doc,3,7,9,3-15
2026年荔枝龙眼产业技术体系示范园-海口站（20260825）.doc,3,7,10,3-12
2026年荔枝龙眼产业技术体系示范园-海口站（20260825）.doc,3,7,11,3-10
2026年荔枝龙眼产业技术体系示范园-海口站（20260825）.doc,3,7,12,4-10
2026年荔枝龙眼产业技术体系示范园-海口站（20260825）.doc,3,7,13,——
2026年荔枝龙眼产业技术体系示范园-海口站（20260825）.doc,3,7,14,4-28
2026年荔枝龙眼产业技术体系示范园-海口站（20260825）.doc,3,7,15,5-10
2026年荔枝龙眼产业技术体系示范园-海口站（20260825）.doc,4,1,1,示范园
2026年荔枝龙眼产业技术体系示范园-海口站（20260825）.doc,4,1,2,品种
2026年荔枝龙眼产业技术体系示范园-海口站（20260825）.doc,4,1,3,测花类别
2026年荔枝龙眼产业技术体系示范园-海口站（20260825）.doc,4,1,4,测花株数
2026年荔枝龙眼产业技术体系示范园-海口站（20260825）.doc,4,1,5,比例（%）
2026年荔枝龙眼产业技术体系示范园-海口站（20260825）.doc,4,1,6,成花率（%）
2026年荔枝龙眼产业技术体系示范园-海口站（20260825）.doc,4,2,1,办内果园
2026年荔枝龙眼产业技术体系示范园-海口站（20260825）.doc,4,2,2,妃子笑
2026年荔枝龙眼产业技术体系示范园-海口站（20260825）.doc,4,2,3,A（75-100%）
2026年荔枝龙眼产业技术体系示范园-海口站（20260825）.doc,4,2,4,180
2026年荔枝龙眼产业技术体系示范园-海口站（20260825）.doc,4,2,5,90
2026年荔枝龙眼产业技术体系示范园-海口站（20260825）.doc,4,2,6,90
2026年荔枝龙眼产业技术体系示范园-海口站（20260825）.doc,4,3,3,B（25-75%）
2026年荔枝龙眼产业技术体系示范园-海口站（20260825）.doc,4,3,4,20
2026年荔枝龙眼产业技术体系示范园-海口站（20260825）.doc,4,3,5,10
2026年荔枝龙眼产业技术体系示范园-海口站（20260825）.doc,4,4,3,C（0-25%）
2026年荔枝龙眼产业技术体系示范园-海口站（20260825）.doc,4,4,4,0
2026年荔枝龙眼产业技术体系示范园-海口站（20260825）.doc,4,4,5,0
2026年荔枝龙眼产业技术体系示范园-海口站（20260825）.doc,4,5,1,红明农场会华果园
2026年荔枝龙眼产业技术体系示范园-海口站（20260825）.doc,4,5,2,白糖罂
2026年荔枝龙眼产业技术体系示范园-海口站（20260825）.doc,4,5,3,A（75-100%）
2026年荔枝龙眼产业技术体系示范园-海口站（20260825）.doc,4,5,4,160
2026年荔枝龙眼产业技术体系示范园-海口站（20260825）.doc,4,5,5,80
2026年荔枝龙眼产业技术体系示范园-海口站（20260825）.doc,4,5,6,80
2026年荔枝龙眼产业技术体系示范园-海口站（20260825）.doc,4,6,3,B（25-75%）
2026年荔枝龙眼产业技术体系示范园-海口站（20260825）.doc,4,6,4,23
2026年荔枝龙眼产业技术体系示范园-海口站（20260825）.doc,4,6,5,11.5
2026年荔枝龙眼产业技术体系示范园-海口站（20260825）.doc,4,7,3,C（0-25%）
2026年荔枝龙眼产业技术体系示范园-海口站（20260825）.doc,4,7,4,17
2026年荔枝龙眼产业技术体系示范园-海口站（20260825）.doc,4,7,5,8.5
2026年荔枝龙眼产业技术体系示范园-海口站（20260825）.doc,4,8,1,永发果园
2026年荔枝龙眼产业技术体系示范园-海口站（20260825）.doc,4,8,2,妃子笑
2026年荔枝龙眼产业技术体系示范园-海口站（20260825）.doc,4,8,3,A（75-100%）
2026年荔枝龙眼产业技术体系示范园-海口站（20260825）.doc,4,8,4,140
2026年荔枝龙眼产业技术体系示范园-海口站（20260825）.doc,4,8,5,70
2026年荔枝龙眼产业技术体系示范园-海口站（20260825）.doc,4,8,6,70
2026年荔枝龙眼产业技术体系示范园-海口站（20260825）.doc,4,9,3,B（25-75%）
2026年荔枝龙眼产业技术体系示范园-海口站（20260825）.doc,4,9,4,40
2026年荔枝龙眼产业技术体系示范园-海口站（20260825）.doc,4,9,5,20
2026年荔枝龙眼产业技术体系示范园-海口站（20260825）.doc,4,10,3,C（0-25%）
2026年荔枝龙眼产业技术体系示范园-海口站（20260825）.doc,4,10,4,20
2026年荔枝龙眼产业技术体系示范园-海口站（20260825）.doc,4,10,5,10
2026年荔枝龙眼产业技术体系示范园-海口站（20260825）.doc,4,11,3,B（25-75%）
2026年荔枝龙眼产业技术体系示范园-海口站（20260825）.doc,4,11,4,145
2026年荔枝龙眼产业技术体系示范园-海口站（20260825）.doc,4,11,5,72.5
2026年荔枝龙眼产业技术体系示范园-海口站（20260825）.doc,4,12,3,C（0-25%）
2026年荔枝龙眼产业技术体系示范园-海口站（20260825）.doc,4,12,4,5
2026年荔枝龙眼产业技术体系示范园-海口站（20260825）.doc,4,12,5,2.5
2026年荔枝龙眼产业技术体系示范园-海口站（20260825）.doc,4,13,1,龙元果园
2026年荔枝龙眼产业技术体系示范园-海口站（20260825）.doc,4,13,2,妃子笑
2026年荔枝龙眼产业技术体系示范园-海口站（20260825）.doc,4,13,3,A（75-100%）
2026年荔枝龙眼产业技术体系示范园-海口站（20260825）.doc,4,13,4,190
2026年荔枝龙眼产业技术体系示范园-海口站（20260825）.doc,4,13,5,95
2026年荔枝龙眼产业技术体系示范园-海口站（20260825）.doc,4,13,6,95
2026年荔枝龙眼产业技术体系示范园-海口站（20260825）.doc,4,14,3,B（25-75%）
2026年荔枝龙眼产业技术体系示范园-海口站（20260825）.doc,4,14,4,10
2026年荔枝龙眼产业技术体系示范园-海口站（20260825）.doc,4,14,5,5
2026年荔枝龙眼产业技术体系示范园-海口站（20260825）.doc,4,15,3,C（0-25%）
2026年荔枝龙眼产业技术体系示范园-海口站（20260825）.doc,4,15,4,0
2026年荔枝龙眼产业技术体系示范园-海口站（20260825）.doc,4,15,5,0
2026年荔枝龙眼产业技术体系示范园-海口站（20260825）.doc,4,16,1,世武果园
2026年荔枝龙眼产业技术体系示范园-海口站（20260825）.doc,4,16,2,妃子笑
2026年荔枝龙眼产业技术体系示范园-海口站（20260825）.doc,4,16,3,A（75-100%）
2026年荔枝龙眼产业技术体系示范园-海口站（20260825）.doc,4,16,4,190
2026年荔枝龙眼产业技术体系示范园-海口站（20260825）.doc,4,16,5,95
2026年荔枝龙眼产业技术体系示范园-海口站（20260825）.doc,4,16,6,95
2026年荔枝龙眼产业技术体系示范园-海口站（20260825）.doc,4,17,3,B（25-75%）
2026年荔枝龙眼产业技术体系示范园-海口站（20260825）.doc,4,17,4,10
2026年荔枝龙眼产业技术体系示范园-海口站（20260825）.doc,4,17,5,5
2026年荔枝龙眼产业技术体系示范园-海口站（20260825）.doc,4,18,3,C（0-25%）
2026年荔枝龙眼产业技术体系示范园-海口站（20260825）.doc,4,18,4,0
2026年荔枝龙眼产业技术体系示范园-海口站（20260825）.doc,4,18,5,0
2026年荔枝龙眼产业技术体系示范园-海口站（20260825）.doc,4,19,1,鲁宏果园
2026年荔枝龙眼产业技术体系示范园-海口站（20260825）.doc,4,19,2,妃子笑
2026年荔枝龙眼产业技术体系示范园-海口站（20260825）.doc,4,19,3,A（75-100%）
2026年荔枝龙眼产业技术体系示范园-海口站（20260825）.doc,4,19,4,160
2026年荔枝龙眼产业技术体系示范园-海口站（20260825）.doc,4,19,5,80
2026年荔枝龙眼产业技术体系示范园-海口站（20260825）.doc,4,19,6,80
2026年荔枝龙眼产业技术体系示范园-海口站（20260825）.doc,4,20,3,B（25-75%）
2026年荔枝龙眼产业技术体系示范园-海口站（20260825）.doc,4,20,4,30
2026年荔枝龙眼产业技术体系示范园-海口站（20260825）.doc,4,20,5,15
2026年荔枝龙眼产业技术体系示范园-海口站（20260825）.doc,4,21,3,C（0-25%）
2026年荔枝龙眼产业技术体系示范园-海口站（20260825）.doc,4,21,4,10
2026年荔枝龙眼产业技术体系示范园-海口站（20260825）.doc,4,21,5,5
2026年荔枝龙眼产业技术体系示范园-海口站（20260825）.doc,5,1,1,示范园
2026年荔枝龙眼产业技术体系示范园-海口站（20260825）.doc,5,1,2,植株类别
2026年荔枝龙眼产业技术体系示范园-海口站（20260825）.doc,5,1,3,株数
2026年荔枝龙眼产业技术体系示范园-海口站（20260825）.doc,5,1,4,单株产量（公斤）
2026年荔枝龙眼产业技术体系示范园-海口站（20260825）.doc,5,1,5,单果重（g）
2026年荔枝龙眼产业技术体系示范园-海口站（20260825）.doc,5,1,6,病虫果率（%）
2026年荔枝龙眼产业技术体系示范园-海口站（20260825）.doc,5,1,7,平均株产（公斤）
2026年荔枝龙眼产业技术体系示范园-海口站（20260825）.doc,5,1,8,平均亩产（公斤/亩）
2026年荔枝龙眼产业技术体系示范园-海口站（20260825）.doc,5,1,9,测产组长及小组成员
2026年荔枝龙眼产业技术体系示范园-海口站（20260825）.doc,5,2,4,①
2026年荔枝龙眼产业技术体系示范园-海口站（20260825）.doc,5,2,5,②
2026年荔枝龙眼产业技术体系示范园-海口站（20260825）.doc,5,2,6,③
2026年荔枝龙眼产业技术体系示范园-海口站（20260825）.doc,5,3,1,办内果园
2026年荔枝龙眼产业技术体系示范园-海口站（20260825）.doc,5,3,2,A
2026年荔枝龙眼产业技术体系示范园-海口站（20260825）.doc,5,3,3,180
2026年荔枝龙眼产业技术体系示范园-海口站（20260825）.doc,5,3,4,38.45
2026年荔枝龙眼产业技术体系示范园-海口站（20260825）.doc,5,3,5,44.21
2026年荔枝龙眼产业技术体系示范园-海口站（20260825）.doc,5,3,6,37.37
2026年荔枝龙眼产业技术体系示范园-海口站（20260825）.doc,5,3,7,22.18
2026年荔枝龙眼产业技术体系示范园-海口站（20260825）.doc,5,3,8,0
2026年荔枝龙眼产业技术体系示范园-海口站（20260825）.doc,5,3,9,40.01
2026年荔枝龙眼产业技术体系示范园-海口站（20260825）.doc,5,3,10,1306.23
2026年荔枝龙眼产业技术体系示范园-海口站（20260825）.doc,5,3,11,"组长：王祥和
组员：周永岛、陈哲、陈丁"
2026年荔枝龙眼产业技术体系示范园-海口站（20260825）.doc,5,4,2,B
2026年荔枝龙眼产业技术体系示范园-海口站（20260825）.doc,5,4,3,20
2026年荔枝龙眼产业技术体系示范园-海口站（20260825）.doc,5,4,4,30.98
2026年荔枝龙眼产业技术体系示范园-海口站（20260825）.doc,5,4,5,35.59
2026年荔枝龙眼产业技术体系示范园-海口站（20260825）.doc,5,4,6,28.89
2026年荔枝龙眼产业技术体系示范园-海口站（20260825）.doc,5,4,7,21.05
2026年荔枝龙眼产业技术体系示范园-海口站（20260825）.doc,5,4,8,0
2026年荔枝龙眼产业技术体系示范园-海口站（20260825）.doc,5,4,9,31.82
2026年荔枝龙眼产业技术体系示范园-海口站（20260825）.doc,5,5,2,C
2026年荔枝龙眼产业技术体系示范园-海口站（20260825）.doc,5,5,3,
2026年荔枝龙眼产业技术体系示范园-海口站（20260825）.doc,5,5,4, 
2026年荔枝龙眼产业技术体系示范园-海口站（20260825）.doc,5,5,5,
2026年荔枝龙眼产业技术体系示范园-海口站（20260825）.doc,5,5,6,
2026年荔枝龙眼产业技术体系示范园-海口站（20260825）.doc,5,5,7,  
2026年荔枝龙眼产业技术体系示范园-海口站（20260825）.doc,5,5,8,
2026年荔枝龙眼产业技术体系示范园-海口站（20260825）.doc,5,5,9,
2026年荔枝龙眼产业技术体系示范园-海口站（20260825）.doc,5,6,1,红明农场
2026年荔枝龙眼产业技术体系示范园-海口站（20260825）.doc,5,6,2,A
2026年荔枝龙眼产业技术体系示范园-海口站（20260825）.doc,5,6,3,40
2026年荔枝龙眼产业技术体系示范园-海口站（20260825）.doc,5,6,4,60.11
2026年荔枝龙眼产业技术体系示范园-海口站（20260825）.doc,5,6,5,55.68
2026年荔枝龙眼产业技术体系示范园-海口站（20260825）.doc,5,6,6,60.04
2026年荔枝龙眼产业技术体系示范园-海口站（20260825）.doc,5,6,7,18.35
2026年荔枝龙眼产业技术体系示范园-海口站（20260825）.doc,5,6,8,0
2026年荔枝龙眼产业技术体系示范园-海口站（20260825）.doc,5,6,9,58.61
2026年荔枝龙眼产业技术体系示范园-海口站（20260825）.doc,5,6,10,750.25
2026年荔枝龙眼产业技术体系示范园-海口站（20260825）.doc,5,6,11,"组长：王祥和
组员：胡福初、陈哲、陈会华"
2026年荔枝龙眼产业技术体系示范园-海口站（20260825）.doc,5,7,2,B
2026年荔枝龙眼产业技术体系示范园-海口站（20260825）.doc,5,7,3,140
2026年荔枝龙眼产业技术体系示范园-海口站（20260825）.doc,5,7,4,55.61
2026年荔枝龙眼产业技术体系示范园-海口站（20260825）.doc,5,7,5,49.98
2026年荔枝龙眼产业技术体系示范园-海口站（20260825）.doc,5,7,6,52.51
2026年荔枝龙眼产业技术体系示范园-海口站（20260825）.doc,5,7,7,17.26
2026年荔枝龙眼产业技术体系示范园-海口站（20260825）.doc,5,7,8,0
2026年荔枝龙眼产业技术体系示范园-海口站（20260825）.doc,5,7,9,52.70
2026年荔枝龙眼产业技术体系示范园-海口站（20260825）.doc,5,8,2,C
2026年荔枝龙眼产业技术体系示范园-海口站（20260825）.doc,5,8,3,-
2026年荔枝龙眼产业技术体系示范园-海口站（20260825）.doc,5,8,4,
2026年荔枝龙眼产业技术体系示范园-海口站（20260825）.doc,5,8,5,
2026年荔枝龙眼产业技术体系示范园-海口站（20260825）.doc,5,8,6,
2026年荔枝龙眼产业技术体系示范园-海口站（20260825）.doc,5,8,7,
2026年荔枝龙眼产业技术体系示范园-海口站（20260825）.doc,5,8,8,
2026年荔枝龙眼产业技术体系示范园-海口站（20260825）.doc,5,8,9,
2026年荔枝龙眼产业技术体系示范园-海口站（20260825）.doc,5,9,1,永发果园
2026年荔枝龙眼产业技术体系示范园-海口站（20260825）.doc,5,9,2,A
2026年荔枝龙眼产业技术体系示范园-海口站（20260825）.doc,5,9,3,150
2026年荔枝龙眼产业技术体系示范园-海口站（20260825）.doc,5,9,4,16.88
2026年荔枝龙眼产业技术体系示范园-海口站（20260825）.doc,5,9,5,22.41
2026年荔枝龙眼产业技术体系示范园-海口站（20260825）.doc,5,9,6,19.06
2026年荔枝龙眼产业技术体系示范园-海口站（20260825）.doc,5,9,7,22.25
2026年荔枝龙眼产业技术体系示范园-海口站（20260825）.doc,5,9,8,3
2026年荔枝龙眼产业技术体系示范园-海口站（20260825）.doc,5,9,9,19.45
2026年荔枝龙眼产业技术体系示范园-海口站（20260825）.doc,5,9,10,513.93
2026年荔枝龙眼产业技术体系示范园-海口站（20260825）.doc,5,9,11,"组长：王祥和
组员：胡福初、陈哲、陈丁"
2026年荔枝龙眼产业技术体系示范园-海口站（20260825）.doc,5,10,2,B
2026年荔枝龙眼产业技术体系示范园-海口站（20260825）.doc,5,10,3,50
2026年荔枝龙眼产业技术体系示范园-海口站（20260825）.doc,5,10,4,13.95
2026年荔枝龙眼产业技术体系示范园-海口站（20260825）.doc,5,10,5,15.49
2026年荔枝龙眼产业技术体系示范园-海口站（20260825）.doc,5,10,6,17.51
2026年荔枝龙眼产业技术体系示范园-海口站（20260825）.doc,5,10,7,20.35 
2026年荔枝龙眼产业技术体系示范园-海口站（20260825）.doc,5,10,8,1
2026年荔枝龙眼产业技术体系示范园-海口站（20260825）.doc,5,10,9,15.65
2026年荔枝龙眼产业技术体系示范园-海口站（20260825）.doc,5,11,2,C
2026年荔枝龙眼产业技术体系示范园-海口站（20260825）.doc,5,11,3,-
2026年荔枝龙眼产业技术体系示范园-海口站（20260825）.doc,5,11,4,
2026年荔枝龙眼产业技术体系示范园-海口站（20260825）.doc,5,11,5,
2026年荔枝龙眼产业技术体系示范园-海口站（20260825）.doc,5,11,6,
2026年荔枝龙眼产业技术体系示范园-海口站（20260825）.doc,5,11,7,
2026年荔枝龙眼产业技术体系示范园-海口站（20260825）.doc,5,11,8,
2026年荔枝龙眼产业技术体系示范园-海口站（20260825）.doc,5,11,9,
2026年荔枝龙眼产业技术体系示范园-海口站（20260825）.doc,5,12,1,龙元果园
2026年荔枝龙眼产业技术体系示范园-海口站（20260825）.doc,5,12,2,A
2026年荔枝龙眼产业技术体系示范园-海口站（20260825）.doc,5,12,3,132
2026年荔枝龙眼产业技术体系示范园-海口站（20260825）.doc,5,12,4,30.94
2026年荔枝龙眼产业技术体系示范园-海口站（20260825）.doc,5,12,5,36.79
2026年荔枝龙眼产业技术体系示范园-海口站（20260825）.doc,5,12,6,37.27
2026年荔枝龙眼产业技术体系示范园-海口站（20260825）.doc,5,12,7,22.18
2026年荔枝龙眼产业技术体系示范园-海口站（20260825）.doc,5,12,8,0
2026年荔枝龙眼产业技术体系示范园-海口站（20260825）.doc,5,12,9,35.11
2026年荔枝龙眼产业技术体系示范园-海口站（20260825）.doc,5,12,10,1125.00
2026年荔枝龙眼产业技术体系示范园-海口站（20260825）.doc,5,12,11,"组长：王祥和
组员：黄龙腾、周文静、陈丁"
2026年荔枝龙眼产业技术体系示范园-海口站（20260825）.doc,5,13,2,B
2026年荔枝龙眼产业技术体系示范园-海口站（20260825）.doc,5,13,3,68
2026年荔枝龙眼产业技术体系示范园-海口站（20260825）.doc,5,13,4,19.23
2026年荔枝龙眼产业技术体系示范园-海口站（20260825）.doc,5,13,5,20.82
2026年荔枝龙眼产业技术体系示范园-海口站（20260825）.doc,5,13,6,23.49
2026年荔枝龙眼产业技术体系示范园-海口站（20260825）.doc,5,13,7,20.56
2026年荔枝龙眼产业技术体系示范园-海口站（20260825）.doc,5,13,8,0
2026年荔枝龙眼产业技术体系示范园-海口站（20260825）.doc,5,13,9,21.18
2026年荔枝龙眼产业技术体系示范园-海口站（20260825）.doc,5,14,2,C
2026年荔枝龙眼产业技术体系示范园-海口站（20260825）.doc,5,14,3,-
2026年荔枝龙眼产业技术体系示范园-海口站（20260825）.doc,5,14,4,
2026年荔枝龙眼产业技术体系示范园-海口站（20260825）.doc,5,14,5, 
2026年荔枝龙眼产业技术体系示范园-海口站（20260825）.doc,5,14,6,
2026年荔枝龙眼产业技术体系示范园-海口站（20260825）.doc,5,14,7,- 
2026年荔枝龙眼产业技术体系示范园-海口站（20260825）.doc,5,14,8,-
2026年荔枝龙眼产业技术体系示范园-海口站（20260825）.doc,5,14,9,
2026年荔枝龙眼产业技术体系示范园-海口站（20260825）.doc,5,15,1,世武果园
2026年荔枝龙眼产业技术体系示范园-海口站（20260825）.doc,5,15,2,A
2026年荔枝龙眼产业技术体系示范园-海口站（20260825）.doc,5,15,3,190
2026年荔枝龙眼产业技术体系示范园-海口站（20260825）.doc,5,15,4,33.28
2026年荔枝龙眼产业技术体系示范园-海口站（20260825）.doc,5,15,5,35.77
2026年荔枝龙眼产业技术体系示范园-海口站（20260825）.doc,5,15,6,39.28
2026年荔枝龙眼产业技术体系示范园-海口站（20260825）.doc,5,15,7,23.16
2026年荔枝龙眼产业技术体系示范园-海口站（20260825）.doc,5,15,8,0
2026年荔枝龙眼产业技术体系示范园-海口站（20260825）.doc,5,15,9,36.11
2026年荔枝龙眼产业技术体系示范园-海口站（20260825）.doc,5,15,10,1183.33 
2026年荔枝龙眼产业技术体系示范园-海口站（20260825）.doc,5,15,11,"组长：王祥和
组员：胡福初、严婷婷、李世武"
2026年荔枝龙眼产业技术体系示范园-海口站（20260825）.doc,5,16,2,B
2026年荔枝龙眼产业技术体系示范园-海口站（20260825）.doc,5,16,3,10
2026年荔枝龙眼产业技术体系示范园-海口站（20260825）.doc,5,16,4,20.66
2026年荔枝龙眼产业技术体系示范园-海口站（20260825）.doc,5,16,5,24.05
2026年荔枝龙眼产业技术体系示范园-海口站（20260825）.doc,5,16,6,27.23
2026年荔枝龙眼产业技术体系示范园-海口站（20260825）.doc,5,16,7,22.35
2026年荔枝龙眼产业技术体系示范园-海口站（20260825）.doc,5,16,8,0
2026年荔枝龙眼产业技术体系示范园-海口站（20260825）.doc,5,16,9,23.98
2026年荔枝龙眼产业技术体系示范园-海口站（20260825）.doc,5,17,2,C
2026年荔枝龙眼产业技术体系示范园-海口站（20260825）.doc,5,17,3,-
2026年荔枝龙眼产业技术体系示范园-海口站（20260825）.doc,5,17,4,
2026年荔枝龙眼产业技术体系示范园-海口站（20260825）.doc,5,17,5,
2026年荔枝龙眼产业技术体系示范园-海口站（20260825）.doc,5,17,6,
2026年荔枝龙眼产业技术体系示范园-海口站（20260825）.doc,5,17,7,- 
2026年荔枝龙眼产业技术体系示范园-海口站（20260825）.doc,5,17,8,-
2026年荔枝龙眼产业技术体系示范园-海口站（20260825）.doc,5,17,9, -
2026年荔枝龙眼产业技术体系示范园-海口站（20260825）.doc,5,18,1,鲁宏果园
2026年荔枝龙眼产业技术体系示范园-海口站（20260825）.doc,5,18,2,A
2026年荔枝龙眼产业技术体系示范园-海口站（20260825）.doc,5,18,3,170
2026年荔枝龙眼产业技术体系示范园-海口站（20260825）.doc,5,18,4,71.67
2026年荔枝龙眼产业技术体系示范园-海口站（20260825）.doc,5,18,5,76.23
2026年荔枝龙眼产业技术体系示范园-海口站（20260825）.doc,5,18,6,77.88
2026年荔枝龙眼产业技术体系示范园-海口站（20260825）.doc,5,18,7,20.53
2026年荔枝龙眼产业技术体系示范园-海口站（20260825）.doc,5,18,8,0
2026年荔枝龙眼产业技术体系示范园-海口站（20260825）.doc,5,18,9,75.26
2026年荔枝龙眼产业技术体系示范园-海口站（20260825）.doc,5,18,10,1205.88
2026年荔枝龙眼产业技术体系示范园-海口站（20260825）.doc,5,18,11,"组长：王祥和
组员：胡福初、张留才"
2026年荔枝龙眼产业技术体系示范园-海口站（20260825）.doc,5,19,2,B
2026年荔枝龙眼产业技术体系示范园-海口站（20260825）.doc,5,19,3,30
2026年荔枝龙眼产业技术体系示范园-海口站（20260825）.doc,5,19,4,50.78
2026年荔枝龙眼产业技术体系示范园-海口站（20260825）.doc,5,19,5,52.88
2026年荔枝龙眼产业技术体系示范园-海口站（20260825）.doc,5,19,6,63.98
2026年荔枝龙眼产业技术体系示范园-海口站（20260825）.doc,5,19,7,19.25
2026年荔枝龙眼产业技术体系示范园-海口站（20260825）.doc,5,19,8,0
2026年荔枝龙眼产业技术体系示范园-海口站（20260825）.doc,5,19,9,55.88
2026年荔枝龙眼产业技术体系示范园-海口站（20260825）.doc,5,20,2,C
2026年荔枝龙眼产业技术体系示范园-海口站（20260825）.doc,5,20,3,-
2026年荔枝龙眼产业技术体系示范园-海口站（20260825）.doc,5,20,4,
2026年荔枝龙眼产业技术体系示范园-海口站（20260825）.doc,5,20,5,
2026年荔枝龙眼产业技术体系示范园-海口站（20260825）.doc,5,20,6,
2026年荔枝龙眼产业技术体系示范园-海口站（20260825）.doc,5,20,7, -
2026年荔枝龙眼产业技术体系示范园-海口站（20260825）.doc,5,20,8,-
2026年荔枝龙眼产业技术体系示范园-海口站（20260825）.doc,5,20,9,-
2026年荔枝龙眼产业技术体系示范园-海口站（20260825）.doc,6,1,1,示范园
2026年荔枝龙眼产业技术体系示范园-海口站（20260825）.doc,6,1,2,土地费用
2026年荔枝龙眼产业技术体系示范园-海口站（20260825）.doc,6,1,3,肥料费用
2026年荔枝龙眼产业技术体系示范园-海口站（20260825）.doc,6,1,4,农药费用
2026年荔枝龙眼产业技术体系示范园-海口站（20260825）.doc,6,1,5,固定资产折旧
2026年荔枝龙眼产业技术体系示范园-海口站（20260825）.doc,6,1,6,劳动投入
2026年荔枝龙眼产业技术体系示范园-海口站（20260825）.doc,6,1,7,亩投入
2026年荔枝龙眼产业技术体系示范园-海口站（20260825）.doc,6,1,8,亩产出
2026年荔枝龙眼产业技术体系示范园-海口站（20260825）.doc,6,1,9,亩利润
2026年荔枝龙眼产业技术体系示范园-海口站（20260825）.doc,6,2,2,租金
2026年荔枝龙眼产业技术体系示范园-海口站（20260825）.doc,6,2,3,自营地折价
2026年荔枝龙眼产业技术体系示范园-海口站（20260825）.doc,6,2,4,化肥
2026年荔枝龙眼产业技术体系示范园-海口站（20260825）.doc,6,2,5,有机肥
2026年荔枝龙眼产业技术体系示范园-海口站（20260825）.doc,6,2,8,亩用工
2026年荔枝龙眼产业技术体系示范园-海口站（20260825）.doc,6,2,9,日工价
2026年荔枝龙眼产业技术体系示范园-海口站（20260825）.doc,6,2,10,劳动力投入
2026年荔枝龙眼产业技术体系示范园-海口站（20260825）.doc,6,2,11,示范园投入
2026年荔枝龙眼产业技术体系示范园-海口站（20260825）.doc,6,2,12,当地平均投入
2026年荔枝龙眼产业技术体系示范园-海口站（20260825）.doc,6,2,13,示范园产出
2026年荔枝龙眼产业技术体系示范园-海口站（20260825）.doc,6,2,14,当地平均产出
2026年荔枝龙眼产业技术体系示范园-海口站（20260825）.doc,6,2,15,示范园亩利润
2026年荔枝龙眼产业技术体系示范园-海口站（20260825）.doc,6,2,16,当地平均利润
2026年荔枝龙眼产业技术体系示范园-海口站（20260825）.doc,6,3,1,办内果园
2026年荔枝龙眼产业技术体系示范园-海口站（20260825）.doc,6,3,2,0
2026年荔枝龙眼产业技术体系示范园-海口站（20260825）.doc,6,3,3,800
2026年荔枝龙眼产业技术体系示范园-海口站（20260825）.doc,6,3,4,580
2026年荔枝龙眼产业技术体系示范园-海口站（20260825）.doc,6,3,5,0
2026年荔枝龙眼产业技术体系示范园-海口站（20260825）.doc,6,3,6,690
2026年荔枝龙眼产业技术体系示范园-海口站（20260825）.doc,6,3,7,10
2026年荔枝龙眼产业技术体系示范园-海口站（20260825）.doc,6,3,8,5
2026年荔枝龙眼产业技术体系示范园-海口站（20260825）.doc,6,3,9,120
2026年荔枝龙眼产业技术体系示范园-海口站（20260825）.doc,6,3,10,1300
2026年荔枝龙眼产业技术体系示范园-海口站（20260825）.doc,6,3,11,3380
2026年荔枝龙眼产业技术体系示范园-海口站（20260825）.doc,6,3,12,3500
2026年荔枝龙眼产业技术体系示范园-海口站（20260825）.doc,6,3,13,14368
2026年荔枝龙眼产业技术体系示范园-海口站（20260825）.doc,6,3,14,12000
2026年荔枝龙眼产业技术体系示范园-海口站（20260825）.doc,6,3,15,7750
2026年荔枝龙眼产业技术体系示范园-海口站（20260825）.doc,6,3,16,4300
2026年荔枝龙眼产业技术体系示范园-海口站（20260825）.doc,6,4,1,会华果园
2026年荔枝龙眼产业技术体系示范园-海口站（20260825）.doc,6,4,2,2000
2026年荔枝龙眼产业技术体系示范园-海口站（20260825）.doc,6,4,3,0
2026年荔枝龙眼产业技术体系示范园-海口站（20260825）.doc,6,4,4,820
2026年荔枝龙眼产业技术体系示范园-海口站（20260825）.doc,6,4,5,0
2026年荔枝龙眼产业技术体系示范园-海口站（20260825）.doc,6,4,6,730
2026年荔枝龙眼产业技术体系示范园-海口站（20260825）.doc,6,4,7,50
2026年荔枝龙眼产业技术体系示范园-海口站（20260825）.doc,6,4,8,10
2026年荔枝龙眼产业技术体系示范园-海口站（20260825）.doc,6,4,9,150
2026年荔枝龙眼产业技术体系示范园-海口站（20260825）.doc,6,4,10,1500
2026年荔枝龙眼产业技术体系示范园-海口站（20260825）.doc,6,4,11,5050
2026年荔枝龙眼产业技术体系示范园-海口站（20260825）.doc,6,4,12,4500
2026年荔枝龙眼产业技术体系示范园-海口站（20260825）.doc,6,4,13,8253 
2026年荔枝龙眼产业技术体系示范园-海口站（20260825）.doc,6,4,14,6000
2026年荔枝龙眼产业技术体系示范园-海口站（20260825）.doc,6,4,15,2050
2026年荔枝龙眼产业技术体系示范园-海口站（20260825）.doc,6,4,16,1500 
2026年荔枝龙眼产业技术体系示范园-海口站（20260825）.doc,6,5,1,龙元果园
2026年荔枝龙眼产业技术体系示范园-海口站（20260825）.doc,6,5,2,2000
2026年荔枝龙眼产业技术体系示范园-海口站（20260825）.doc,6,5,3,0
2026年荔枝龙眼产业技术体系示范园-海口站（20260825）.doc,6,5,4,845
2026年荔枝龙眼产业技术体系示范园-海口站（20260825）.doc,6,5,5,600
2026年荔枝龙眼产业技术体系示范园-海口站（20260825）.doc,6,5,6,1200
2026年荔枝龙眼产业技术体系示范园-海口站（20260825）.doc,6,5,7,150
2026年荔枝龙眼产业技术体系示范园-海口站（20260825）.doc,6,5,8,5
2026年荔枝龙眼产业技术体系示范园-海口站（20260825）.doc,6,5,9,30
2026年荔枝龙眼产业技术体系示范园-海口站（20260825）.doc,6,5,10,1500
2026年荔枝龙眼产业技术体系示范园-海口站（20260825）.doc,6,5,11,6295
2026年荔枝龙眼产业技术体系示范园-海口站（20260825）.doc,6,5,12,4200
2026年荔枝龙眼产业技术体系示范园-海口站（20260825）.doc,6,5,13,10800
2026年荔枝龙眼产业技术体系示范园-海口站（20260825）.doc,6,5,14,6500
2026年荔枝龙眼产业技术体系示范园-海口站（20260825）.doc,6,5,15,4505 
2026年荔枝龙眼产业技术体系示范园-海口站（20260825）.doc,6,5,16,2300 
2026年荔枝龙眼产业技术体系示范园-海口站（20260825）.doc,6,6,1,世武果园
2026年荔枝龙眼产业技术体系示范园-海口站（20260825）.doc,6,6,2,0
2026年荔枝龙眼产业技术体系示范园-海口站（20260825）.doc,6,6,3,800
2026年荔枝龙眼产业技术体系示范园-海口站（20260825）.doc,6,6,4,1100
2026年荔枝龙眼产业技术体系示范园-海口站（20260825）.doc,6,6,5,800
2026年荔枝龙眼产业技术体系示范园-海口站（20260825）.doc,6,6,6,680
2026年荔枝龙眼产业技术体系示范园-海口站（20260825）.doc,6,6,7,100
2026年荔枝龙眼产业技术体系示范园-海口站（20260825）.doc,6,6,8,15
2026年荔枝龙眼产业技术体系示范园-海口站（20260825）.doc,6,6,9,200
2026年荔枝龙眼产业技术体系示范园-海口站（20260825）.doc,6,6,10,3000
2026年荔枝龙眼产业技术体系示范园-海口站（20260825）.doc,6,6,11,7203
2026年荔枝龙眼产业技术体系示范园-海口站（20260825）.doc,6,6,12,5100
2026年荔枝龙眼产业技术体系示范园-海口站（20260825）.doc,6,6,13,13253
2026年荔枝龙眼产业技术体系示范园-海口站（20260825）.doc,6,6,14,10200
2026年荔枝龙眼产业技术体系示范园-海口站（20260825）.doc,6,6,15,6050
2026年荔枝龙眼产业技术体系示范园-海口站（20260825）.doc,6,6,16,5100 
2026年荔枝龙眼产业技术体系示范园-海口站（20260825）.doc,6,7,1,鲁宏果园
2026年荔枝龙眼产业技术体系示范园-海口站（20260825）.doc,6,7,2,2941
2026年荔枝龙眼产业技术体系示范园-海口站（20260825）.doc,6,7,3,0
2026年荔枝龙眼产业技术体系示范园-海口站（20260825）.doc,6,7,4,1585
2026年荔枝龙眼产业技术体系示范园-海口站（20260825）.doc,6,7,5,0
2026年荔枝龙眼产业技术体系示范园-海口站（20260825）.doc,6,7,6,3788
2026年荔枝龙眼产业技术体系示范园-海口站（20260825）.doc,6,7,7,300
2026年荔枝龙眼产业技术体系示范园-海口站（20260825）.doc,6,7,8,24
2026年荔枝龙眼产业技术体系示范园-海口站（20260825）.doc,6,7,9,200
2026年荔枝龙眼产业技术体系示范园-海口站（20260825）.doc,6,7,10,4864
2026年荔枝龙眼产业技术体系示范园-海口站（20260825）.doc,6,7,11,14839
2026年荔枝龙眼产业技术体系示范园-海口站（20260825）.doc,6,7,12,14100
2026年荔枝龙眼产业技术体系示范园-海口站（20260825）.doc,6,7,13,12780 
2026年荔枝龙眼产业技术体系示范园-海口站（20260825）.doc,6,7,14,9000
2026年荔枝龙眼产业技术体系示范园-海口站（20260825）.doc,6,7,15,-2059
2026年荔枝龙眼产业技术体系示范园-海口站（20260825）.doc,6,7,16,-5100
示范园/2021年荔枝龙眼产业技术体系示范园-海口站（20210825）.doc,1,1,1,"示范果园
（编号）"
示范园/2021年荔枝龙眼产业技术体系示范园-海口站（20210825）.doc,1,1,2,面积（亩）
示范园/2021年荔枝龙眼产业技术体系示范园-海口站（20210825）.doc,1,1,3,种植年份
示范园/2021年荔枝龙眼产业技术体系示范园-海口站（20210825）.doc,1,1,4,改造年份
示范园/2021年荔枝龙眼产业技术体系示范园-海口站（20210825）.doc,1,1,5,品种
示范园/2021年荔枝龙眼产业技术体系示范园-海口站（20210825）.doc,1,1,6,株数
示范园/2021年荔枝龙眼产业技术体系示范园-海口站（20210825）.doc,1,1,7,株距×行距（m）
示范园/2021年荔枝龙眼产业技术体系示范园-海口站（20210825）.doc,1,1,8,农场主
示范园/2021年荔枝龙眼产业技术体系示范园-海口站（20210825）.doc,1,1,9,经纬度
示范园/2021年荔枝龙眼产业技术体系示范园-海口站（20210825）.doc,1,2,1,"办内果园
CARS-33-46-01"
示范园/2021年荔枝龙眼产业技术体系示范园-海口站（20210825）.doc,1,2,2,120
示范园/2021年荔枝龙眼产业技术体系示范园-海口站（20210825）.doc,1,2,3,2002年
示范园/2021年荔枝龙眼产业技术体系示范园-海口站（20210825）.doc,1,2,4,2015重回缩
示范园/2021年荔枝龙眼产业技术体系示范园-海口站（20210825）.doc,1,2,5,妃子笑
示范园/2021年荔枝龙眼产业技术体系示范园-海口站（20210825）.doc,1,2,6,4000
示范园/2021年荔枝龙眼产业技术体系示范园-海口站（20210825）.doc,1,2,7,4×5
示范园/2021年荔枝龙眼产业技术体系示范园-海口站（20210825）.doc,1,2,8,周永岛
示范园/2021年荔枝龙眼产业技术体系示范园-海口站（20210825）.doc,1,2,9,"N 19° 53' 57.63""
E 110° 29' 58.18"""
示范园/2021年荔枝龙眼产业技术体系示范园-海口站（20210825）.doc,1,3,1,"红明农场
CARS-33-46-02"
示范园/2021年荔枝龙眼产业技术体系示范园-海口站（20210825）.doc,1,3,2,70
示范园/2021年荔枝龙眼产业技术体系示范园-海口站（20210825）.doc,1,3,3,2000年
示范园/2021年荔枝龙眼产业技术体系示范园-海口站（20210825）.doc,1,3,4,"2010间伐
2018年重回缩"
示范园/2021年荔枝龙眼产业技术体系示范园-海口站（20210825）.doc,1,3,5,白糖罂
示范园/2021年荔枝龙眼产业技术体系示范园-海口站（20210825）.doc,1,3,6,970
示范园/2021年荔枝龙眼产业技术体系示范园-海口站（20210825）.doc,1,3,7,6×8
示范园/2021年荔枝龙眼产业技术体系示范园-海口站（20210825）.doc,1,3,8,陈会华
示范园/2021年荔枝龙眼产业技术体系示范园-海口站（20210825）.doc,1,3,9,"N 19° 41' 54.98""
E 110° 34' 49.95"""
示范园/2021年荔枝龙眼产业技术体系示范园-海口站（20210825）.doc,1,4,1,"永发果园
CARS-33-46-03"
示范园/2021年荔枝龙眼产业技术体系示范园-海口站（20210825）.doc,1,4,2,25
示范园/2021年荔枝龙眼产业技术体系示范园-海口站（20210825）.doc,1,4,3,1995年
示范园/2021年荔枝龙眼产业技术体系示范园-海口站（20210825）.doc,1,4,4,"2013间伐
2014重回缩"
示范园/2021年荔枝龙眼产业技术体系示范园-海口站（20210825）.doc,1,4,5,妃子笑
示范园/2021年荔枝龙眼产业技术体系示范园-海口站（20210825）.doc,1,4,6,550
示范园/2021年荔枝龙眼产业技术体系示范园-海口站（20210825）.doc,1,4,7,4×6
示范园/2021年荔枝龙眼产业技术体系示范园-海口站（20210825）.doc,1,4,8,洪世聪
示范园/2021年荔枝龙眼产业技术体系示范园-海口站（20210825）.doc,1,4,9,"N 19° 45' 30.91""
E 110° 12' 13.96"""
示范园/2021年荔枝龙眼产业技术体系示范园-海口站（20210825）.doc,1,5,1,"坤平果园
CARS-33-46-04"
示范园/2021年荔枝龙眼产业技术体系示范园-海口站（20210825）.doc,1,5,2,50
示范园/2021年荔枝龙眼产业技术体系示范园-海口站（20210825）.doc,1,5,3,2002年
示范园/2021年荔枝龙眼产业技术体系示范园-海口站（20210825）.doc,1,5,4,2015间伐
示范园/2021年荔枝龙眼产业技术体系示范园-海口站（20210825）.doc,1,5,5,妃子笑
示范园/2021年荔枝龙眼产业技术体系示范园-海口站（20210825）.doc,1,5,6,1250
示范园/2021年荔枝龙眼产业技术体系示范园-海口站（20210825）.doc,1,5,7,6×4.5
示范园/2021年荔枝龙眼产业技术体系示范园-海口站（20210825）.doc,1,5,8,吴坤平
示范园/2021年荔枝龙眼产业技术体系示范园-海口站（20210825）.doc,1,5,9,"N 19° 27′ 11.83""
E 110° 19' 42.84"""
示范园/2021年荔枝龙眼产业技术体系示范园-海口站（20210825）.doc,1,6,1,"兴起果园
CARS-33-46-05"
示范园/2021年荔枝龙眼产业技术体系示范园-海口站（20210825）.doc,1,6,2,50
示范园/2021年荔枝龙眼产业技术体系示范园-海口站（20210825）.doc,1,6,3,1997年
示范园/2021年荔枝龙眼产业技术体系示范园-海口站（20210825）.doc,1,6,4,2018重回缩
示范园/2021年荔枝龙眼产业技术体系示范园-海口站（20210825）.doc,1,6,5,妃子笑
示范园/2021年荔枝龙眼产业技术体系示范园-海口站（20210825）.doc,1,6,6,1100
示范园/2021年荔枝龙眼产业技术体系示范园-海口站（20210825）.doc,1,6,7,5×6
示范园/2021年荔枝龙眼产业技术体系示范园-海口站（20210825）.doc,1,6,8,王海新
示范园/2021年荔枝龙眼产业技术体系示范园-海口站（20210825）.doc,1,6,9,"N 19° 10' 27.53""
E 110° 26' 54.70"""
示范园/2021年荔枝龙眼产业技术体系示范园-海口站（20210825）.doc,1,7,1,"鲁宏果园
CARS-33-46-06"
示范园/2021年荔枝龙眼产业技术体系示范园-海口站（20210825）.doc,1,7,2,300
示范园/2021年荔枝龙眼产业技术体系示范园-海口站（20210825）.doc,1,7,3,1999年
示范园/2021年荔枝龙眼产业技术体系示范园-海口站（20210825）.doc,1,7,4,2012间伐
示范园/2021年荔枝龙眼产业技术体系示范园-海口站（20210825）.doc,1,7,5,妃子笑
示范园/2021年荔枝龙眼产业技术体系示范园-海口站（20210825）.doc,1,7,6,5000
示范园/2021年荔枝龙眼产业技术体系示范园-海口站（20210825）.doc,1,7,7,5×8
示范园/2021年荔枝龙眼产业技术体系示范园-海口站（20210825）.doc,1,7,8,周军峰
示范园/2021年荔枝龙眼产业技术体系示范园-海口站（20210825）.doc,1,7,9,"N18° 36' 34.77""
E109° 56' 32.26"""
示范园/2021年荔枝龙眼产业技术体系示范园-海口站（20210825）.doc,2,1,1,示范果园
示范园/2021年荔枝龙眼产业技术体系示范园-海口站（20210825）.doc,2,1,2,果园坡度（°）
示范园/2021年荔枝龙眼产业技术体系示范园-海口站（20210825）.doc,2,1,3,土壤类型
示范园/2021年荔枝龙眼产业技术体系示范园-海口站（20210825）.doc,2,1,4,灌溉方式
示范园/2021年荔枝龙眼产业技术体系示范园-海口站（20210825）.doc,2,1,5,年份
示范园/2021年荔枝龙眼产业技术体系示范园-海口站（20210825）.doc,2,1,6,"株产
（公斤）"
示范园/2021年荔枝龙眼产业技术体系示范园-海口站（20210825）.doc,2,1,7,"售价
（元/公斤）"
示范园/2021年荔枝龙眼产业技术体系示范园-海口站（20210825）.doc,2,1,8,成花率（%）
示范园/2021年荔枝龙眼产业技术体系示范园-海口站（20210825）.doc,2,1,9,"收益
（万元）"
示范园/2021年荔枝龙眼产业技术体系示范园-海口站（20210825）.doc,2,2,1,办内果园
示范园/2021年荔枝龙眼产业技术体系示范园-海口站（20210825）.doc,2,2,2,0～5
示范园/2021年荔枝龙眼产业技术体系示范园-海口站（20210825）.doc,2,2,3,红壤土
示范园/2021年荔枝龙眼产业技术体系示范园-海口站（20210825）.doc,2,2,4,微喷灌
示范园/2021年荔枝龙眼产业技术体系示范园-海口站（20210825）.doc,2,2,5,2017
示范园/2021年荔枝龙眼产业技术体系示范园-海口站（20210825）.doc,2,2,6,30.62
示范园/2021年荔枝龙眼产业技术体系示范园-海口站（20210825）.doc,2,2,7,8.60
示范园/2021年荔枝龙眼产业技术体系示范园-海口站（20210825）.doc,2,2,8,90
示范园/2021年荔枝龙眼产业技术体系示范园-海口站（20210825）.doc,2,2,9,69.01
示范园/2021年荔枝龙眼产业技术体系示范园-海口站（20210825）.doc,2,3,5,2018
示范园/2021年荔枝龙眼产业技术体系示范园-海口站（20210825）.doc,2,3,6,30.32
示范园/2021年荔枝龙眼产业技术体系示范园-海口站（20210825）.doc,2,3,7,7.50
示范园/2021年荔枝龙眼产业技术体系示范园-海口站（20210825）.doc,2,3,8,99
示范园/2021年荔枝龙眼产业技术体系示范园-海口站（20210825）.doc,2,3,9,51.24
示范园/2021年荔枝龙眼产业技术体系示范园-海口站（20210825）.doc,2,4,5,2019
示范园/2021年荔枝龙眼产业技术体系示范园-海口站（20210825）.doc,2,4,6,31.07
示范园/2021年荔枝龙眼产业技术体系示范园-海口站（20210825）.doc,2,4,7,12.60
示范园/2021年荔枝龙眼产业技术体系示范园-海口站（20210825）.doc,2,4,8,92
示范园/2021年荔枝龙眼产业技术体系示范园-海口站（20210825）.doc,2,4,9,109.07
示范园/2021年荔枝龙眼产业技术体系示范园-海口站（20210825）.doc,2,5,5,2020
示范园/2021年荔枝龙眼产业技术体系示范园-海口站（20210825）.doc,2,5,6,28.60
示范园/2021年荔枝龙眼产业技术体系示范园-海口站（20210825）.doc,2,5,7,11.60
示范园/2021年荔枝龙眼产业技术体系示范园-海口站（20210825）.doc,2,5,8,95
示范园/2021年荔枝龙眼产业技术体系示范园-海口站（20210825）.doc,2,5,9,80.04
示范园/2021年荔枝龙眼产业技术体系示范园-海口站（20210825）.doc,2,6,5,2021
示范园/2021年荔枝龙眼产业技术体系示范园-海口站（20210825）.doc,2,6,6,30.50
示范园/2021年荔枝龙眼产业技术体系示范园-海口站（20210825）.doc,2,6,7,8.00
示范园/2021年荔枝龙眼产业技术体系示范园-海口站（20210825）.doc,2,6,8,100
示范园/2021年荔枝龙眼产业技术体系示范园-海口站（20210825）.doc,2,6,9,48.80
示范园/2021年荔枝龙眼产业技术体系示范园-海口站（20210825）.doc,2,7,1,红明农场
示范园/2021年荔枝龙眼产业技术体系示范园-海口站（20210825）.doc,2,7,2,15～30
示范园/2021年荔枝龙眼产业技术体系示范园-海口站（20210825）.doc,2,7,3,红壤土
示范园/2021年荔枝龙眼产业技术体系示范园-海口站（20210825）.doc,2,7,4,管道淋灌
示范园/2021年荔枝龙眼产业技术体系示范园-海口站（20210825）.doc,2,7,5,2017
示范园/2021年荔枝龙眼产业技术体系示范园-海口站（20210825）.doc,2,7,6,65.67
示范园/2021年荔枝龙眼产业技术体系示范园-海口站（20210825）.doc,2,7,7,11.0
示范园/2021年荔枝龙眼产业技术体系示范园-海口站（20210825）.doc,2,7,8,60
示范园/2021年荔枝龙眼产业技术体系示范园-海口站（20210825）.doc,2,7,9,54.39
示范园/2021年荔枝龙眼产业技术体系示范园-海口站（20210825）.doc,2,8,5,2018
示范园/2021年荔枝龙眼产业技术体系示范园-海口站（20210825）.doc,2,8,6,35.46
示范园/2021年荔枝龙眼产业技术体系示范园-海口站（20210825）.doc,2,8,7,5.50
示范园/2021年荔枝龙眼产业技术体系示范园-海口站（20210825）.doc,2,8,8,100
示范园/2021年荔枝龙眼产业技术体系示范园-海口站（20210825）.doc,2,8,9,19.22
示范园/2021年荔枝龙眼产业技术体系示范园-海口站（20210825）.doc,2,9,5,2019
示范园/2021年荔枝龙眼产业技术体系示范园-海口站（20210825）.doc,2,9,6,28.54
示范园/2021年荔枝龙眼产业技术体系示范园-海口站（20210825）.doc,2,9,7,10.80
示范园/2021年荔枝龙眼产业技术体系示范园-海口站（20210825）.doc,2,9,8,60
示范园/2021年荔枝龙眼产业技术体系示范园-海口站（20210825）.doc,2,9,9,37.75
示范园/2021年荔枝龙眼产业技术体系示范园-海口站（20210825）.doc,2,10,5,2020
示范园/2021年荔枝龙眼产业技术体系示范园-海口站（20210825）.doc,2,10,6,34.53
示范园/2021年荔枝龙眼产业技术体系示范园-海口站（20210825）.doc,2,10,7,11.90
示范园/2021年荔枝龙眼产业技术体系示范园-海口站（20210825）.doc,2,10,8,100
示范园/2021年荔枝龙眼产业技术体系示范园-海口站（20210825）.doc,2,10,9,29.53
示范园/2021年荔枝龙眼产业技术体系示范园-海口站（20210825）.doc,2,11,5,2021
示范园/2021年荔枝龙眼产业技术体系示范园-海口站（20210825）.doc,2,11,6,66.20
示范园/2021年荔枝龙眼产业技术体系示范园-海口站（20210825）.doc,2,11,7,9.00
示范园/2021年荔枝龙眼产业技术体系示范园-海口站（20210825）.doc,2,11,8,100
示范园/2021年荔枝龙眼产业技术体系示范园-海口站（20210825）.doc,2,11,9,14.45
示范园/2021年荔枝龙眼产业技术体系示范园-海口站（20210825）.doc,2,12,1,永发果园
示范园/2021年荔枝龙眼产业技术体系示范园-海口站（20210825）.doc,2,12,2,0～5
示范园/2021年荔枝龙眼产业技术体系示范园-海口站（20210825）.doc,2,12,3,红壤土
示范园/2021年荔枝龙眼产业技术体系示范园-海口站（20210825）.doc,2,12,4,微喷灌
示范园/2021年荔枝龙眼产业技术体系示范园-海口站（20210825）.doc,2,12,5,2017
示范园/2021年荔枝龙眼产业技术体系示范园-海口站（20210825）.doc,2,12,6,28.47
示范园/2021年荔枝龙眼产业技术体系示范园-海口站（20210825）.doc,2,12,7,8.8
示范园/2021年荔枝龙眼产业技术体系示范园-海口站（20210825）.doc,2,12,8,90
示范园/2021年荔枝龙眼产业技术体系示范园-海口站（20210825）.doc,2,12,9,3.88
示范园/2021年荔枝龙眼产业技术体系示范园-海口站（20210825）.doc,2,13,5,2018
示范园/2021年荔枝龙眼产业技术体系示范园-海口站（20210825）.doc,2,13,6,30.55
示范园/2021年荔枝龙眼产业技术体系示范园-海口站（20210825）.doc,2,13,7,6.5
示范园/2021年荔枝龙眼产业技术体系示范园-海口站（20210825）.doc,2,13,8,100
示范园/2021年荔枝龙眼产业技术体系示范园-海口站（20210825）.doc,2,13,9,0.92
示范园/2021年荔枝龙眼产业技术体系示范园-海口站（20210825）.doc,2,14,5,2019
示范园/2021年荔枝龙眼产业技术体系示范园-海口站（20210825）.doc,2,14,6,"33.72
"
示范园/2021年荔枝龙眼产业技术体系示范园-海口站（20210825）.doc,2,14,7,9.0
示范园/2021年荔枝龙眼产业技术体系示范园-海口站（20210825）.doc,2,14,8,98
示范园/2021年荔枝龙眼产业技术体系示范园-海口站（20210825）.doc,2,14,9,6.69
示范园/2021年荔枝龙眼产业技术体系示范园-海口站（20210825）.doc,2,15,5,2020
示范园/2021年荔枝龙眼产业技术体系示范园-海口站（20210825）.doc,2,15,6,30.60
示范园/2021年荔枝龙眼产业技术体系示范园-海口站（20210825）.doc,2,15,7,11.00
示范园/2021年荔枝龙眼产业技术体系示范园-海口站（20210825）.doc,2,15,8,100
示范园/2021年荔枝龙眼产业技术体系示范园-海口站（20210825）.doc,2,15,9,5.50
示范园/2021年荔枝龙眼产业技术体系示范园-海口站（20210825）.doc,2,16,5,2021
示范园/2021年荔枝龙眼产业技术体系示范园-海口站（20210825）.doc,2,16,6,25.80
示范园/2021年荔枝龙眼产业技术体系示范园-海口站（20210825）.doc,2,16,7,7.60
示范园/2021年荔枝龙眼产业技术体系示范园-海口站（20210825）.doc,2,16,8,100
示范园/2021年荔枝龙眼产业技术体系示范园-海口站（20210825）.doc,2,16,9,3.23
示范园/2021年荔枝龙眼产业技术体系示范园-海口站（20210825）.doc,2,17,1,坤平果园
示范园/2021年荔枝龙眼产业技术体系示范园-海口站（20210825）.doc,2,17,2,0
示范园/2021年荔枝龙眼产业技术体系示范园-海口站（20210825）.doc,2,17,3,红壤土
示范园/2021年荔枝龙眼产业技术体系示范园-海口站（20210825）.doc,2,17,4,喷灌
示范园/2021年荔枝龙眼产业技术体系示范园-海口站（20210825）.doc,2,17,5,2017
示范园/2021年荔枝龙眼产业技术体系示范园-海口站（20210825）.doc,2,17,6,23.13
示范园/2021年荔枝龙眼产业技术体系示范园-海口站（20210825）.doc,2,17,7,9.80
示范园/2021年荔枝龙眼产业技术体系示范园-海口站（20210825）.doc,2,17,8,90
示范园/2021年荔枝龙眼产业技术体系示范园-海口站（20210825）.doc,2,17,9,12.78
示范园/2021年荔枝龙眼产业技术体系示范园-海口站（20210825）.doc,2,18,5,2018
示范园/2021年荔枝龙眼产业技术体系示范园-海口站（20210825）.doc,2,18,6,34.58
示范园/2021年荔枝龙眼产业技术体系示范园-海口站（20210825）.doc,2,18,7,7.2
示范园/2021年荔枝龙眼产业技术体系示范园-海口站（20210825）.doc,2,18,8,100
示范园/2021年荔枝龙眼产业技术体系示范园-海口站（20210825）.doc,2,18,9,3.50
示范园/2021年荔枝龙眼产业技术体系示范园-海口站（20210825）.doc,2,19,5,2019
示范园/2021年荔枝龙眼产业技术体系示范园-海口站（20210825）.doc,2,19,6,36.26
示范园/2021年荔枝龙眼产业技术体系示范园-海口站（20210825）.doc,2,19,7,11.0
示范园/2021年荔枝龙眼产业技术体系示范园-海口站（20210825）.doc,2,19,8,99
示范园/2021年荔枝龙眼产业技术体系示范园-海口站（20210825）.doc,2,19,9,31.81
示范园/2021年荔枝龙眼产业技术体系示范园-海口站（20210825）.doc,2,20,5,2020
示范园/2021年荔枝龙眼产业技术体系示范园-海口站（20210825）.doc,2,20,6,32.20
示范园/2021年荔枝龙眼产业技术体系示范园-海口站（20210825）.doc,2,20,7,11.00
示范园/2021年荔枝龙眼产业技术体系示范园-海口站（20210825）.doc,2,20,8,99
示范园/2021年荔枝龙眼产业技术体系示范园-海口站（20210825）.doc,2,20,9,20.63
示范园/2021年荔枝龙眼产业技术体系示范园-海口站（20210825）.doc,2,21,5,2021
示范园/2021年荔枝龙眼产业技术体系示范园-海口站（20210825）.doc,2,21,6,30.85
示范园/2021年荔枝龙眼产业技术体系示范园-海口站（20210825）.doc,2,21,7,8.00
示范园/2021年荔枝龙眼产业技术体系示范园-海口站（20210825）.doc,2,21,8,100
示范园/2021年荔枝龙眼产业技术体系示范园-海口站（20210825）.doc,2,21,9,9.26
示范园/2021年荔枝龙眼产业技术体系示范园-海口站（20210825）.doc,2,22,1,兴起果园
示范园/2021年荔枝龙眼产业技术体系示范园-海口站（20210825）.doc,2,22,2,0～5
示范园/2021年荔枝龙眼产业技术体系示范园-海口站（20210825）.doc,2,22,3,砂壤土
示范园/2021年荔枝龙眼产业技术体系示范园-海口站（20210825）.doc,2,22,4,喷灌
示范园/2021年荔枝龙眼产业技术体系示范园-海口站（20210825）.doc,2,22,5,2017
示范园/2021年荔枝龙眼产业技术体系示范园-海口站（20210825）.doc,2,22,6,37.89
示范园/2021年荔枝龙眼产业技术体系示范园-海口站（20210825）.doc,2,22,7,9.84
示范园/2021年荔枝龙眼产业技术体系示范园-海口站（20210825）.doc,2,22,8,85
示范园/2021年荔枝龙眼产业技术体系示范园-海口站（20210825）.doc,2,22,9,34.01
示范园/2021年荔枝龙眼产业技术体系示范园-海口站（20210825）.doc,2,23,5,2018
示范园/2021年荔枝龙眼产业技术体系示范园-海口站（20210825）.doc,2,23,6,48.33
示范园/2021年荔枝龙眼产业技术体系示范园-海口站（20210825）.doc,2,23,7,6.80
示范园/2021年荔枝龙眼产业技术体系示范园-海口站（20210825）.doc,2,23,8,100
示范园/2021年荔枝龙眼产业技术体系示范园-海口站（20210825）.doc,2,23,9,12.08
示范园/2021年荔枝龙眼产业技术体系示范园-海口站（20210825）.doc,2,24,5,2019
示范园/2021年荔枝龙眼产业技术体系示范园-海口站（20210825）.doc,2,24,6,58.49
示范园/2021年荔枝龙眼产业技术体系示范园-海口站（20210825）.doc,2,24,7,10.80
示范园/2021年荔枝龙眼产业技术体系示范园-海口站（20210825）.doc,2,24,8,99
示范园/2021年荔枝龙眼产业技术体系示范园-海口站（20210825）.doc,2,24,9,47.54
示范园/2021年荔枝龙眼产业技术体系示范园-海口站（20210825）.doc,2,25,5,2020
示范园/2021年荔枝龙眼产业技术体系示范园-海口站（20210825）.doc,2,25,6,43.32
示范园/2021年荔枝龙眼产业技术体系示范园-海口站（20210825）.doc,2,25,7,11.00
示范园/2021年荔枝龙眼产业技术体系示范园-海口站（20210825）.doc,2,25,8,99
示范园/2021年荔枝龙眼产业技术体系示范园-海口站（20210825）.doc,2,25,9,32.60
示范园/2021年荔枝龙眼产业技术体系示范园-海口站（20210825）.doc,2,26,5,2021
示范园/2021年荔枝龙眼产业技术体系示范园-海口站（20210825）.doc,2,26,6,40.20
示范园/2021年荔枝龙眼产业技术体系示范园-海口站（20210825）.doc,2,26,7,9.00
示范园/2021年荔枝龙眼产业技术体系示范园-海口站（20210825）.doc,2,26,8,100
示范园/2021年荔枝龙眼产业技术体系示范园-海口站（20210825）.doc,2,26,9,11.94
示范园/2021年荔枝龙眼产业技术体系示范园-海口站（20210825）.doc,2,27,1,鲁宏果园
示范园/2021年荔枝龙眼产业技术体系示范园-海口站（20210825）.doc,2,27,2,10～15
示范园/2021年荔枝龙眼产业技术体系示范园-海口站（20210825）.doc,2,27,3,砂壤土
示范园/2021年荔枝龙眼产业技术体系示范园-海口站（20210825）.doc,2,27,4,喷灌
示范园/2021年荔枝龙眼产业技术体系示范园-海口站（20210825）.doc,2,27,5,2017
示范园/2021年荔枝龙眼产业技术体系示范园-海口站（20210825）.doc,2,27,6,45.34
示范园/2021年荔枝龙眼产业技术体系示范园-海口站（20210825）.doc,2,27,7,13.90
示范园/2021年荔枝龙眼产业技术体系示范园-海口站（20210825）.doc,2,27,8,80
示范园/2021年荔枝龙眼产业技术体系示范园-海口站（20210825）.doc,2,27,9,183.12
示范园/2021年荔枝龙眼产业技术体系示范园-海口站（20210825）.doc,2,28,5,2018
示范园/2021年荔枝龙眼产业技术体系示范园-海口站（20210825）.doc,2,28,6,48.08
示范园/2021年荔枝龙眼产业技术体系示范园-海口站（20210825）.doc,2,28,7,10.50
示范园/2021年荔枝龙眼产业技术体系示范园-海口站（20210825）.doc,2,28,8,90
示范园/2021年荔枝龙眼产业技术体系示范园-海口站（20210825）.doc,2,28,9,116.82
示范园/2021年荔枝龙眼产业技术体系示范园-海口站（20210825）.doc,2,29,5,2019
示范园/2021年荔枝龙眼产业技术体系示范园-海口站（20210825）.doc,2,29,6,43.17
示范园/2021年荔枝龙眼产业技术体系示范园-海口站（20210825）.doc,2,29,7,14.50
示范园/2021年荔枝龙眼产业技术体系示范园-海口站（20210825）.doc,2,29,8,87
示范园/2021年荔枝龙眼产业技术体系示范园-海口站（20210825）.doc,2,29,9,209.81
示范园/2021年荔枝龙眼产业技术体系示范园-海口站（20210825）.doc,2,30,5,2020
示范园/2021年荔枝龙眼产业技术体系示范园-海口站（20210825）.doc,2,30,6,50.80
示范园/2021年荔枝龙眼产业技术体系示范园-海口站（20210825）.doc,2,30,7,18.00
示范园/2021年荔枝龙眼产业技术体系示范园-海口站（20210825）.doc,2,30,8,95
示范园/2021年荔枝龙眼产业技术体系示范园-海口站（20210825）.doc,2,30,9,246.55
示范园/2021年荔枝龙眼产业技术体系示范园-海口站（20210825）.doc,2,31,5,2021
示范园/2021年荔枝龙眼产业技术体系示范园-海口站（20210825）.doc,2,31,6,48.50
示范园/2021年荔枝龙眼产业技术体系示范园-海口站（20210825）.doc,2,31,7,15.00
示范园/2021年荔枝龙眼产业技术体系示范园-海口站（20210825）.doc,2,31,8,95
示范园/2021年荔枝龙眼产业技术体系示范园-海口站（20210825）.doc,2,31,9,163.75
示范园/2021年荔枝龙眼产业技术体系示范园-海口站（20210825）.doc,3,1,1,示范园
示范园/2021年荔枝龙眼产业技术体系示范园-海口站（20210825）.doc,3,1,2,品种
示范园/2021年荔枝龙眼产业技术体系示范园-海口站（20210825）.doc,3,1,3,面积（株）
示范园/2021年荔枝龙眼产业技术体系示范园-海口站（20210825）.doc,3,1,4,秋梢老熟期
示范园/2021年荔枝龙眼产业技术体系示范园-海口站（20210825）.doc,3,1,5,露白点期
示范园/2021年荔枝龙眼产业技术体系示范园-海口站（20210825）.doc,3,1,6,抽穗期
示范园/2021年荔枝龙眼产业技术体系示范园-海口站（20210825）.doc,3,1,7,初花期
示范园/2021年荔枝龙眼产业技术体系示范园-海口站（20210825）.doc,3,1,8,盛花期
示范园/2021年荔枝龙眼产业技术体系示范园-海口站（20210825）.doc,3,1,9,谢花期
示范园/2021年荔枝龙眼产业技术体系示范园-海口站（20210825）.doc,3,1,10,初始坐果期
示范园/2021年荔枝龙眼产业技术体系示范园-海口站（20210825）.doc,3,1,11,第1次生理落果期
示范园/2021年荔枝龙眼产业技术体系示范园-海口站（20210825）.doc,3,1,12,第2次生理落果期
示范园/2021年荔枝龙眼产业技术体系示范园-海口站（20210825）.doc,3,1,13,采前落果期
示范园/2021年荔枝龙眼产业技术体系示范园-海口站（20210825）.doc,3,1,14,果实着色期
示范园/2021年荔枝龙眼产业技术体系示范园-海口站（20210825）.doc,3,1,15,果实成熟期
示范园/2021年荔枝龙眼产业技术体系示范园-海口站（20210825）.doc,3,2,1,办内果园
示范园/2021年荔枝龙眼产业技术体系示范园-海口站（20210825）.doc,3,2,2,妃子笑
示范园/2021年荔枝龙眼产业技术体系示范园-海口站（20210825）.doc,3,2,3,"120
（4000）"
示范园/2021年荔枝龙眼产业技术体系示范园-海口站（20210825）.doc,3,2,4,9-25
示范园/2021年荔枝龙眼产业技术体系示范园-海口站（20210825）.doc,3,2,5,12-25
示范园/2021年荔枝龙眼产业技术体系示范园-海口站（20210825）.doc,3,2,6,1-20
示范园/2021年荔枝龙眼产业技术体系示范园-海口站（20210825）.doc,3,2,7,3-1
示范园/2021年荔枝龙眼产业技术体系示范园-海口站（20210825）.doc,3,2,8,3-10
示范园/2021年荔枝龙眼产业技术体系示范园-海口站（20210825）.doc,3,2,9,3-15
示范园/2021年荔枝龙眼产业技术体系示范园-海口站（20210825）.doc,3,2,10,3-15
示范园/2021年荔枝龙眼产业技术体系示范园-海口站（20210825）.doc,3,2,11,3-21
示范园/2021年荔枝龙眼产业技术体系示范园-海口站（20210825）.doc,3,2,12,4-3
示范园/2021年荔枝龙眼产业技术体系示范园-海口站（20210825）.doc,3,2,13,——
示范园/2021年荔枝龙眼产业技术体系示范园-海口站（20210825）.doc,3,2,14,4-28
示范园/2021年荔枝龙眼产业技术体系示范园-海口站（20210825）.doc,3,2,15,5-8
示范园/2021年荔枝龙眼产业技术体系示范园-海口站（20210825）.doc,3,3,1,红明农场
示范园/2021年荔枝龙眼产业技术体系示范园-海口站（20210825）.doc,3,3,2,白糖罂
示范园/2021年荔枝龙眼产业技术体系示范园-海口站（20210825）.doc,3,3,3,"70
（970）"
示范园/2021年荔枝龙眼产业技术体系示范园-海口站（20210825）.doc,3,3,4,10-18
示范园/2021年荔枝龙眼产业技术体系示范园-海口站（20210825）.doc,3,3,5,12-28
示范园/2021年荔枝龙眼产业技术体系示范园-海口站（20210825）.doc,3,3,6,1-25
示范园/2021年荔枝龙眼产业技术体系示范园-海口站（20210825）.doc,3,3,7,2-19
示范园/2021年荔枝龙眼产业技术体系示范园-海口站（20210825）.doc,3,3,8,3-5
示范园/2021年荔枝龙眼产业技术体系示范园-海口站（20210825）.doc,3,3,9,3-12
示范园/2021年荔枝龙眼产业技术体系示范园-海口站（20210825）.doc,3,3,10,3-15
示范园/2021年荔枝龙眼产业技术体系示范园-海口站（20210825）.doc,3,3,11,3-30
示范园/2021年荔枝龙眼产业技术体系示范园-海口站（20210825）.doc,3,3,12,4-7
示范园/2021年荔枝龙眼产业技术体系示范园-海口站（20210825）.doc,3,3,13,——
示范园/2021年荔枝龙眼产业技术体系示范园-海口站（20210825）.doc,3,3,14,4-25
示范园/2021年荔枝龙眼产业技术体系示范园-海口站（20210825）.doc,3,3,15,5-6
示范园/2021年荔枝龙眼产业技术体系示范园-海口站（20210825）.doc,3,4,1,永发果园
示范园/2021年荔枝龙眼产业技术体系示范园-海口站（20210825）.doc,3,4,2,妃子笑
示范园/2021年荔枝龙眼产业技术体系示范园-海口站（20210825）.doc,3,4,3,"25
（550）"
示范园/2021年荔枝龙眼产业技术体系示范园-海口站（20210825）.doc,3,4,4,9-20
示范园/2021年荔枝龙眼产业技术体系示范园-海口站（20210825）.doc,3,4,5,12-28
示范园/2021年荔枝龙眼产业技术体系示范园-海口站（20210825）.doc,3,4,6,1-8
示范园/2021年荔枝龙眼产业技术体系示范园-海口站（20210825）.doc,3,4,7,2-18
示范园/2021年荔枝龙眼产业技术体系示范园-海口站（20210825）.doc,3,4,8,2-28
示范园/2021年荔枝龙眼产业技术体系示范园-海口站（20210825）.doc,3,4,9,3-8
示范园/2021年荔枝龙眼产业技术体系示范园-海口站（20210825）.doc,3,4,10,3-1
示范园/2021年荔枝龙眼产业技术体系示范园-海口站（20210825）.doc,3,4,11,3-26
示范园/2021年荔枝龙眼产业技术体系示范园-海口站（20210825）.doc,3,4,12,4-2
示范园/2021年荔枝龙眼产业技术体系示范园-海口站（20210825）.doc,3,4,13,——
示范园/2021年荔枝龙眼产业技术体系示范园-海口站（20210825）.doc,3,4,14,4-28
示范园/2021年荔枝龙眼产业技术体系示范园-海口站（20210825）.doc,3,4,15,5-10
示范园/2021年荔枝龙眼产业技术体系示范园-海口站（20210825）.doc,3,5,1,坤平果园
示范园/2021年荔枝龙眼产业技术体系示范园-海口站（20210825）.doc,3,5,2,妃子笑
示范园/2021年荔枝龙眼产业技术体系示范园-海口站（20210825）.doc,3,5,3,"50
（1250）"
示范园/2021年荔枝龙眼产业技术体系示范园-海口站（20210825）.doc,3,5,4,9-25
示范园/2021年荔枝龙眼产业技术体系示范园-海口站（20210825）.doc,3,5,5,12-28
示范园/2021年荔枝龙眼产业技术体系示范园-海口站（20210825）.doc,3,5,6,1-5
示范园/2021年荔枝龙眼产业技术体系示范园-海口站（20210825）.doc,3,5,7,2-16
示范园/2021年荔枝龙眼产业技术体系示范园-海口站（20210825）.doc,3,5,8,3-25
示范园/2021年荔枝龙眼产业技术体系示范园-海口站（20210825）.doc,3,5,9,3-5
示范园/2021年荔枝龙眼产业技术体系示范园-海口站（20210825）.doc,3,5,10,3-1
示范园/2021年荔枝龙眼产业技术体系示范园-海口站（20210825）.doc,3,5,11,3-22
示范园/2021年荔枝龙眼产业技术体系示范园-海口站（20210825）.doc,3,5,12,4-2
示范园/2021年荔枝龙眼产业技术体系示范园-海口站（20210825）.doc,3,5,13,——
示范园/2021年荔枝龙眼产业技术体系示范园-海口站（20210825）.doc,3,5,14,4-26
示范园/2021年荔枝龙眼产业技术体系示范园-海口站（20210825）.doc,3,5,15,5-10
示范园/2021年荔枝龙眼产业技术体系示范园-海口站（20210825）.doc,3,6,1,兴起果园
示范园/2021年荔枝龙眼产业技术体系示范园-海口站（20210825）.doc,3,6,2,妃子笑
示范园/2021年荔枝龙眼产业技术体系示范园-海口站（20210825）.doc,3,6,3,"50
（1100）"
示范园/2021年荔枝龙眼产业技术体系示范园-海口站（20210825）.doc,3,6,4,9-25
示范园/2021年荔枝龙眼产业技术体系示范园-海口站（20210825）.doc,3,6,5,12-28
示范园/2021年荔枝龙眼产业技术体系示范园-海口站（20210825）.doc,3,6,6,1-5
示范园/2021年荔枝龙眼产业技术体系示范园-海口站（20210825）.doc,3,6,7,2-15
示范园/2021年荔枝龙眼产业技术体系示范园-海口站（20210825）.doc,3,6,8,3-20
示范园/2021年荔枝龙眼产业技术体系示范园-海口站（20210825）.doc,3,6,9,3-5
示范园/2021年荔枝龙眼产业技术体系示范园-海口站（20210825）.doc,3,6,10,3-1
示范园/2021年荔枝龙眼产业技术体系示范园-海口站（20210825）.doc,3,6,11,3-20
示范园/2021年荔枝龙眼产业技术体系示范园-海口站（20210825）.doc,3,6,12,3-28
示范园/2021年荔枝龙眼产业技术体系示范园-海口站（20210825）.doc,3,6,13,——
示范园/2021年荔枝龙眼产业技术体系示范园-海口站（20210825）.doc,3,6,14,4-20
示范园/2021年荔枝龙眼产业技术体系示范园-海口站（20210825）.doc,3,6,15,5-5
示范园/2021年荔枝龙眼产业技术体系示范园-海口站（20210825）.doc,3,7,1,鲁宏果园
示范园/2021年荔枝龙眼产业技术体系示范园-海口站（20210825）.doc,3,7,2,妃子笑
示范园/2021年荔枝龙眼产业技术体系示范园-海口站（20210825）.doc,3,7,3,"300
（5000）"
示范园/2021年荔枝龙眼产业技术体系示范园-海口站（20210825）.doc,3,7,4,9-1
示范园/2021年荔枝龙眼产业技术体系示范园-海口站（20210825）.doc,3,7,5,12-20
示范园/2021年荔枝龙眼产业技术体系示范园-海口站（20210825）.doc,3,7,6,1-3
示范园/2021年荔枝龙眼产业技术体系示范园-海口站（20210825）.doc,3,7,7,2-1
示范园/2021年荔枝龙眼产业技术体系示范园-海口站（20210825）.doc,3,7,8,2-19
示范园/2021年荔枝龙眼产业技术体系示范园-海口站（20210825）.doc,3,7,9,3-2
示范园/2021年荔枝龙眼产业技术体系示范园-海口站（20210825）.doc,3,7,10,3-2
示范园/2021年荔枝龙眼产业技术体系示范园-海口站（20210825）.doc,3,7,11,3-15
示范园/2021年荔枝龙眼产业技术体系示范园-海口站（20210825）.doc,3,7,12,3-25
示范园/2021年荔枝龙眼产业技术体系示范园-海口站（20210825）.doc,3,7,13,——
示范园/2021年荔枝龙眼产业技术体系示范园-海口站（20210825）.doc,3,7,14,4-15
示范园/2021年荔枝龙眼产业技术体系示范园-海口站（20210825）.doc,3,7,15,5-1
示范园/2021年荔枝龙眼产业技术体系示范园-海口站（20210825）.doc,4,1,1,示范园
示范园/2021年荔枝龙眼产业技术体系示范园-海口站（20210825）.doc,4,1,2,品种
示范园/2021年荔枝龙眼产业技术体系示范园-海口站（20210825）.doc,4,1,3,测花类别
示范园/2021年荔枝龙眼产业技术体系示范园-海口站（20210825）.doc,4,1,4,测花株数
示范园/2021年荔枝龙眼产业技术体系示范园-海口站（20210825）.doc,4,1,5,比例/%
示范园/2021年荔枝龙眼产业技术体系示范园-海口站（20210825）.doc,4,1,6,成花率/%
示范园/2021年荔枝龙眼产业技术体系示范园-海口站（20210825）.doc,4,2,1,办内果园
示范园/2021年荔枝龙眼产业技术体系示范园-海口站（20210825）.doc,4,2,2,妃子笑
示范园/2021年荔枝龙眼产业技术体系示范园-海口站（20210825）.doc,4,2,3,A（75%-100%）
示范园/2021年荔枝龙眼产业技术体系示范园-海口站（20210825）.doc,4,2,4,200
示范园/2021年荔枝龙眼产业技术体系示范园-海口站（20210825）.doc,4,2,5,100
示范园/2021年荔枝龙眼产业技术体系示范园-海口站（20210825）.doc,4,2,6,100
示范园/2021年荔枝龙眼产业技术体系示范园-海口站（20210825）.doc,4,3,3,B（25%-75%）
示范园/2021年荔枝龙眼产业技术体系示范园-海口站（20210825）.doc,4,3,4,0
示范园/2021年荔枝龙眼产业技术体系示范园-海口站（20210825）.doc,4,3,5,0
示范园/2021年荔枝龙眼产业技术体系示范园-海口站（20210825）.doc,4,4,3,C（0-25%）
示范园/2021年荔枝龙眼产业技术体系示范园-海口站（20210825）.doc,4,4,4,0
示范园/2021年荔枝龙眼产业技术体系示范园-海口站（20210825）.doc,4,4,5,0
示范园/2021年荔枝龙眼产业技术体系示范园-海口站（20210825）.doc,4,5,1,红明农场
示范园/2021年荔枝龙眼产业技术体系示范园-海口站（20210825）.doc,4,5,2,白糖罂
示范园/2021年荔枝龙眼产业技术体系示范园-海口站（20210825）.doc,4,5,3,A（75%-100%）
示范园/2021年荔枝龙眼产业技术体系示范园-海口站（20210825）.doc,4,5,4,200
示范园/2021年荔枝龙眼产业技术体系示范园-海口站（20210825）.doc,4,5,5,100
示范园/2021年荔枝龙眼产业技术体系示范园-海口站（20210825）.doc,4,5,6,100
示范园/2021年荔枝龙眼产业技术体系示范园-海口站（20210825）.doc,4,6,3,B（25%-75%）
示范园/2021年荔枝龙眼产业技术体系示范园-海口站（20210825）.doc,4,6,4,0
示范园/2021年荔枝龙眼产业技术体系示范园-海口站（20210825）.doc,4,6,5,0
示范园/2021年荔枝龙眼产业技术体系示范园-海口站（20210825）.doc,4,7,3,C（0-25%）
示范园/2021年荔枝龙眼产业技术体系示范园-海口站（20210825）.doc,4,7,4,0
示范园/2021年荔枝龙眼产业技术体系示范园-海口站（20210825）.doc,4,7,5,0
示范园/2021年荔枝龙眼产业技术体系示范园-海口站（20210825）.doc,4,8,1,永发果园
示范园/2021年荔枝龙眼产业技术体系示范园-海口站（20210825）.doc,4,8,2,妃子笑
示范园/2021年荔枝龙眼产业技术体系示范园-海口站（20210825）.doc,4,8,3,A（75%-100%）
示范园/2021年荔枝龙眼产业技术体系示范园-海口站（20210825）.doc,4,8,4,200
示范园/2021年荔枝龙眼产业技术体系示范园-海口站（20210825）.doc,4,8,5,100
示范园/2021年荔枝龙眼产业技术体系示范园-海口站（20210825）.doc,4,8,6,100
示范园/2021年荔枝龙眼产业技术体系示范园-海口站（20210825）.doc,4,9,3,B（25%-75%）
示范园/2021年荔枝龙眼产业技术体系示范园-海口站（20210825）.doc,4,9,4,0
示范园/2021年荔枝龙眼产业技术体系示范园-海口站（20210825）.doc,4,9,5,0
示范园/2021年荔枝龙眼产业技术体系示范园-海口站（20210825）.doc,4,10,3,C（0-25%）
示范园/2021年荔枝龙眼产业技术体系示范园-海口站（20210825）.doc,4,10,4,0
示范园/2021年荔枝龙眼产业技术体系示范园-海口站（20210825）.doc,4,10,5,0
示范园/2021年荔枝龙眼产业技术体系示范园-海口站（20210825）.doc,4,11,2,白糖罂
示范园/2021年荔枝龙眼产业技术体系示范园-海口站（20210825）.doc,4,11,3,A（75%-100%）
示范园/2021年荔枝龙眼产业技术体系示范园-海口站（20210825）.doc,4,11,4,200
示范园/2021年荔枝龙眼产业技术体系示范园-海口站（20210825）.doc,4,11,5,100
示范园/2021年荔枝龙眼产业技术体系示范园-海口站（20210825）.doc,4,11,6,100
示范园/2021年荔枝龙眼产业技术体系示范园-海口站（20210825）.doc,4,12,3,B（25%-75%）
示范园/2021年荔枝龙眼产业技术体系示范园-海口站（20210825）.doc,4,12,4,0
示范园/2021年荔枝龙眼产业技术体系示范园-海口站（20210825）.doc,4,12,5,0
示范园/2021年荔枝龙眼产业技术体系示范园-海口站（20210825）.doc,4,13,3,C（0-25%）
示范园/2021年荔枝龙眼产业技术体系示范园-海口站（20210825）.doc,4,13,4,0
示范园/2021年荔枝龙眼产业技术体系示范园-海口站（20210825）.doc,4,13,5,0
示范园/2021年荔枝龙眼产业技术体系示范园-海口站（20210825）.doc,4,14,1,坤平果园
示范园/2021年荔枝龙眼产业技术体系示范园-海口站（20210825）.doc,4,14,2,妃子笑
示范园/2021年荔枝龙眼产业技术体系示范园-海口站（20210825）.doc,4,14,3,A（75%-100%）
示范园/2021年荔枝龙眼产业技术体系示范园-海口站（20210825）.doc,4,14,4,299
示范园/2021年荔枝龙眼产业技术体系示范园-海口站（20210825）.doc,4,14,5,100
示范园/2021年荔枝龙眼产业技术体系示范园-海口站（20210825）.doc,4,14,6,100
示范园/2021年荔枝龙眼产业技术体系示范园-海口站（20210825）.doc,4,15,3,B（25%-75%）
示范园/2021年荔枝龙眼产业技术体系示范园-海口站（20210825）.doc,4,15,4,0
示范园/2021年荔枝龙眼产业技术体系示范园-海口站（20210825）.doc,4,15,5,0
示范园/2021年荔枝龙眼产业技术体系示范园-海口站（20210825）.doc,4,16,3,C（0-25%）
示范园/2021年荔枝龙眼产业技术体系示范园-海口站（20210825）.doc,4,16,4,0
示范园/2021年荔枝龙眼产业技术体系示范园-海口站（20210825）.doc,4,16,5,0
示范园/2021年荔枝龙眼产业技术体系示范园-海口站（20210825）.doc,4,17,1,兴起果园
示范园/2021年荔枝龙眼产业技术体系示范园-海口站（20210825）.doc,4,17,2,妃子笑
示范园/2021年荔枝龙眼产业技术体系示范园-海口站（20210825）.doc,4,17,3,A（75%-100%）
示范园/2021年荔枝龙眼产业技术体系示范园-海口站（20210825）.doc,4,17,4,200
示范园/2021年荔枝龙眼产业技术体系示范园-海口站（20210825）.doc,4,17,5,100
示范园/2021年荔枝龙眼产业技术体系示范园-海口站（20210825）.doc,4,17,6,100
示范园/2021年荔枝龙眼产业技术体系示范园-海口站（20210825）.doc,4,18,3,B（25%-75%）
示范园/2021年荔枝龙眼产业技术体系示范园-海口站（20210825）.doc,4,18,4,0
示范园/2021年荔枝龙眼产业技术体系示范园-海口站（20210825）.doc,4,18,5,0
示范园/2021年荔枝龙眼产业技术体系示范园-海口站（20210825）.doc,4,19,3,C（0-25%）
示范园/2021年荔枝龙眼产业技术体系示范园-海口站（20210825）.doc,4,19,4,0
示范园/2021年荔枝龙眼产业技术体系示范园-海口站（20210825）.doc,4,19,5,0
示范园/2021年荔枝龙眼产业技术体系示范园-海口站（20210825）.doc,4,20,1,鲁宏果园
示范园/2021年荔枝龙眼产业技术体系示范园-海口站（20210825）.doc,4,20,2,妃子笑
示范园/2021年荔枝龙眼产业技术体系示范园-海口站（20210825）.doc,4,20,3,A（75%-100%）
示范园/2021年荔枝龙眼产业技术体系示范园-海口站（20210825）.doc,4,20,4,190
示范园/2021年荔枝龙眼产业技术体系示范园-海口站（20210825）.doc,4,20,5,95
示范园/2021年荔枝龙眼产业技术体系示范园-海口站（20210825）.doc,4,20,6,95
示范园/2021年荔枝龙眼产业技术体系示范园-海口站（20210825）.doc,4,21,3,B（25%-75%）
示范园/2021年荔枝龙眼产业技术体系示范园-海口站（20210825）.doc,4,21,4,10
示范园/2021年荔枝龙眼产业技术体系示范园-海口站（20210825）.doc,4,21,5,5
示范园/2021年荔枝龙眼产业技术体系示范园-海口站（20210825）.doc,4,22,3,C（0-25%）
示范园/2021年荔枝龙眼产业技术体系示范园-海口站（20210825）.doc,4,22,4,0
示范园/2021年荔枝龙眼产业技术体系示范园-海口站（20210825）.doc,4,22,5,0
示范园/2021年荔枝龙眼产业技术体系示范园-海口站（20210825）.doc,5,1,1,示范园
示范园/2021年荔枝龙眼产业技术体系示范园-海口站（20210825）.doc,5,1,2,植株类别
示范园/2021年荔枝龙眼产业技术体系示范园-海口站（20210825）.doc,5,1,3,株数
示范园/2021年荔枝龙眼产业技术体系示范园-海口站（20210825）.doc,5,1,4,单株产量（公斤）
示范园/2021年荔枝龙眼产业技术体系示范园-海口站（20210825）.doc,5,1,5,单果重（g）
示范园/2021年荔枝龙眼产业技术体系示范园-海口站（20210825）.doc,5,1,6,病虫果率（%）
示范园/2021年荔枝龙眼产业技术体系示范园-海口站（20210825）.doc,5,1,7,平均株产（公斤）
示范园/2021年荔枝龙眼产业技术体系示范园-海口站（20210825）.doc,5,1,8,平均亩产（公斤/亩）
示范园/2021年荔枝龙眼产业技术体系示范园-海口站（20210825）.doc,5,1,9,测产组长及小组成员
示范园/2021年荔枝龙眼产业技术体系示范园-海口站（20210825）.doc,5,2,4,①
示范园/2021年荔枝龙眼产业技术体系示范园-海口站（20210825）.doc,5,2,5,②
示范园/2021年荔枝龙眼产业技术体系示范园-海口站（20210825）.doc,5,2,6,③
示范园/2021年荔枝龙眼产业技术体系示范园-海口站（20210825）.doc,5,3,1,办内果园
示范园/2021年荔枝龙眼产业技术体系示范园-海口站（20210825）.doc,5,3,2,A
示范园/2021年荔枝龙眼产业技术体系示范园-海口站（20210825）.doc,5,3,3,135
示范园/2021年荔枝龙眼产业技术体系示范园-海口站（20210825）.doc,5,3,4,35.11 
示范园/2021年荔枝龙眼产业技术体系示范园-海口站（20210825）.doc,5,3,5,32.80 
示范园/2021年荔枝龙眼产业技术体系示范园-海口站（20210825）.doc,5,3,6,29.66 
示范园/2021年荔枝龙眼产业技术体系示范园-海口站（20210825）.doc,5,3,7,23.55 
示范园/2021年荔枝龙眼产业技术体系示范园-海口站（20210825）.doc,5,3,8,0
示范园/2021年荔枝龙眼产业技术体系示范园-海口站（20210825）.doc,5,3,9,32.52 
示范园/2021年荔枝龙眼产业技术体系示范园-海口站（20210825）.doc,5,3,10,1006.50 
示范园/2021年荔枝龙眼产业技术体系示范园-海口站（20210825）.doc,5,3,11,"组长：王祥和
组员：胡福初、吴凤芝、周永岛"
示范园/2021年荔枝龙眼产业技术体系示范园-海口站（20210825）.doc,5,4,2,B
示范园/2021年荔枝龙眼产业技术体系示范园-海口站（20210825）.doc,5,4,3,65
示范园/2021年荔枝龙眼产业技术体系示范园-海口站（20210825）.doc,5,4,4,27.32 
示范园/2021年荔枝龙眼产业技术体系示范园-海口站（20210825）.doc,5,4,5,20.85 
示范园/2021年荔枝龙眼产业技术体系示范园-海口站（20210825）.doc,5,4,6,30.73 
示范园/2021年荔枝龙眼产业技术体系示范园-海口站（20210825）.doc,5,4,7,25.80 
示范园/2021年荔枝龙眼产业技术体系示范园-海口站（20210825）.doc,5,4,8,0
示范园/2021年荔枝龙眼产业技术体系示范园-海口站（20210825）.doc,5,4,9,26.30 
示范园/2021年荔枝龙眼产业技术体系示范园-海口站（20210825）.doc,5,5,2,C
示范园/2021年荔枝龙眼产业技术体系示范园-海口站（20210825）.doc,5,5,3,0
示范园/2021年荔枝龙眼产业技术体系示范园-海口站（20210825）.doc,5,5,4, 
示范园/2021年荔枝龙眼产业技术体系示范园-海口站（20210825）.doc,5,5,5, 
示范园/2021年荔枝龙眼产业技术体系示范园-海口站（20210825）.doc,5,5,6,
示范园/2021年荔枝龙眼产业技术体系示范园-海口站（20210825）.doc,5,5,7, 
示范园/2021年荔枝龙眼产业技术体系示范园-海口站（20210825）.doc,5,5,8,
示范园/2021年荔枝龙眼产业技术体系示范园-海口站（20210825）.doc,5,5,9, 
示范园/2021年荔枝龙眼产业技术体系示范园-海口站（20210825）.doc,5,6,1,红明农场
示范园/2021年荔枝龙眼产业技术体系示范园-海口站（20210825）.doc,5,6,2,A
示范园/2021年荔枝龙眼产业技术体系示范园-海口站（20210825）.doc,5,6,3,193
示范园/2021年荔枝龙眼产业技术体系示范园-海口站（20210825）.doc,5,6,4,70.50
示范园/2021年荔枝龙眼产业技术体系示范园-海口站（20210825）.doc,5,6,5,68.26
示范园/2021年荔枝龙眼产业技术体系示范园-海口站（20210825）.doc,5,6,6,65.10
示范园/2021年荔枝龙眼产业技术体系示范园-海口站（20210825）.doc,5,6,7,20.65 
示范园/2021年荔枝龙眼产业技术体系示范园-海口站（20210825）.doc,5,6,8,1
示范园/2021年荔枝龙眼产业技术体系示范园-海口站（20210825）.doc,5,6,9,67.95 
示范园/2021年荔枝龙眼产业技术体系示范园-海口站（20210825）.doc,5,6,10,918.53
示范园/2021年荔枝龙眼产业技术体系示范园-海口站（20210825）.doc,5,6,11,"组长：王祥和
组员：胡福初、吴凤芝、陈会华"
示范园/2021年荔枝龙眼产业技术体系示范园-海口站（20210825）.doc,5,7,2,B
示范园/2021年荔枝龙眼产业技术体系示范园-海口站（20210825）.doc,5,7,3,7
示范园/2021年荔枝龙眼产业技术体系示范园-海口站（20210825）.doc,5,7,4,50.26
示范园/2021年荔枝龙眼产业技术体系示范园-海口站（20210825）.doc,5,7,5,40.35
示范园/2021年荔枝龙眼产业技术体系示范园-海口站（20210825）.doc,5,7,6,43.88
示范园/2021年荔枝龙眼产业技术体系示范园-海口站（20210825）.doc,5,7,7,20.35 
示范园/2021年荔枝龙眼产业技术体系示范园-海口站（20210825）.doc,5,7,8,0
示范园/2021年荔枝龙眼产业技术体系示范园-海口站（20210825）.doc,5,7,9,44.83
示范园/2021年荔枝龙眼产业技术体系示范园-海口站（20210825）.doc,5,8,2,C
示范园/2021年荔枝龙眼产业技术体系示范园-海口站（20210825）.doc,5,8,3,
示范园/2021年荔枝龙眼产业技术体系示范园-海口站（20210825）.doc,5,8,4,
示范园/2021年荔枝龙眼产业技术体系示范园-海口站（20210825）.doc,5,8,5,
示范园/2021年荔枝龙眼产业技术体系示范园-海口站（20210825）.doc,5,8,6,
示范园/2021年荔枝龙眼产业技术体系示范园-海口站（20210825）.doc,5,8,7, 
示范园/2021年荔枝龙眼产业技术体系示范园-海口站（20210825）.doc,5,8,8,
示范园/2021年荔枝龙眼产业技术体系示范园-海口站（20210825）.doc,5,8,9,
示范园/2021年荔枝龙眼产业技术体系示范园-海口站（20210825）.doc,5,9,1,永发果园
示范园/2021年荔枝龙眼产业技术体系示范园-海口站（20210825）.doc,5,9,2,A
示范园/2021年荔枝龙眼产业技术体系示范园-海口站（20210825）.doc,5,9,3,91
示范园/2021年荔枝龙眼产业技术体系示范园-海口站（20210825）.doc,5,9,4,32.23
示范园/2021年荔枝龙眼产业技术体系示范园-海口站（20210825）.doc,5,9,5,31.88
示范园/2021年荔枝龙眼产业技术体系示范园-海口站（20210825）.doc,5,9,6,30.50
示范园/2021年荔枝龙眼产业技术体系示范园-海口站（20210825）.doc,5,9,7,23.56 
示范园/2021年荔枝龙眼产业技术体系示范园-海口站（20210825）.doc,5,9,8,3
示范园/2021年荔枝龙眼产业技术体系示范园-海口站（20210825）.doc,5,9,9,31.54 
示范园/2021年荔枝龙眼产业技术体系示范园-海口站（20210825）.doc,5,9,10,715.95 
示范园/2021年荔枝龙眼产业技术体系示范园-海口站（20210825）.doc,5,9,11,"组长：王祥和
组员：胡福初、范鸿雁、洪世聪"
示范园/2021年荔枝龙眼产业技术体系示范园-海口站（20210825）.doc,5,10,2,B
示范园/2021年荔枝龙眼产业技术体系示范园-海口站（20210825）.doc,5,10,3,104
示范园/2021年荔枝龙眼产业技术体系示范园-海口站（20210825）.doc,5,10,4,20.53
示范园/2021年荔枝龙眼产业技术体系示范园-海口站（20210825）.doc,5,10,5,22.76
示范园/2021年荔枝龙眼产业技术体系示范园-海口站（20210825）.doc,5,10,6,21.66
示范园/2021年荔枝龙眼产业技术体系示范园-海口站（20210825）.doc,5,10,7,26.78 
示范园/2021年荔枝龙眼产业技术体系示范园-海口站（20210825）.doc,5,10,8,1
示范园/2021年荔枝龙眼产业技术体系示范园-海口站（20210825）.doc,5,10,9,21.65
示范园/2021年荔枝龙眼产业技术体系示范园-海口站（20210825）.doc,5,11,2,C
示范园/2021年荔枝龙眼产业技术体系示范园-海口站（20210825）.doc,5,11,3,5
示范园/2021年荔枝龙眼产业技术体系示范园-海口站（20210825）.doc,5,11,4,4.63
示范园/2021年荔枝龙眼产业技术体系示范园-海口站（20210825）.doc,5,11,5,6.68
示范园/2021年荔枝龙眼产业技术体系示范园-海口站（20210825）.doc,5,11,6,6.14
示范园/2021年荔枝龙眼产业技术体系示范园-海口站（20210825）.doc,5,11,7,20.65 
示范园/2021年荔枝龙眼产业技术体系示范园-海口站（20210825）.doc,5,11,8,3
示范园/2021年荔枝龙眼产业技术体系示范园-海口站（20210825）.doc,5,11,9,7.65
示范园/2021年荔枝龙眼产业技术体系示范园-海口站（20210825）.doc,5,12,1,坤平果园
示范园/2021年荔枝龙眼产业技术体系示范园-海口站（20210825）.doc,5,12,2,A
示范园/2021年荔枝龙眼产业技术体系示范园-海口站（20210825）.doc,5,12,3,132
示范园/2021年荔枝龙眼产业技术体系示范园-海口站（20210825）.doc,5,12,4,34.05
示范园/2021年荔枝龙眼产业技术体系示范园-海口站（20210825）.doc,5,12,5,32.25
示范园/2021年荔枝龙眼产业技术体系示范园-海口站（20210825）.doc,5,12,6,30.36
示范园/2021年荔枝龙眼产业技术体系示范园-海口站（20210825）.doc,5,12,7,22.25 
示范园/2021年荔枝龙眼产业技术体系示范园-海口站（20210825）.doc,5,12,8,0
示范园/2021年荔枝龙眼产业技术体系示范园-海口站（20210825）.doc,5,12,9,32.22 
示范园/2021年荔枝龙眼产业技术体系示范园-海口站（20210825）.doc,5,12,10,760.97
示范园/2021年荔枝龙眼产业技术体系示范园-海口站（20210825）.doc,5,12,11,"组长：王祥和
组员：朱宏、胡福初、吴凤芝"
示范园/2021年荔枝龙眼产业技术体系示范园-海口站（20210825）.doc,5,13,2,B
示范园/2021年荔枝龙眼产业技术体系示范园-海口站（20210825）.doc,5,13,3,68
示范园/2021年荔枝龙眼产业技术体系示范园-海口站（20210825）.doc,5,13,4,29.04
示范园/2021年荔枝龙眼产业技术体系示范园-海口站（20210825）.doc,5,13,5,27.71
示范园/2021年荔枝龙眼产业技术体系示范园-海口站（20210825）.doc,5,13,6,27.75
示范园/2021年荔枝龙眼产业技术体系示范园-海口站（20210825）.doc,5,13,7,23.10 
示范园/2021年荔枝龙眼产业技术体系示范园-海口站（20210825）.doc,5,13,8,0
示范园/2021年荔枝龙眼产业技术体系示范园-海口站（20210825）.doc,5,13,9,28.18 
示范园/2021年荔枝龙眼产业技术体系示范园-海口站（20210825）.doc,5,14,2,C
示范园/2021年荔枝龙眼产业技术体系示范园-海口站（20210825）.doc,5,14,3,
示范园/2021年荔枝龙眼产业技术体系示范园-海口站（20210825）.doc,5,14,4,
示范园/2021年荔枝龙眼产业技术体系示范园-海口站（20210825）.doc,5,14,5, 
示范园/2021年荔枝龙眼产业技术体系示范园-海口站（20210825）.doc,5,14,6,
示范园/2021年荔枝龙眼产业技术体系示范园-海口站（20210825）.doc,5,14,7, 
示范园/2021年荔枝龙眼产业技术体系示范园-海口站（20210825）.doc,5,14,8,
示范园/2021年荔枝龙眼产业技术体系示范园-海口站（20210825）.doc,5,14,9, 
示范园/2021年荔枝龙眼产业技术体系示范园-海口站（20210825）.doc,5,15,1,兴起果园
示范园/2021年荔枝龙眼产业技术体系示范园-海口站（20210825）.doc,5,15,2,A
示范园/2021年荔枝龙眼产业技术体系示范园-海口站（20210825）.doc,5,15,3,123
示范园/2021年荔枝龙眼产业技术体系示范园-海口站（20210825）.doc,5,15,4,42.50
示范园/2021年荔枝龙眼产业技术体系示范园-海口站（20210825）.doc,5,15,5,41.24
示范园/2021年荔枝龙眼产业技术体系示范园-海口站（20210825）.doc,5,15,6,40.69
示范园/2021年荔枝龙眼产业技术体系示范园-海口站（20210825）.doc,5,15,7,22.45 
示范园/2021年荔枝龙眼产业技术体系示范园-海口站（20210825）.doc,5,15,8,0
示范园/2021年荔枝龙眼产业技术体系示范园-海口站（20210825）.doc,5,15,9,41.48 
示范园/2021年荔枝龙眼产业技术体系示范园-海口站（20210825）.doc,5,15,10,884.40 
示范园/2021年荔枝龙眼产业技术体系示范园-海口站（20210825）.doc,5,15,11,"组长：王祥和
组员：胡福初、王海新、陶挺燕"
示范园/2021年荔枝龙眼产业技术体系示范园-海口站（20210825）.doc,5,16,2,B
示范园/2021年荔枝龙眼产业技术体系示范园-海口站（20210825）.doc,5,16,3,77
示范园/2021年荔枝龙眼产业技术体系示范园-海口站（20210825）.doc,5,16,4,36.37
示范园/2021年荔枝龙眼产业技术体系示范园-海口站（20210825）.doc,5,16,5,39.25
示范园/2021年荔枝龙眼产业技术体系示范园-海口站（20210825）.doc,5,16,6,38.45
示范园/2021年荔枝龙眼产业技术体系示范园-海口站（20210825）.doc,5,16,7,23.60 
示范园/2021年荔枝龙眼产业技术体系示范园-海口站（20210825）.doc,5,16,8,0
示范园/2021年荔枝龙眼产业技术体系示范园-海口站（20210825）.doc,5,16,9,38.16 
示范园/2021年荔枝龙眼产业技术体系示范园-海口站（20210825）.doc,5,17,2,C
示范园/2021年荔枝龙眼产业技术体系示范园-海口站（20210825）.doc,5,17,3,
示范园/2021年荔枝龙眼产业技术体系示范园-海口站（20210825）.doc,5,17,4,
示范园/2021年荔枝龙眼产业技术体系示范园-海口站（20210825）.doc,5,17,5,
示范园/2021年荔枝龙眼产业技术体系示范园-海口站（20210825）.doc,5,17,6,
示范园/2021年荔枝龙眼产业技术体系示范园-海口站（20210825）.doc,5,17,7, 
示范园/2021年荔枝龙眼产业技术体系示范园-海口站（20210825）.doc,5,17,8,
示范园/2021年荔枝龙眼产业技术体系示范园-海口站（20210825）.doc,5,17,9, 
示范园/2021年荔枝龙眼产业技术体系示范园-海口站（20210825）.doc,5,18,1,鲁宏果园
示范园/2021年荔枝龙眼产业技术体系示范园-海口站（20210825）.doc,5,18,2,A
示范园/2021年荔枝龙眼产业技术体系示范园-海口站（20210825）.doc,5,18,3,92
示范园/2021年荔枝龙眼产业技术体系示范园-海口站（20210825）.doc,5,18,4,49.65
示范园/2021年荔枝龙眼产业技术体系示范园-海口站（20210825）.doc,5,18,5,50.20
示范园/2021年荔枝龙眼产业技术体系示范园-海口站（20210825）.doc,5,18,6,52.10
示范园/2021年荔枝龙眼产业技术体系示范园-海口站（20210825）.doc,5,18,7,20.30 
示范园/2021年荔枝龙眼产业技术体系示范园-海口站（20210825）.doc,5,18,8,0
示范园/2021年荔枝龙眼产业技术体系示范园-海口站（20210825）.doc,5,18,9,50.65 
示范园/2021年荔枝龙眼产业技术体系示范园-海口站（20210825）.doc,5,18,10,807.53
示范园/2021年荔枝龙眼产业技术体系示范园-海口站（20210825）.doc,5,18,11,"组长：王祥和
组员：胡福初、吴凤芝"
示范园/2021年荔枝龙眼产业技术体系示范园-海口站（20210825）.doc,5,19,2,B
示范园/2021年荔枝龙眼产业技术体系示范园-海口站（20210825）.doc,5,19,3,108
示范园/2021年荔枝龙眼产业技术体系示范园-海口站（20210825）.doc,5,19,4,46.86
示范园/2021年荔枝龙眼产业技术体系示范园-海口站（20210825）.doc,5,19,5,45.90
示范园/2021年荔枝龙眼产业技术体系示范园-海口站（20210825）.doc,5,19,6,47.22
示范园/2021年荔枝龙眼产业技术体系示范园-海口站（20210825）.doc,5,19,7,21.85 
示范园/2021年荔枝龙眼产业技术体系示范园-海口站（20210825）.doc,5,19,8,0
示范园/2021年荔枝龙眼产业技术体系示范园-海口站（20210825）.doc,5,19,9,11.47 
示范园/2021年荔枝龙眼产业技术体系示范园-海口站（20210825）.doc,5,20,2,C
示范园/2021年荔枝龙眼产业技术体系示范园-海口站（20210825）.doc,5,20,3,
示范园/2021年荔枝龙眼产业技术体系示范园-海口站（20210825）.doc,5,20,4,
示范园/2021年荔枝龙眼产业技术体系示范园-海口站（20210825）.doc,5,20,5,
示范园/2021年荔枝龙眼产业技术体系示范园-海口站（20210825）.doc,5,20,6,
示范园/2021年荔枝龙眼产业技术体系示范园-海口站（20210825）.doc,5,20,7, 
示范园/2021年荔枝龙眼产业技术体系示范园-海口站（20210825）.doc,5,20,8,
示范园/2021年荔枝龙眼产业技术体系示范园-海口站（20210825）.doc,5,20,9,
示范园/2021年荔枝龙眼产业技术体系示范园-海口站（20210825）.doc,6,1,1,示范园
示范园/2021年荔枝龙眼产业技术体系示范园-海口站（20210825）.doc,6,1,2,土地费用
示范园/2021年荔枝龙眼产业技术体系示范园-海口站（20210825）.doc,6,1,3,肥料费用
示范园/2021年荔枝龙眼产业技术体系示范园-海口站（20210825）.doc,6,1,4,农药费用
示范园/2021年荔枝龙眼产业技术体系示范园-海口站（20210825）.doc,6,1,5,固定资产折旧
示范园/2021年荔枝龙眼产业技术体系示范园-海口站（20210825）.doc,6,1,6,劳动投入
示范园/2021年荔枝龙眼产业技术体系示范园-海口站（20210825）.doc,6,1,7,亩投入
示范园/2021年荔枝龙眼产业技术体系示范园-海口站（20210825）.doc,6,1,8,亩产出
示范园/2021年荔枝龙眼产业技术体系示范园-海口站（20210825）.doc,6,1,9,亩利润
示范园/2021年荔枝龙眼产业技术体系示范园-海口站（20210825）.doc,6,2,2,租金
示范园/2021年荔枝龙眼产业技术体系示范园-海口站（20210825）.doc,6,2,3,自营地折价
示范园/2021年荔枝龙眼产业技术体系示范园-海口站（20210825）.doc,6,2,4,化肥
示范园/2021年荔枝龙眼产业技术体系示范园-海口站（20210825）.doc,6,2,5,有机肥
示范园/2021年荔枝龙眼产业技术体系示范园-海口站（20210825）.doc,6,2,8,亩用工
示范园/2021年荔枝龙眼产业技术体系示范园-海口站（20210825）.doc,6,2,9,日工价
示范园/2021年荔枝龙眼产业技术体系示范园-海口站（20210825）.doc,6,2,10,劳动力投入
示范园/2021年荔枝龙眼产业技术体系示范园-海口站（20210825）.doc,6,2,11,示范园投入
示范园/2021年荔枝龙眼产业技术体系示范园-海口站（20210825）.doc,6,2,12,当地平均投入
示范园/2021年荔枝龙眼产业技术体系示范园-海口站（20210825）.doc,6,2,13,示范园产出
示范园/2021年荔枝龙眼产业技术体系示范园-海口站（20210825）.doc,6,2,14,当地平均产出
示范园/2021年荔枝龙眼产业技术体系示范园-海口站（20210825）.doc,6,2,15,示范园亩利润
示范园/2021年荔枝龙眼产业技术体系示范园-海口站（20210825）.doc,6,2,16,当地平均利润
示范园/2021年荔枝龙眼产业技术体系示范园-海口站（20210825）.doc,6,3,1,办内果园
示范园/2021年荔枝龙眼产业技术体系示范园-海口站（20210825）.doc,6,3,2,0
示范园/2021年荔枝龙眼产业技术体系示范园-海口站（20210825）.doc,6,3,3,800
示范园/2021年荔枝龙眼产业技术体系示范园-海口站（20210825）.doc,6,3,4,320
示范园/2021年荔枝龙眼产业技术体系示范园-海口站（20210825）.doc,6,3,5,250
示范园/2021年荔枝龙眼产业技术体系示范园-海口站（20210825）.doc,6,3,6,746
示范园/2021年荔枝龙眼产业技术体系示范园-海口站（20210825）.doc,6,3,7,150
示范园/2021年荔枝龙眼产业技术体系示范园-海口站（20210825）.doc,6,3,8,15
示范园/2021年荔枝龙眼产业技术体系示范园-海口站（20210825）.doc,6,3,9,120
示范园/2021年荔枝龙眼产业技术体系示范园-海口站（20210825）.doc,6,3,10,1800
示范园/2021年荔枝龙眼产业技术体系示范园-海口站（20210825）.doc,6,3,11,4066
示范园/2021年荔枝龙眼产业技术体系示范园-海口站（20210825）.doc,6,3,12,5500
示范园/2021年荔枝龙眼产业技术体系示范园-海口站（20210825）.doc,6,3,13,8133
示范园/2021年荔枝龙眼产业技术体系示范园-海口站（20210825）.doc,6,3,14,7500
示范园/2021年荔枝龙眼产业技术体系示范园-海口站（20210825）.doc,6,3,15,4067
示范园/2021年荔枝龙眼产业技术体系示范园-海口站（20210825）.doc,6,3,16,2000 
示范园/2021年荔枝龙眼产业技术体系示范园-海口站（20210825）.doc,6,4,1,会华果园
示范园/2021年荔枝龙眼产业技术体系示范园-海口站（20210825）.doc,6,4,2,500
示范园/2021年荔枝龙眼产业技术体系示范园-海口站（20210825）.doc,6,4,3,0
示范园/2021年荔枝龙眼产业技术体系示范园-海口站（20210825）.doc,6,4,4,950
示范园/2021年荔枝龙眼产业技术体系示范园-海口站（20210825）.doc,6,4,5,550
示范园/2021年荔枝龙眼产业技术体系示范园-海口站（20210825）.doc,6,4,6,980
示范园/2021年荔枝龙眼产业技术体系示范园-海口站（20210825）.doc,6,4,7,260
示范园/2021年荔枝龙眼产业技术体系示范园-海口站（20210825）.doc,6,4,8,20
示范园/2021年荔枝龙眼产业技术体系示范园-海口站（20210825）.doc,6,4,9,150
示范园/2021年荔枝龙眼产业技术体系示范园-海口站（20210825）.doc,6,4,10,3000
示范园/2021年荔枝龙眼产业技术体系示范园-海口站（20210825）.doc,6,4,11,6480
示范园/2021年荔枝龙眼产业技术体系示范园-海口站（20210825）.doc,6,4,12,5000
示范园/2021年荔枝龙眼产业技术体系示范园-海口站（20210825）.doc,6,4,13,8543 
示范园/2021年荔枝龙眼产业技术体系示范园-海口站（20210825）.doc,6,4,14,6500
示范园/2021年荔枝龙眼产业技术体系示范园-海口站（20210825）.doc,6,4,15,2064 
示范园/2021年荔枝龙眼产业技术体系示范园-海口站（20210825）.doc,6,4,16,1500 
示范园/2021年荔枝龙眼产业技术体系示范园-海口站（20210825）.doc,6,5,1,永发果园
示范园/2021年荔枝龙眼产业技术体系示范园-海口站（20210825）.doc,6,5,2,0
示范园/2021年荔枝龙眼产业技术体系示范园-海口站（20210825）.doc,6,5,3,650
示范园/2021年荔枝龙眼产业技术体系示范园-海口站（20210825）.doc,6,5,4,500
示范园/2021年荔枝龙眼产业技术体系示范园-海口站（20210825）.doc,6,5,5,980
示范园/2021年荔枝龙眼产业技术体系示范园-海口站（20210825）.doc,6,5,6,850
示范园/2021年荔枝龙眼产业技术体系示范园-海口站（20210825）.doc,6,5,7,380
示范园/2021年荔枝龙眼产业技术体系示范园-海口站（20210825）.doc,6,5,8,16
示范园/2021年荔枝龙眼产业技术体系示范园-海口站（20210825）.doc,6,5,9,130
示范园/2021年荔枝龙眼产业技术体系示范园-海口站（20210825）.doc,6,5,10,2080
示范园/2021年荔枝龙眼产业技术体系示范园-海口站（20210825）.doc,6,5,11,5200
示范园/2021年荔枝龙眼产业技术体系示范园-海口站（20210825）.doc,6,5,12,3500
示范园/2021年荔枝龙眼产业技术体系示范园-海口站（20210825）.doc,6,5,13,4371
示范园/2021年荔枝龙眼产业技术体系示范园-海口站（20210825）.doc,6,5,14,7000
示范园/2021年荔枝龙眼产业技术体系示范园-海口站（20210825）.doc,6,5,15,1292
示范园/2021年荔枝龙眼产业技术体系示范园-海口站（20210825）.doc,6,5,16,1800 
示范园/2021年荔枝龙眼产业技术体系示范园-海口站（20210825）.doc,6,6,1,坤平果园
示范园/2021年荔枝龙眼产业技术体系示范园-海口站（20210825）.doc,6,6,2,0
示范园/2021年荔枝龙眼产业技术体系示范园-海口站（20210825）.doc,6,6,3,600
示范园/2021年荔枝龙眼产业技术体系示范园-海口站（20210825）.doc,6,6,4,400
示范园/2021年荔枝龙眼产业技术体系示范园-海口站（20210825）.doc,6,6,5,310
示范园/2021年荔枝龙眼产业技术体系示范园-海口站（20210825）.doc,6,6,6,850
示范园/2021年荔枝龙眼产业技术体系示范园-海口站（20210825）.doc,6,6,7,80
示范园/2021年荔枝龙眼产业技术体系示范园-海口站（20210825）.doc,6,6,8,16
示范园/2021年荔枝龙眼产业技术体系示范园-海口站（20210825）.doc,6,6,9,130
示范园/2021年荔枝龙眼产业技术体系示范园-海口站（20210825）.doc,6,6,10,2080
示范园/2021年荔枝龙眼产业技术体系示范园-海口站（20210825）.doc,6,6,11,4320
示范园/2021年荔枝龙眼产业技术体系示范园-海口站（20210825）.doc,6,6,12,4200
示范园/2021年荔枝龙眼产业技术体系示范园-海口站（20210825）.doc,6,6,13,6170 
示范园/2021年荔枝龙眼产业技术体系示范园-海口站（20210825）.doc,6,6,14,6000
示范园/2021年荔枝龙眼产业技术体系示范园-海口站（20210825）.doc,6,6,15,1850 
示范园/2021年荔枝龙眼产业技术体系示范园-海口站（20210825）.doc,6,6,16,1800 
示范园/2021年荔枝龙眼产业技术体系示范园-海口站（20210825）.doc,6,7,1,兴起果园
示范园/2021年荔枝龙眼产业技术体系示范园-海口站（20210825）.doc,6,7,2,450
示范园/2021年荔枝龙眼产业技术体系示范园-海口站（20210825）.doc,6,7,3,0
示范园/2021年荔枝龙眼产业技术体系示范园-海口站（20210825）.doc,6,7,4,560
示范园/2021年荔枝龙眼产业技术体系示范园-海口站（20210825）.doc,6,7,5,880
示范园/2021年荔枝龙眼产业技术体系示范园-海口站（20210825）.doc,6,7,6,980
示范园/2021年荔枝龙眼产业技术体系示范园-海口站（20210825）.doc,6,7,7,150
示范园/2021年荔枝龙眼产业技术体系示范园-海口站（20210825）.doc,6,7,8,17
示范园/2021年荔枝龙眼产业技术体系示范园-海口站（20210825）.doc,6,7,9,150
示范园/2021年荔枝龙眼产业技术体系示范园-海口站（20210825）.doc,6,7,10,2550
示范园/2021年荔枝龙眼产业技术体系示范园-海口站（20210825）.doc,6,7,11,5570
示范园/2021年荔枝龙眼产业技术体系示范园-海口站（20210825）.doc,6,7,12,5500
示范园/2021年荔枝龙眼产业技术体系示范园-海口站（20210825）.doc,6,7,13,7960 
示范园/2021年荔枝龙眼产业技术体系示范园-海口站（20210825）.doc,6,7,14,7500
示范园/2021年荔枝龙眼产业技术体系示范园-海口站（20210825）.doc,6,7,15,2388
示范园/2021年荔枝龙眼产业技术体系示范园-海口站（20210825）.doc,6,7,16,2000 
示范园/2021年荔枝龙眼产业技术体系示范园-海口站（20210825）.doc,6,8,1,鲁宏果园
示范园/2021年荔枝龙眼产业技术体系示范园-海口站（20210825）.doc,6,8,2,0
示范园/2021年荔枝龙眼产业技术体系示范园-海口站（20210825）.doc,6,8,3,1250
示范园/2021年荔枝龙眼产业技术体系示范园-海口站（20210825）.doc,6,8,4,500
示范园/2021年荔枝龙眼产业技术体系示范园-海口站（20210825）.doc,6,8,5,820
示范园/2021年荔枝龙眼产业技术体系示范园-海口站（20210825）.doc,6,8,6,950
示范园/2021年荔枝龙眼产业技术体系示范园-海口站（20210825）.doc,6,8,7,80
示范园/2021年荔枝龙眼产业技术体系示范园-海口站（20210825）.doc,6,8,8,20
示范园/2021年荔枝龙眼产业技术体系示范园-海口站（20210825）.doc,6,8,9,150
示范园/2021年荔枝龙眼产业技术体系示范园-海口站（20210825）.doc,6,8,10,3000
示范园/2021年荔枝龙眼产业技术体系示范园-海口站（20210825）.doc,6,8,11,6600
示范园/2021年荔枝龙眼产业技术体系示范园-海口站（20210825）.doc,6,8,12,6000
示范园/2021年荔枝龙眼产业技术体系示范园-海口站（20210825）.doc,6,8,13,12125 
示范园/2021年荔枝龙眼产业技术体系示范园-海口站（20210825）.doc,6,8,14,10000
示范园/2021年荔枝龙眼产业技术体系示范园-海口站（20210825）.doc,6,8,15,5458 
示范园/2021年荔枝龙眼产业技术体系示范园-海口站（20210825）.doc,6,8,16,4000 
示范园/2022年荔枝龙眼产业技术体系示范园-海口站（20220825）.doc,1,1,1,"示范果园
（编号）"
示范园/2022年荔枝龙眼产业技术体系示范园-海口站（20220825）.doc,1,1,2,面积（亩）
示范园/2022年荔枝龙眼产业技术体系示范园-海口站（20220825）.doc,1,1,3,种植年份
示范园/2022年荔枝龙眼产业技术体系示范园-海口站（20220825）.doc,1,1,4,改造年份
示范园/2022年荔枝龙眼产业技术体系示范园-海口站（20220825）.doc,1,1,5,品种
示范园/2022年荔枝龙眼产业技术体系示范园-海口站（20220825）.doc,1,1,6,株数
示范园/2022年荔枝龙眼产业技术体系示范园-海口站（20220825）.doc,1,1,7,株距×行距（m）
示范园/2022年荔枝龙眼产业技术体系示范园-海口站（20220825）.doc,1,1,8,农场主
示范园/2022年荔枝龙眼产业技术体系示范园-海口站（20220825）.doc,1,1,9,经纬度
示范园/2022年荔枝龙眼产业技术体系示范园-海口站（20220825）.doc,1,2,1,"办内果园
CARS-33-46-01"
示范园/2022年荔枝龙眼产业技术体系示范园-海口站（20220825）.doc,1,2,2,120
示范园/2022年荔枝龙眼产业技术体系示范园-海口站（20220825）.doc,1,2,3,2002年
示范园/2022年荔枝龙眼产业技术体系示范园-海口站（20220825）.doc,1,2,4,2015重回缩
示范园/2022年荔枝龙眼产业技术体系示范园-海口站（20220825）.doc,1,2,5,妃子笑
示范园/2022年荔枝龙眼产业技术体系示范园-海口站（20220825）.doc,1,2,6,4000
示范园/2022年荔枝龙眼产业技术体系示范园-海口站（20220825）.doc,1,2,7,4×5
示范园/2022年荔枝龙眼产业技术体系示范园-海口站（20220825）.doc,1,2,8,周永岛
示范园/2022年荔枝龙眼产业技术体系示范园-海口站（20220825）.doc,1,2,9,"N 19° 53' 57.63""
E 110° 29' 58.18"""
示范园/2022年荔枝龙眼产业技术体系示范园-海口站（20220825）.doc,1,3,1,"红明农场
CARS-33-46-02"
示范园/2022年荔枝龙眼产业技术体系示范园-海口站（20220825）.doc,1,3,2,70
示范园/2022年荔枝龙眼产业技术体系示范园-海口站（20220825）.doc,1,3,3,2000年
示范园/2022年荔枝龙眼产业技术体系示范园-海口站（20220825）.doc,1,3,4,"2010间伐
2018年重回缩"
示范园/2022年荔枝龙眼产业技术体系示范园-海口站（20220825）.doc,1,3,5,白糖罂
示范园/2022年荔枝龙眼产业技术体系示范园-海口站（20220825）.doc,1,3,6,970
示范园/2022年荔枝龙眼产业技术体系示范园-海口站（20220825）.doc,1,3,7,6×8
示范园/2022年荔枝龙眼产业技术体系示范园-海口站（20220825）.doc,1,3,8,陈会华
示范园/2022年荔枝龙眼产业技术体系示范园-海口站（20220825）.doc,1,3,9,"N 19° 41' 54.98""
E 110° 34' 49.95"""
示范园/2022年荔枝龙眼产业技术体系示范园-海口站（20220825）.doc,1,4,1,"永发果园
CARS-33-46-03"
示范园/2022年荔枝龙眼产业技术体系示范园-海口站（20220825）.doc,1,4,2,25
示范园/2022年荔枝龙眼产业技术体系示范园-海口站（20220825）.doc,1,4,3,1995年
示范园/2022年荔枝龙眼产业技术体系示范园-海口站（20220825）.doc,1,4,4,"2013间伐
2014重回缩"
示范园/2022年荔枝龙眼产业技术体系示范园-海口站（20220825）.doc,1,4,5,妃子笑
示范园/2022年荔枝龙眼产业技术体系示范园-海口站（20220825）.doc,1,4,6,550
示范园/2022年荔枝龙眼产业技术体系示范园-海口站（20220825）.doc,1,4,7,4×6
示范园/2022年荔枝龙眼产业技术体系示范园-海口站（20220825）.doc,1,4,8,洪世聪
示范园/2022年荔枝龙眼产业技术体系示范园-海口站（20220825）.doc,1,4,9,"N 19° 45' 30.91""
E 110° 12' 13.96"""
示范园/2022年荔枝龙眼产业技术体系示范园-海口站（20220825）.doc,1,5,1,"龙元果园
CARS-33-46-04"
示范园/2022年荔枝龙眼产业技术体系示范园-海口站（20220825）.doc,1,5,2,200
示范园/2022年荔枝龙眼产业技术体系示范园-海口站（20220825）.doc,1,5,3,2002年
示范园/2022年荔枝龙眼产业技术体系示范园-海口站（20220825）.doc,1,5,4,2019重回缩
示范园/2022年荔枝龙眼产业技术体系示范园-海口站（20220825）.doc,1,5,5,妃子笑
示范园/2022年荔枝龙眼产业技术体系示范园-海口站（20220825）.doc,1,5,6,7400
示范园/2022年荔枝龙眼产业技术体系示范园-海口站（20220825）.doc,1,5,7,4×4.5
示范园/2022年荔枝龙眼产业技术体系示范园-海口站（20220825）.doc,1,5,8,黄龙腾
示范园/2022年荔枝龙眼产业技术体系示范园-海口站（20220825）.doc,1,5,9,"N 19° 27′ 11.83""
E 110° 19' 42.84"""
示范园/2022年荔枝龙眼产业技术体系示范园-海口站（20220825）.doc,1,6,1,"世武果园
CARS-33-46-05"
示范园/2022年荔枝龙眼产业技术体系示范园-海口站（20220825）.doc,1,6,2,30
示范园/2022年荔枝龙眼产业技术体系示范园-海口站（20220825）.doc,1,6,3,2001年
示范园/2022年荔枝龙眼产业技术体系示范园-海口站（20220825）.doc,1,6,4,2018重回缩
示范园/2022年荔枝龙眼产业技术体系示范园-海口站（20220825）.doc,1,6,5,妃子笑
示范园/2022年荔枝龙眼产业技术体系示范园-海口站（20220825）.doc,1,6,6,990
示范园/2022年荔枝龙眼产业技术体系示范园-海口站（20220825）.doc,1,6,7,4×5
示范园/2022年荔枝龙眼产业技术体系示范园-海口站（20220825）.doc,1,6,8,李世武
示范园/2022年荔枝龙眼产业技术体系示范园-海口站（20220825）.doc,1,6,9,"N 19° 10' 27.53""
E 110° 26' 54.70"""
示范园/2022年荔枝龙眼产业技术体系示范园-海口站（20220825）.doc,1,7,1,"鲁宏果园
CARS-33-46-06"
示范园/2022年荔枝龙眼产业技术体系示范园-海口站（20220825）.doc,1,7,2,300
示范园/2022年荔枝龙眼产业技术体系示范园-海口站（20220825）.doc,1,7,3,1999年
示范园/2022年荔枝龙眼产业技术体系示范园-海口站（20220825）.doc,1,7,4,2012间伐
示范园/2022年荔枝龙眼产业技术体系示范园-海口站（20220825）.doc,1,7,5,妃子笑
示范园/2022年荔枝龙眼产业技术体系示范园-海口站（20220825）.doc,1,7,6,5000
示范园/2022年荔枝龙眼产业技术体系示范园-海口站（20220825）.doc,1,7,7,5×8
示范园/2022年荔枝龙眼产业技术体系示范园-海口站（20220825）.doc,1,7,8,周军峰
示范园/2022年荔枝龙眼产业技术体系示范园-海口站（20220825）.doc,1,7,9,"N18° 36' 34.77""
E109° 56' 32.26"""
示范园/2022年荔枝龙眼产业技术体系示范园-海口站（20220825）.doc,2,1,1,示范果园
示范园/2022年荔枝龙眼产业技术体系示范园-海口站（20220825）.doc,2,1,2,果园坡度（°）
示范园/2022年荔枝龙眼产业技术体系示范园-海口站（20220825）.doc,2,1,3,土壤类型
示范园/2022年荔枝龙眼产业技术体系示范园-海口站（20220825）.doc,2,1,4,灌溉方式
示范园/2022年荔枝龙眼产业技术体系示范园-海口站（20220825）.doc,2,1,5,年份
示范园/2022年荔枝龙眼产业技术体系示范园-海口站（20220825）.doc,2,1,6,"株产
（公斤）"
示范园/2022年荔枝龙眼产业技术体系示范园-海口站（20220825）.doc,2,1,7,"售价
（元/公斤）"
示范园/2022年荔枝龙眼产业技术体系示范园-海口站（20220825）.doc,2,1,8,成花率（%）
示范园/2022年荔枝龙眼产业技术体系示范园-海口站（20220825）.doc,2,1,9,"收益
（万元）"
示范园/2022年荔枝龙眼产业技术体系示范园-海口站（20220825）.doc,2,2,1,办内果园
示范园/2022年荔枝龙眼产业技术体系示范园-海口站（20220825）.doc,2,2,2,0～5
示范园/2022年荔枝龙眼产业技术体系示范园-海口站（20220825）.doc,2,2,3,红壤土
示范园/2022年荔枝龙眼产业技术体系示范园-海口站（20220825）.doc,2,2,4,微喷灌
示范园/2022年荔枝龙眼产业技术体系示范园-海口站（20220825）.doc,2,2,5,2018
示范园/2022年荔枝龙眼产业技术体系示范园-海口站（20220825）.doc,2,2,6,30.32
示范园/2022年荔枝龙眼产业技术体系示范园-海口站（20220825）.doc,2,2,7,7.50
示范园/2022年荔枝龙眼产业技术体系示范园-海口站（20220825）.doc,2,2,8,99
示范园/2022年荔枝龙眼产业技术体系示范园-海口站（20220825）.doc,2,2,9,51.24
示范园/2022年荔枝龙眼产业技术体系示范园-海口站（20220825）.doc,2,3,5,2019
示范园/2022年荔枝龙眼产业技术体系示范园-海口站（20220825）.doc,2,3,6,31.07
示范园/2022年荔枝龙眼产业技术体系示范园-海口站（20220825）.doc,2,3,7,12.60
示范园/2022年荔枝龙眼产业技术体系示范园-海口站（20220825）.doc,2,3,8,92
示范园/2022年荔枝龙眼产业技术体系示范园-海口站（20220825）.doc,2,3,9,109.07
示范园/2022年荔枝龙眼产业技术体系示范园-海口站（20220825）.doc,2,4,5,2020
示范园/2022年荔枝龙眼产业技术体系示范园-海口站（20220825）.doc,2,4,6,28.60
示范园/2022年荔枝龙眼产业技术体系示范园-海口站（20220825）.doc,2,4,7,11.60
示范园/2022年荔枝龙眼产业技术体系示范园-海口站（20220825）.doc,2,4,8,95
示范园/2022年荔枝龙眼产业技术体系示范园-海口站（20220825）.doc,2,4,9,80.04
示范园/2022年荔枝龙眼产业技术体系示范园-海口站（20220825）.doc,2,5,5,2021
示范园/2022年荔枝龙眼产业技术体系示范园-海口站（20220825）.doc,2,5,6,30.50
示范园/2022年荔枝龙眼产业技术体系示范园-海口站（20220825）.doc,2,5,7,8.00
示范园/2022年荔枝龙眼产业技术体系示范园-海口站（20220825）.doc,2,5,8,100
示范园/2022年荔枝龙眼产业技术体系示范园-海口站（20220825）.doc,2,5,9,48.80
示范园/2022年荔枝龙眼产业技术体系示范园-海口站（20220825）.doc,2,6,5,2022
示范园/2022年荔枝龙眼产业技术体系示范园-海口站（20220825）.doc,2,6,6,30.00
示范园/2022年荔枝龙眼产业技术体系示范园-海口站（20220825）.doc,2,6,7,12.6
示范园/2022年荔枝龙眼产业技术体系示范园-海口站（20220825）.doc,2,6,8,100
示范园/2022年荔枝龙眼产业技术体系示范园-海口站（20220825）.doc,2,6,9,90.60
示范园/2022年荔枝龙眼产业技术体系示范园-海口站（20220825）.doc,2,7,1,红明农场
示范园/2022年荔枝龙眼产业技术体系示范园-海口站（20220825）.doc,2,7,2,15～30
示范园/2022年荔枝龙眼产业技术体系示范园-海口站（20220825）.doc,2,7,3,红壤土
示范园/2022年荔枝龙眼产业技术体系示范园-海口站（20220825）.doc,2,7,4,管道淋灌
示范园/2022年荔枝龙眼产业技术体系示范园-海口站（20220825）.doc,2,7,5,2018
示范园/2022年荔枝龙眼产业技术体系示范园-海口站（20220825）.doc,2,7,6,35.46
示范园/2022年荔枝龙眼产业技术体系示范园-海口站（20220825）.doc,2,7,7,5.50
示范园/2022年荔枝龙眼产业技术体系示范园-海口站（20220825）.doc,2,7,8,100
示范园/2022年荔枝龙眼产业技术体系示范园-海口站（20220825）.doc,2,7,9,19.22
示范园/2022年荔枝龙眼产业技术体系示范园-海口站（20220825）.doc,2,8,5,2019
示范园/2022年荔枝龙眼产业技术体系示范园-海口站（20220825）.doc,2,8,6,28.54
示范园/2022年荔枝龙眼产业技术体系示范园-海口站（20220825）.doc,2,8,7,10.80
示范园/2022年荔枝龙眼产业技术体系示范园-海口站（20220825）.doc,2,8,8,60
示范园/2022年荔枝龙眼产业技术体系示范园-海口站（20220825）.doc,2,8,9,37.75
示范园/2022年荔枝龙眼产业技术体系示范园-海口站（20220825）.doc,2,9,5,2020
示范园/2022年荔枝龙眼产业技术体系示范园-海口站（20220825）.doc,2,9,6,34.53
示范园/2022年荔枝龙眼产业技术体系示范园-海口站（20220825）.doc,2,9,7,11.90
示范园/2022年荔枝龙眼产业技术体系示范园-海口站（20220825）.doc,2,9,8,100
示范园/2022年荔枝龙眼产业技术体系示范园-海口站（20220825）.doc,2,9,9,29.53
示范园/2022年荔枝龙眼产业技术体系示范园-海口站（20220825）.doc,2,10,5,2021
示范园/2022年荔枝龙眼产业技术体系示范园-海口站（20220825）.doc,2,10,6,66.20
示范园/2022年荔枝龙眼产业技术体系示范园-海口站（20220825）.doc,2,10,7,9.00
示范园/2022年荔枝龙眼产业技术体系示范园-海口站（20220825）.doc,2,10,8,100
示范园/2022年荔枝龙眼产业技术体系示范园-海口站（20220825）.doc,2,10,9,14.45
示范园/2022年荔枝龙眼产业技术体系示范园-海口站（20220825）.doc,2,11,5,2022
示范园/2022年荔枝龙眼产业技术体系示范园-海口站（20220825）.doc,2,11,6,65.00
示范园/2022年荔枝龙眼产业技术体系示范园-海口站（20220825）.doc,2,11,7,16.00
示范园/2022年荔枝龙眼产业技术体系示范园-海口站（20220825）.doc,2,11,8,100
示范园/2022年荔枝龙眼产业技术体系示范园-海口站（20220825）.doc,2,11,9,38.20
示范园/2022年荔枝龙眼产业技术体系示范园-海口站（20220825）.doc,2,12,1,永发果园
示范园/2022年荔枝龙眼产业技术体系示范园-海口站（20220825）.doc,2,12,2,0～5
示范园/2022年荔枝龙眼产业技术体系示范园-海口站（20220825）.doc,2,12,3,红壤土
示范园/2022年荔枝龙眼产业技术体系示范园-海口站（20220825）.doc,2,12,4,微喷灌
示范园/2022年荔枝龙眼产业技术体系示范园-海口站（20220825）.doc,2,12,5,2018
示范园/2022年荔枝龙眼产业技术体系示范园-海口站（20220825）.doc,2,12,6,30.55
示范园/2022年荔枝龙眼产业技术体系示范园-海口站（20220825）.doc,2,12,7,6.5
示范园/2022年荔枝龙眼产业技术体系示范园-海口站（20220825）.doc,2,12,8,100
示范园/2022年荔枝龙眼产业技术体系示范园-海口站（20220825）.doc,2,12,9,0.92
示范园/2022年荔枝龙眼产业技术体系示范园-海口站（20220825）.doc,2,13,5,2019
示范园/2022年荔枝龙眼产业技术体系示范园-海口站（20220825）.doc,2,13,6,"33.72
"
示范园/2022年荔枝龙眼产业技术体系示范园-海口站（20220825）.doc,2,13,7,9.0
示范园/2022年荔枝龙眼产业技术体系示范园-海口站（20220825）.doc,2,13,8,98
示范园/2022年荔枝龙眼产业技术体系示范园-海口站（20220825）.doc,2,13,9,6.69
示范园/2022年荔枝龙眼产业技术体系示范园-海口站（20220825）.doc,2,14,5,2020
示范园/2022年荔枝龙眼产业技术体系示范园-海口站（20220825）.doc,2,14,6,30.60
示范园/2022年荔枝龙眼产业技术体系示范园-海口站（20220825）.doc,2,14,7,11.00
示范园/2022年荔枝龙眼产业技术体系示范园-海口站（20220825）.doc,2,14,8,100
示范园/2022年荔枝龙眼产业技术体系示范园-海口站（20220825）.doc,2,14,9,5.50
示范园/2022年荔枝龙眼产业技术体系示范园-海口站（20220825）.doc,2,15,5,2021
示范园/2022年荔枝龙眼产业技术体系示范园-海口站（20220825）.doc,2,15,6,25.80
示范园/2022年荔枝龙眼产业技术体系示范园-海口站（20220825）.doc,2,15,7,7.60
示范园/2022年荔枝龙眼产业技术体系示范园-海口站（20220825）.doc,2,15,8,100
示范园/2022年荔枝龙眼产业技术体系示范园-海口站（20220825）.doc,2,15,9,3.23
示范园/2022年荔枝龙眼产业技术体系示范园-海口站（20220825）.doc,2,16,5,2022
示范园/2022年荔枝龙眼产业技术体系示范园-海口站（20220825）.doc,2,16,6,28.60
示范园/2022年荔枝龙眼产业技术体系示范园-海口站（20220825）.doc,2,16,7,11.80
示范园/2022年荔枝龙眼产业技术体系示范园-海口站（20220825）.doc,2,16,8,100
示范园/2022年荔枝龙眼产业技术体系示范园-海口站（20220825）.doc,2,16,9,5.80
示范园/2022年荔枝龙眼产业技术体系示范园-海口站（20220825）.doc,2,17,1,龙元果园
示范园/2022年荔枝龙眼产业技术体系示范园-海口站（20220825）.doc,2,17,2,0
示范园/2022年荔枝龙眼产业技术体系示范园-海口站（20220825）.doc,2,17,3,红壤土
示范园/2022年荔枝龙眼产业技术体系示范园-海口站（20220825）.doc,2,17,4,喷灌
示范园/2022年荔枝龙眼产业技术体系示范园-海口站（20220825）.doc,2,17,5,2021
示范园/2022年荔枝龙眼产业技术体系示范园-海口站（20220825）.doc,2,17,6,14.80
示范园/2022年荔枝龙眼产业技术体系示范园-海口站（20220825）.doc,2,17,7,9.0
示范园/2022年荔枝龙眼产业技术体系示范园-海口站（20220825）.doc,2,17,8,95
示范园/2022年荔枝龙眼产业技术体系示范园-海口站（20220825）.doc,2,17,9,2.00
示范园/2022年荔枝龙眼产业技术体系示范园-海口站（20220825）.doc,2,18,5,2022
示范园/2022年荔枝龙眼产业技术体系示范园-海口站（20220825）.doc,2,18,6,24.30
示范园/2022年荔枝龙眼产业技术体系示范园-海口站（20220825）.doc,2,18,7,11.20
示范园/2022年荔枝龙眼产业技术体系示范园-海口站（20220825）.doc,2,18,8,100
示范园/2022年荔枝龙眼产业技术体系示范园-海口站（20220825）.doc,2,18,9,49.60
示范园/2022年荔枝龙眼产业技术体系示范园-海口站（20220825）.doc,2,19,5,
示范园/2022年荔枝龙眼产业技术体系示范园-海口站（20220825）.doc,2,19,6,
示范园/2022年荔枝龙眼产业技术体系示范园-海口站（20220825）.doc,2,19,7,
示范园/2022年荔枝龙眼产业技术体系示范园-海口站（20220825）.doc,2,19,8,
示范园/2022年荔枝龙眼产业技术体系示范园-海口站（20220825）.doc,2,19,9,
示范园/2022年荔枝龙眼产业技术体系示范园-海口站（20220825）.doc,2,20,5,
示范园/2022年荔枝龙眼产业技术体系示范园-海口站（20220825）.doc,2,20,6,
示范园/2022年荔枝龙眼产业技术体系示范园-海口站（20220825）.doc,2,20,7,
示范园/2022年荔枝龙眼产业技术体系示范园-海口站（20220825）.doc,2,20,8,
示范园/2022年荔枝龙眼产业技术体系示范园-海口站（20220825）.doc,2,20,9,
示范园/2022年荔枝龙眼产业技术体系示范园-海口站（20220825）.doc,2,21,5,
示范园/2022年荔枝龙眼产业技术体系示范园-海口站（20220825）.doc,2,21,6,
示范园/2022年荔枝龙眼产业技术体系示范园-海口站（20220825）.doc,2,21,7,
示范园/2022年荔枝龙眼产业技术体系示范园-海口站（20220825）.doc,2,21,8,
示范园/2022年荔枝龙眼产业技术体系示范园-海口站（20220825）.doc,2,21,9,
示范园/2022年荔枝龙眼产业技术体系示范园-海口站（20220825）.doc,2,22,1,世武果园
示范园/2022年荔枝龙眼产业技术体系示范园-海口站（20220825）.doc,2,22,2,0～5
示范园/2022年荔枝龙眼产业技术体系示范园-海口站（20220825）.doc,2,22,3,砂壤土
示范园/2022年荔枝龙眼产业技术体系示范园-海口站（20220825）.doc,2,22,4,喷灌
示范园/2022年荔枝龙眼产业技术体系示范园-海口站（20220825）.doc,2,22,5,2021
示范园/2022年荔枝龙眼产业技术体系示范园-海口站（20220825）.doc,2,22,6,30.3
示范园/2022年荔枝龙眼产业技术体系示范园-海口站（20220825）.doc,2,22,7,16.00
示范园/2022年荔枝龙眼产业技术体系示范园-海口站（20220825）.doc,2,22,8,100
示范园/2022年荔枝龙眼产业技术体系示范园-海口站（20220825）.doc,2,22,9,39.00
示范园/2022年荔枝龙眼产业技术体系示范园-海口站（20220825）.doc,2,23,5,2022
示范园/2022年荔枝龙眼产业技术体系示范园-海口站（20220825）.doc,2,23,6,32.2
示范园/2022年荔枝龙眼产业技术体系示范园-海口站（20220825）.doc,2,23,7,15.60
示范园/2022年荔枝龙眼产业技术体系示范园-海口站（20220825）.doc,2,23,8,100
示范园/2022年荔枝龙眼产业技术体系示范园-海口站（20220825）.doc,2,23,9,39.87
示范园/2022年荔枝龙眼产业技术体系示范园-海口站（20220825）.doc,2,24,5,
示范园/2022年荔枝龙眼产业技术体系示范园-海口站（20220825）.doc,2,24,6,
示范园/2022年荔枝龙眼产业技术体系示范园-海口站（20220825）.doc,2,24,7,
示范园/2022年荔枝龙眼产业技术体系示范园-海口站（20220825）.doc,2,24,8,
示范园/2022年荔枝龙眼产业技术体系示范园-海口站（20220825）.doc,2,24,9,
示范园/2022年荔枝龙眼产业技术体系示范园-海口站（20220825）.doc,2,25,5,
示范园/2022年荔枝龙眼产业技术体系示范园-海口站（20220825）.doc,2,25,6,
示范园/2022年荔枝龙眼产业技术体系示范园-海口站（20220825）.doc,2,25,7,
示范园/2022年荔枝龙眼产业技术体系示范园-海口站（20220825）.doc,2,25,8,
示范园/2022年荔枝龙眼产业技术体系示范园-海口站（20220825）.doc,2,25,9,
示范园/2022年荔枝龙眼产业技术体系示范园-海口站（20220825）.doc,2,26,5,
示范园/2022年荔枝龙眼产业技术体系示范园-海口站（20220825）.doc,2,26,6,
示范园/2022年荔枝龙眼产业技术体系示范园-海口站（20220825）.doc,2,26,7,
示范园/2022年荔枝龙眼产业技术体系示范园-海口站（20220825）.doc,2,26,8,
示范园/2022年荔枝龙眼产业技术体系示范园-海口站（20220825）.doc,2,26,9,
示范园/2022年荔枝龙眼产业技术体系示范园-海口站（20220825）.doc,2,27,1,鲁宏果园
示范园/2022年荔枝龙眼产业技术体系示范园-海口站（20220825）.doc,2,27,2,10～15
示范园/2022年荔枝龙眼产业技术体系示范园-海口站（20220825）.doc,2,27,3,砂壤土
示范园/2022年荔枝龙眼产业技术体系示范园-海口站（20220825）.doc,2,27,4,喷灌
示范园/2022年荔枝龙眼产业技术体系示范园-海口站（20220825）.doc,2,27,5,2018
示范园/2022年荔枝龙眼产业技术体系示范园-海口站（20220825）.doc,2,27,6,48.08
示范园/2022年荔枝龙眼产业技术体系示范园-海口站（20220825）.doc,2,27,7,10.50
示范园/2022年荔枝龙眼产业技术体系示范园-海口站（20220825）.doc,2,27,8,90
示范园/2022年荔枝龙眼产业技术体系示范园-海口站（20220825）.doc,2,27,9,116.82
示范园/2022年荔枝龙眼产业技术体系示范园-海口站（20220825）.doc,2,28,5,2019
示范园/2022年荔枝龙眼产业技术体系示范园-海口站（20220825）.doc,2,28,6,43.17
示范园/2022年荔枝龙眼产业技术体系示范园-海口站（20220825）.doc,2,28,7,14.50
示范园/2022年荔枝龙眼产业技术体系示范园-海口站（20220825）.doc,2,28,8,87
示范园/2022年荔枝龙眼产业技术体系示范园-海口站（20220825）.doc,2,28,9,209.81
示范园/2022年荔枝龙眼产业技术体系示范园-海口站（20220825）.doc,2,29,5,2020
示范园/2022年荔枝龙眼产业技术体系示范园-海口站（20220825）.doc,2,29,6,50.80
示范园/2022年荔枝龙眼产业技术体系示范园-海口站（20220825）.doc,2,29,7,18.00
示范园/2022年荔枝龙眼产业技术体系示范园-海口站（20220825）.doc,2,29,8,95
示范园/2022年荔枝龙眼产业技术体系示范园-海口站（20220825）.doc,2,29,9,246.55
示范园/2022年荔枝龙眼产业技术体系示范园-海口站（20220825）.doc,2,30,5,2021
示范园/2022年荔枝龙眼产业技术体系示范园-海口站（20220825）.doc,2,30,6,48.50
示范园/2022年荔枝龙眼产业技术体系示范园-海口站（20220825）.doc,2,30,7,15.00
示范园/2022年荔枝龙眼产业技术体系示范园-海口站（20220825）.doc,2,30,8,95
示范园/2022年荔枝龙眼产业技术体系示范园-海口站（20220825）.doc,2,30,9,163.75
示范园/2022年荔枝龙眼产业技术体系示范园-海口站（20220825）.doc,2,31,5,2022
示范园/2022年荔枝龙眼产业技术体系示范园-海口站（20220825）.doc,2,31,6,50.80
示范园/2022年荔枝龙眼产业技术体系示范园-海口站（20220825）.doc,2,31,7,20.00
示范园/2022年荔枝龙眼产业技术体系示范园-海口站（20220825）.doc,2,31,8,95
示范园/2022年荔枝龙眼产业技术体系示范园-海口站（20220825）.doc,2,31,9,276.16
示范园/2022年荔枝龙眼产业技术体系示范园-海口站（20220825）.doc,3,1,1,示范园
示范园/2022年荔枝龙眼产业技术体系示范园-海口站（20220825）.doc,3,1,2,品种
示范园/2022年荔枝龙眼产业技术体系示范园-海口站（20220825）.doc,3,1,3,面积（株）
示范园/2022年荔枝龙眼产业技术体系示范园-海口站（20220825）.doc,3,1,4,秋梢老熟期
示范园/2022年荔枝龙眼产业技术体系示范园-海口站（20220825）.doc,3,1,5,露白点期
示范园/2022年荔枝龙眼产业技术体系示范园-海口站（20220825）.doc,3,1,6,抽穗期
示范园/2022年荔枝龙眼产业技术体系示范园-海口站（20220825）.doc,3,1,7,初花期
示范园/2022年荔枝龙眼产业技术体系示范园-海口站（20220825）.doc,3,1,8,盛花期
示范园/2022年荔枝龙眼产业技术体系示范园-海口站（20220825）.doc,3,1,9,谢花期
示范园/2022年荔枝龙眼产业技术体系示范园-海口站（20220825）.doc,3,1,10,初始坐果期
示范园/2022年荔枝龙眼产业技术体系示范园-海口站（20220825）.doc,3,1,11,第1次生理落果期
示范园/2022年荔枝龙眼产业技术体系示范园-海口站（20220825）.doc,3,1,12,第2次生理落果期
示范园/2022年荔枝龙眼产业技术体系示范园-海口站（20220825）.doc,3,1,13,采前落果期
示范园/2022年荔枝龙眼产业技术体系示范园-海口站（20220825）.doc,3,1,14,果实着色期
示范园/2022年荔枝龙眼产业技术体系示范园-海口站（20220825）.doc,3,1,15,果实成熟期
示范园/2022年荔枝龙眼产业技术体系示范园-海口站（20220825）.doc,3,2,1,办内果园
示范园/2022年荔枝龙眼产业技术体系示范园-海口站（20220825）.doc,3,2,2,妃子笑
示范园/2022年荔枝龙眼产业技术体系示范园-海口站（20220825）.doc,3,2,3,"120
（4000）"
示范园/2022年荔枝龙眼产业技术体系示范园-海口站（20220825）.doc,3,2,4,9-25
示范园/2022年荔枝龙眼产业技术体系示范园-海口站（20220825）.doc,3,2,5,12-25
示范园/2022年荔枝龙眼产业技术体系示范园-海口站（20220825）.doc,3,2,6,1-20
示范园/2022年荔枝龙眼产业技术体系示范园-海口站（20220825）.doc,3,2,7,3-1
示范园/2022年荔枝龙眼产业技术体系示范园-海口站（20220825）.doc,3,2,8,3-10
示范园/2022年荔枝龙眼产业技术体系示范园-海口站（20220825）.doc,3,2,9,3-15
示范园/2022年荔枝龙眼产业技术体系示范园-海口站（20220825）.doc,3,2,10,3-15
示范园/2022年荔枝龙眼产业技术体系示范园-海口站（20220825）.doc,3,2,11,3-10
示范园/2022年荔枝龙眼产业技术体系示范园-海口站（20220825）.doc,3,2,12,4-3
示范园/2022年荔枝龙眼产业技术体系示范园-海口站（20220825）.doc,3,2,13,——
示范园/2022年荔枝龙眼产业技术体系示范园-海口站（20220825）.doc,3,2,14,4-28
示范园/2022年荔枝龙眼产业技术体系示范园-海口站（20220825）.doc,3,2,15,5-20
示范园/2022年荔枝龙眼产业技术体系示范园-海口站（20220825）.doc,3,3,1,红明农场
示范园/2022年荔枝龙眼产业技术体系示范园-海口站（20220825）.doc,3,3,2,白糖罂
示范园/2022年荔枝龙眼产业技术体系示范园-海口站（20220825）.doc,3,3,3,"70
（970）"
示范园/2022年荔枝龙眼产业技术体系示范园-海口站（20220825）.doc,3,3,4,9-10
示范园/2022年荔枝龙眼产业技术体系示范园-海口站（20220825）.doc,3,3,5,12-28
示范园/2022年荔枝龙眼产业技术体系示范园-海口站（20220825）.doc,3,3,6,1-5
示范园/2022年荔枝龙眼产业技术体系示范园-海口站（20220825）.doc,3,3,7,2-2
示范园/2022年荔枝龙眼产业技术体系示范园-海口站（20220825）.doc,3,3,8,3-2
示范园/2022年荔枝龙眼产业技术体系示范园-海口站（20220825）.doc,3,3,9,3-8
示范园/2022年荔枝龙眼产业技术体系示范园-海口站（20220825）.doc,3,3,10,3-5
示范园/2022年荔枝龙眼产业技术体系示范园-海口站（20220825）.doc,3,3,11,3-8
示范园/2022年荔枝龙眼产业技术体系示范园-海口站（20220825）.doc,3,3,12,4-7
示范园/2022年荔枝龙眼产业技术体系示范园-海口站（20220825）.doc,3,3,13,——
示范园/2022年荔枝龙眼产业技术体系示范园-海口站（20220825）.doc,3,3,14,4-25
示范园/2022年荔枝龙眼产业技术体系示范园-海口站（20220825）.doc,3,3,15,5-10
示范园/2022年荔枝龙眼产业技术体系示范园-海口站（20220825）.doc,3,4,1,永发果园
示范园/2022年荔枝龙眼产业技术体系示范园-海口站（20220825）.doc,3,4,2,妃子笑
示范园/2022年荔枝龙眼产业技术体系示范园-海口站（20220825）.doc,3,4,3,"25
（550）"
示范园/2022年荔枝龙眼产业技术体系示范园-海口站（20220825）.doc,3,4,4,9-25
示范园/2022年荔枝龙眼产业技术体系示范园-海口站（20220825）.doc,3,4,5,12-25
示范园/2022年荔枝龙眼产业技术体系示范园-海口站（20220825）.doc,3,4,6,1-8
示范园/2022年荔枝龙眼产业技术体系示范园-海口站（20220825）.doc,3,4,7,2-5
示范园/2022年荔枝龙眼产业技术体系示范园-海口站（20220825）.doc,3,4,8,2-15
示范园/2022年荔枝龙眼产业技术体系示范园-海口站（20220825）.doc,3,4,9,2-25
示范园/2022年荔枝龙眼产业技术体系示范园-海口站（20220825）.doc,3,4,10,2-10
示范园/2022年荔枝龙眼产业技术体系示范园-海口站（20220825）.doc,3,4,11,3-10
示范园/2022年荔枝龙眼产业技术体系示范园-海口站（20220825）.doc,3,4,12,4-3
示范园/2022年荔枝龙眼产业技术体系示范园-海口站（20220825）.doc,3,4,13,——
示范园/2022年荔枝龙眼产业技术体系示范园-海口站（20220825）.doc,3,4,14,4-24
示范园/2022年荔枝龙眼产业技术体系示范园-海口站（20220825）.doc,3,4,15,5-15
示范园/2022年荔枝龙眼产业技术体系示范园-海口站（20220825）.doc,3,5,1,龙元果园
示范园/2022年荔枝龙眼产业技术体系示范园-海口站（20220825）.doc,3,5,2,妃子笑
示范园/2022年荔枝龙眼产业技术体系示范园-海口站（20220825）.doc,3,5,3,"200
（7400）"
示范园/2022年荔枝龙眼产业技术体系示范园-海口站（20220825）.doc,3,5,4,9-25
示范园/2022年荔枝龙眼产业技术体系示范园-海口站（20220825）.doc,3,5,5,12-28
示范园/2022年荔枝龙眼产业技术体系示范园-海口站（20220825）.doc,3,5,6,1-10
示范园/2022年荔枝龙眼产业技术体系示范园-海口站（20220825）.doc,3,5,7,2-5
示范园/2022年荔枝龙眼产业技术体系示范园-海口站（20220825）.doc,3,5,8,2-15
示范园/2022年荔枝龙眼产业技术体系示范园-海口站（20220825）.doc,3,5,9,2-28
示范园/2022年荔枝龙眼产业技术体系示范园-海口站（20220825）.doc,3,5,10,3-1
示范园/2022年荔枝龙眼产业技术体系示范园-海口站（20220825）.doc,3,5,11,3-1
示范园/2022年荔枝龙眼产业技术体系示范园-海口站（20220825）.doc,3,5,12,4-5
示范园/2022年荔枝龙眼产业技术体系示范园-海口站（20220825）.doc,3,5,13,——
示范园/2022年荔枝龙眼产业技术体系示范园-海口站（20220825）.doc,3,5,14,4-26
示范园/2022年荔枝龙眼产业技术体系示范园-海口站（20220825）.doc,3,5,15,5-23
示范园/2022年荔枝龙眼产业技术体系示范园-海口站（20220825）.doc,3,6,1,世武果园
示范园/2022年荔枝龙眼产业技术体系示范园-海口站（20220825）.doc,3,6,2,妃子笑
示范园/2022年荔枝龙眼产业技术体系示范园-海口站（20220825）.doc,3,6,3,"30
（990）"
示范园/2022年荔枝龙眼产业技术体系示范园-海口站（20220825）.doc,3,6,4,9-4
示范园/2022年荔枝龙眼产业技术体系示范园-海口站（20220825）.doc,3,6,5,12-18
示范园/2022年荔枝龙眼产业技术体系示范园-海口站（20220825）.doc,3,6,6,1-15
示范园/2022年荔枝龙眼产业技术体系示范园-海口站（20220825）.doc,3,6,7,1-28
示范园/2022年荔枝龙眼产业技术体系示范园-海口站（20220825）.doc,3,6,8,2-8
示范园/2022年荔枝龙眼产业技术体系示范园-海口站（20220825）.doc,3,6,9,2-18
示范园/2022年荔枝龙眼产业技术体系示范园-海口站（20220825）.doc,3,6,10,3-9
示范园/2022年荔枝龙眼产业技术体系示范园-海口站（20220825）.doc,3,6,11,3-11
示范园/2022年荔枝龙眼产业技术体系示范园-海口站（20220825）.doc,3,6,12,3-21
示范园/2022年荔枝龙眼产业技术体系示范园-海口站（20220825）.doc,3,6,13,——
示范园/2022年荔枝龙眼产业技术体系示范园-海口站（20220825）.doc,3,6,14,4-23
示范园/2022年荔枝龙眼产业技术体系示范园-海口站（20220825）.doc,3,6,15,5-1
示范园/2022年荔枝龙眼产业技术体系示范园-海口站（20220825）.doc,3,7,1,鲁宏果园
示范园/2022年荔枝龙眼产业技术体系示范园-海口站（20220825）.doc,3,7,2,妃子笑
示范园/2022年荔枝龙眼产业技术体系示范园-海口站（20220825）.doc,3,7,3,"300
（5000）"
示范园/2022年荔枝龙眼产业技术体系示范园-海口站（20220825）.doc,3,7,4,8-28
示范园/2022年荔枝龙眼产业技术体系示范园-海口站（20220825）.doc,3,7,5,12-25
示范园/2022年荔枝龙眼产业技术体系示范园-海口站（20220825）.doc,3,7,6,1-3
示范园/2022年荔枝龙眼产业技术体系示范园-海口站（20220825）.doc,3,7,7,2-1
示范园/2022年荔枝龙眼产业技术体系示范园-海口站（20220825）.doc,3,7,8,2-15
示范园/2022年荔枝龙眼产业技术体系示范园-海口站（20220825）.doc,3,7,9,2-25
示范园/2022年荔枝龙眼产业技术体系示范园-海口站（20220825）.doc,3,7,10,2-20
示范园/2022年荔枝龙眼产业技术体系示范园-海口站（20220825）.doc,3,7,11,2-27
示范园/2022年荔枝龙眼产业技术体系示范园-海口站（20220825）.doc,3,7,12,3-10
示范园/2022年荔枝龙眼产业技术体系示范园-海口站（20220825）.doc,3,7,13,——
示范园/2022年荔枝龙眼产业技术体系示范园-海口站（20220825）.doc,3,7,14,4-15
示范园/2022年荔枝龙眼产业技术体系示范园-海口站（20220825）.doc,3,7,15,4-25
示范园/2022年荔枝龙眼产业技术体系示范园-海口站（20220825）.doc,4,1,1,示范园
示范园/2022年荔枝龙眼产业技术体系示范园-海口站（20220825）.doc,4,1,2,品种
示范园/2022年荔枝龙眼产业技术体系示范园-海口站（20220825）.doc,4,1,3,测花类别
示范园/2022年荔枝龙眼产业技术体系示范园-海口站（20220825）.doc,4,1,4,测花株数
示范园/2022年荔枝龙眼产业技术体系示范园-海口站（20220825）.doc,4,1,5,比例/%
示范园/2022年荔枝龙眼产业技术体系示范园-海口站（20220825）.doc,4,1,6,成花率/%
示范园/2022年荔枝龙眼产业技术体系示范园-海口站（20220825）.doc,4,2,1,办内果园
示范园/2022年荔枝龙眼产业技术体系示范园-海口站（20220825）.doc,4,2,2,妃子笑
示范园/2022年荔枝龙眼产业技术体系示范园-海口站（20220825）.doc,4,2,3,A（75%-100%）
示范园/2022年荔枝龙眼产业技术体系示范园-海口站（20220825）.doc,4,2,4,200
示范园/2022年荔枝龙眼产业技术体系示范园-海口站（20220825）.doc,4,2,5,100
示范园/2022年荔枝龙眼产业技术体系示范园-海口站（20220825）.doc,4,2,6,100
示范园/2022年荔枝龙眼产业技术体系示范园-海口站（20220825）.doc,4,3,3,B（25%-75%）
示范园/2022年荔枝龙眼产业技术体系示范园-海口站（20220825）.doc,4,3,4,0
示范园/2022年荔枝龙眼产业技术体系示范园-海口站（20220825）.doc,4,3,5,0
示范园/2022年荔枝龙眼产业技术体系示范园-海口站（20220825）.doc,4,4,3,C（0-25%）
示范园/2022年荔枝龙眼产业技术体系示范园-海口站（20220825）.doc,4,4,4,0
示范园/2022年荔枝龙眼产业技术体系示范园-海口站（20220825）.doc,4,4,5,0
示范园/2022年荔枝龙眼产业技术体系示范园-海口站（20220825）.doc,4,5,1,红明农场
示范园/2022年荔枝龙眼产业技术体系示范园-海口站（20220825）.doc,4,5,2,白糖罂
示范园/2022年荔枝龙眼产业技术体系示范园-海口站（20220825）.doc,4,5,3,A（75%-100%）
示范园/2022年荔枝龙眼产业技术体系示范园-海口站（20220825）.doc,4,5,4,200
示范园/2022年荔枝龙眼产业技术体系示范园-海口站（20220825）.doc,4,5,5,100
示范园/2022年荔枝龙眼产业技术体系示范园-海口站（20220825）.doc,4,5,6,100
示范园/2022年荔枝龙眼产业技术体系示范园-海口站（20220825）.doc,4,6,3,B（25%-75%）
示范园/2022年荔枝龙眼产业技术体系示范园-海口站（20220825）.doc,4,6,4,0
示范园/2022年荔枝龙眼产业技术体系示范园-海口站（20220825）.doc,4,6,5,0
示范园/2022年荔枝龙眼产业技术体系示范园-海口站（20220825）.doc,4,7,3,C（0-25%）
示范园/2022年荔枝龙眼产业技术体系示范园-海口站（20220825）.doc,4,7,4,0
示范园/2022年荔枝龙眼产业技术体系示范园-海口站（20220825）.doc,4,7,5,0
示范园/2022年荔枝龙眼产业技术体系示范园-海口站（20220825）.doc,4,8,1,永发果园
示范园/2022年荔枝龙眼产业技术体系示范园-海口站（20220825）.doc,4,8,2,妃子笑
示范园/2022年荔枝龙眼产业技术体系示范园-海口站（20220825）.doc,4,8,3,A（75%-100%）
示范园/2022年荔枝龙眼产业技术体系示范园-海口站（20220825）.doc,4,8,4,200
示范园/2022年荔枝龙眼产业技术体系示范园-海口站（20220825）.doc,4,8,5,100
示范园/2022年荔枝龙眼产业技术体系示范园-海口站（20220825）.doc,4,8,6,100
示范园/2022年荔枝龙眼产业技术体系示范园-海口站（20220825）.doc,4,9,3,B（25%-75%）
示范园/2022年荔枝龙眼产业技术体系示范园-海口站（20220825）.doc,4,9,4,0
示范园/2022年荔枝龙眼产业技术体系示范园-海口站（20220825）.doc,4,9,5,0
示范园/2022年荔枝龙眼产业技术体系示范园-海口站（20220825）.doc,4,10,3,C（0-25%）
示范园/2022年荔枝龙眼产业技术体系示范园-海口站（20220825）.doc,4,10,4,0
示范园/2022年荔枝龙眼产业技术体系示范园-海口站（20220825）.doc,4,10,5,0
示范园/2022年荔枝龙眼产业技术体系示范园-海口站（20220825）.doc,4,11,2,白糖罂
示范园/2022年荔枝龙眼产业技术体系示范园-海口站（20220825）.doc,4,11,3,A（75%-100%）
示范园/2022年荔枝龙眼产业技术体系示范园-海口站（20220825）.doc,4,11,4,200
示范园/2022年荔枝龙眼产业技术体系示范园-海口站（20220825）.doc,4,11,5,100
示范园/2022年荔枝龙眼产业技术体系示范园-海口站（20220825）.doc,4,11,6,100
示范园/2022年荔枝龙眼产业技术体系示范园-海口站（20220825）.doc,4,12,3,B（25%-75%）
示范园/2022年荔枝龙眼产业技术体系示范园-海口站（20220825）.doc,4,12,4,0
示范园/2022年荔枝龙眼产业技术体系示范园-海口站（20220825）.doc,4,12,5,0
示范园/2022年荔枝龙眼产业技术体系示范园-海口站（20220825）.doc,4,13,3,C（0-25%）
示范园/2022年荔枝龙眼产业技术体系示范园-海口站（20220825）.doc,4,13,4,0
示范园/2022年荔枝龙眼产业技术体系示范园-海口站（20220825）.doc,4,13,5,0
示范园/2022年荔枝龙眼产业技术体系示范园-海口站（20220825）.doc,4,14,1,龙元果园
示范园/2022年荔枝龙眼产业技术体系示范园-海口站（20220825）.doc,4,14,2,妃子笑
示范园/2022年荔枝龙眼产业技术体系示范园-海口站（20220825）.doc,4,14,3,A（75%-100%）
示范园/2022年荔枝龙眼产业技术体系示范园-海口站（20220825）.doc,4,14,4,299
示范园/2022年荔枝龙眼产业技术体系示范园-海口站（20220825）.doc,4,14,5,100
示范园/2022年荔枝龙眼产业技术体系示范园-海口站（20220825）.doc,4,14,6,100
示范园/2022年荔枝龙眼产业技术体系示范园-海口站（20220825）.doc,4,15,3,B（25%-75%）
示范园/2022年荔枝龙眼产业技术体系示范园-海口站（20220825）.doc,4,15,4,0
示范园/2022年荔枝龙眼产业技术体系示范园-海口站（20220825）.doc,4,15,5,0
示范园/2022年荔枝龙眼产业技术体系示范园-海口站（20220825）.doc,4,16,3,C（0-25%）
示范园/2022年荔枝龙眼产业技术体系示范园-海口站（20220825）.doc,4,16,4,0
示范园/2022年荔枝龙眼产业技术体系示范园-海口站（20220825）.doc,4,16,5,0
示范园/2022年荔枝龙眼产业技术体系示范园-海口站（20220825）.doc,4,17,1,世武果园
示范园/2022年荔枝龙眼产业技术体系示范园-海口站（20220825）.doc,4,17,2,妃子笑
示范园/2022年荔枝龙眼产业技术体系示范园-海口站（20220825）.doc,4,17,3,A（75%-100%）
示范园/2022年荔枝龙眼产业技术体系示范园-海口站（20220825）.doc,4,17,4,200
示范园/2022年荔枝龙眼产业技术体系示范园-海口站（20220825）.doc,4,17,5,100
示范园/2022年荔枝龙眼产业技术体系示范园-海口站（20220825）.doc,4,17,6,100
示范园/2022年荔枝龙眼产业技术体系示范园-海口站（20220825）.doc,4,18,3,B（25%-75%）
示范园/2022年荔枝龙眼产业技术体系示范园-海口站（20220825）.doc,4,18,4,0
示范园/2022年荔枝龙眼产业技术体系示范园-海口站（20220825）.doc,4,18,5,0
示范园/2022年荔枝龙眼产业技术体系示范园-海口站（20220825）.doc,4,19,3,C（0-25%）
示范园/2022年荔枝龙眼产业技术体系示范园-海口站（20220825）.doc,4,19,4,0
示范园/2022年荔枝龙眼产业技术体系示范园-海口站（20220825）.doc,4,19,5,0
示范园/2022年荔枝龙眼产业技术体系示范园-海口站（20220825）.doc,4,20,1,鲁宏果园
示范园/2022年荔枝龙眼产业技术体系示范园-海口站（20220825）.doc,4,20,2,妃子笑
示范园/2022年荔枝龙眼产业技术体系示范园-海口站（20220825）.doc,4,20,3,A（75%-100%）
示范园/2022年荔枝龙眼产业技术体系示范园-海口站（20220825）.doc,4,20,4,190
示范园/2022年荔枝龙眼产业技术体系示范园-海口站（20220825）.doc,4,20,5,95
示范园/2022年荔枝龙眼产业技术体系示范园-海口站（20220825）.doc,4,20,6,95
示范园/2022年荔枝龙眼产业技术体系示范园-海口站（20220825）.doc,4,21,3,B（25%-75%）
示范园/2022年荔枝龙眼产业技术体系示范园-海口站（20220825）.doc,4,21,4,10
示范园/2022年荔枝龙眼产业技术体系示范园-海口站（20220825）.doc,4,21,5,5
示范园/2022年荔枝龙眼产业技术体系示范园-海口站（20220825）.doc,4,22,3,C（0-25%）
示范园/2022年荔枝龙眼产业技术体系示范园-海口站（20220825）.doc,4,22,4,0
示范园/2022年荔枝龙眼产业技术体系示范园-海口站（20220825）.doc,4,22,5,0
示范园/2022年荔枝龙眼产业技术体系示范园-海口站（20220825）.doc,5,1,1,示范园
示范园/2022年荔枝龙眼产业技术体系示范园-海口站（20220825）.doc,5,1,2,植株类别
示范园/2022年荔枝龙眼产业技术体系示范园-海口站（20220825）.doc,5,1,3,株数
示范园/2022年荔枝龙眼产业技术体系示范园-海口站（20220825）.doc,5,1,4,单株产量（公斤）
示范园/2022年荔枝龙眼产业技术体系示范园-海口站（20220825）.doc,5,1,5,单果重（g）
示范园/2022年荔枝龙眼产业技术体系示范园-海口站（20220825）.doc,5,1,6,病虫果率（%）
示范园/2022年荔枝龙眼产业技术体系示范园-海口站（20220825）.doc,5,1,7,平均株产（公斤）
示范园/2022年荔枝龙眼产业技术体系示范园-海口站（20220825）.doc,5,1,8,平均亩产（公斤/亩）
示范园/2022年荔枝龙眼产业技术体系示范园-海口站（20220825）.doc,5,1,9,测产组长及小组成员
示范园/2022年荔枝龙眼产业技术体系示范园-海口站（20220825）.doc,5,2,4,①
示范园/2022年荔枝龙眼产业技术体系示范园-海口站（20220825）.doc,5,2,5,②
示范园/2022年荔枝龙眼产业技术体系示范园-海口站（20220825）.doc,5,2,6,③
示范园/2022年荔枝龙眼产业技术体系示范园-海口站（20220825）.doc,5,3,1,办内果园
示范园/2022年荔枝龙眼产业技术体系示范园-海口站（20220825）.doc,5,3,2,A
示范园/2022年荔枝龙眼产业技术体系示范园-海口站（20220825）.doc,5,3,3,135
示范园/2022年荔枝龙眼产业技术体系示范园-海口站（20220825）.doc,5,3,4,35.06
示范园/2022年荔枝龙眼产业技术体系示范园-海口站（20220825）.doc,5,3,5,32.8
示范园/2022年荔枝龙眼产业技术体系示范园-海口站（20220825）.doc,5,3,6,30.77
示范园/2022年荔枝龙眼产业技术体系示范园-海口站（20220825）.doc,5,3,7,24.5
示范园/2022年荔枝龙眼产业技术体系示范园-海口站（20220825）.doc,5,3,8,0
示范园/2022年荔枝龙眼产业技术体系示范园-海口站（20220825）.doc,5,3,9,32.88 
示范园/2022年荔枝龙眼产业技术体系示范园-海口站（20220825）.doc,5,3,10,990.00 
示范园/2022年荔枝龙眼产业技术体系示范园-海口站（20220825）.doc,5,3,11,"组长：王祥和
组员：胡福初、吴凤芝、周永岛"
示范园/2022年荔枝龙眼产业技术体系示范园-海口站（20220825）.doc,5,4,2,B
示范园/2022年荔枝龙眼产业技术体系示范园-海口站（20220825）.doc,5,4,3,65
示范园/2022年荔枝龙眼产业技术体系示范园-海口站（20220825）.doc,5,4,4,27.3
示范园/2022年荔枝龙眼产业技术体系示范园-海口站（20220825）.doc,5,4,5,22.87
示范园/2022年荔枝龙眼产业技术体系示范园-海口站（20220825）.doc,5,4,6,31.2
示范园/2022年荔枝龙眼产业技术体系示范园-海口站（20220825）.doc,5,4,7,25.9
示范园/2022年荔枝龙眼产业技术体系示范园-海口站（20220825）.doc,5,4,8,0
示范园/2022年荔枝龙眼产业技术体系示范园-海口站（20220825）.doc,5,4,9,27.12 
示范园/2022年荔枝龙眼产业技术体系示范园-海口站（20220825）.doc,5,5,2,C
示范园/2022年荔枝龙眼产业技术体系示范园-海口站（20220825）.doc,5,5,3,
示范园/2022年荔枝龙眼产业技术体系示范园-海口站（20220825）.doc,5,5,4, 
示范园/2022年荔枝龙眼产业技术体系示范园-海口站（20220825）.doc,5,5,5, 
示范园/2022年荔枝龙眼产业技术体系示范园-海口站（20220825）.doc,5,5,6,
示范园/2022年荔枝龙眼产业技术体系示范园-海口站（20220825）.doc,5,5,7, 
示范园/2022年荔枝龙眼产业技术体系示范园-海口站（20220825）.doc,5,5,8,
示范园/2022年荔枝龙眼产业技术体系示范园-海口站（20220825）.doc,5,5,9, 
示范园/2022年荔枝龙眼产业技术体系示范园-海口站（20220825）.doc,5,6,1,红明农场
示范园/2022年荔枝龙眼产业技术体系示范园-海口站（20220825）.doc,5,6,2,A
示范园/2022年荔枝龙眼产业技术体系示范园-海口站（20220825）.doc,5,6,3,193
示范园/2022年荔枝龙眼产业技术体系示范园-海口站（20220825）.doc,5,6,4,136.08
示范园/2022年荔枝龙眼产业技术体系示范园-海口站（20220825）.doc,5,6,5,137.81
示范园/2022年荔枝龙眼产业技术体系示范园-海口站（20220825）.doc,5,6,6,120.88
示范园/2022年荔枝龙眼产业技术体系示范园-海口站（20220825）.doc,5,6,7,20.5
示范园/2022年荔枝龙眼产业技术体系示范园-海口站（20220825）.doc,5,6,8,1
示范园/2022年荔枝龙眼产业技术体系示范园-海口站（20220825）.doc,5,6,9,131.59 
示范园/2022年荔枝龙眼产业技术体系示范园-海口站（20220825）.doc,5,6,10,1804.40
示范园/2022年荔枝龙眼产业技术体系示范园-海口站（20220825）.doc,5,6,11,"组长：王祥和
组员：胡福初、吴凤芝、陈会华"
示范园/2022年荔枝龙眼产业技术体系示范园-海口站（20220825）.doc,5,7,2,B
示范园/2022年荔枝龙眼产业技术体系示范园-海口站（20220825）.doc,5,7,3,7
示范园/2022年荔枝龙眼产业技术体系示范园-海口站（20220825）.doc,5,7,4,118.25
示范园/2022年荔枝龙眼产业技术体系示范园-海口站（20220825）.doc,5,7,5,127.38
示范园/2022年荔枝龙眼产业技术体系示范园-海口站（20220825）.doc,5,7,6,132.91
示范园/2022年荔枝龙眼产业技术体系示范园-海口站（20220825）.doc,5,7,7,20.4
示范园/2022年荔枝龙眼产业技术体系示范园-海口站（20220825）.doc,5,7,8,0
示范园/2022年荔枝龙眼产业技术体系示范园-海口站（20220825）.doc,5,7,9,126.18 
示范园/2022年荔枝龙眼产业技术体系示范园-海口站（20220825）.doc,5,8,2,C
示范园/2022年荔枝龙眼产业技术体系示范园-海口站（20220825）.doc,5,8,3,
示范园/2022年荔枝龙眼产业技术体系示范园-海口站（20220825）.doc,5,8,4,
示范园/2022年荔枝龙眼产业技术体系示范园-海口站（20220825）.doc,5,8,5,
示范园/2022年荔枝龙眼产业技术体系示范园-海口站（20220825）.doc,5,8,6,
示范园/2022年荔枝龙眼产业技术体系示范园-海口站（20220825）.doc,5,8,7, 
示范园/2022年荔枝龙眼产业技术体系示范园-海口站（20220825）.doc,5,8,8,
示范园/2022年荔枝龙眼产业技术体系示范园-海口站（20220825）.doc,5,8,9,
示范园/2022年荔枝龙眼产业技术体系示范园-海口站（20220825）.doc,5,9,1,永发果园
示范园/2022年荔枝龙眼产业技术体系示范园-海口站（20220825）.doc,5,9,2,A
示范园/2022年荔枝龙眼产业技术体系示范园-海口站（20220825）.doc,5,9,3,91
示范园/2022年荔枝龙眼产业技术体系示范园-海口站（20220825）.doc,5,9,4,68.92
示范园/2022年荔枝龙眼产业技术体系示范园-海口站（20220825）.doc,5,9,5,60.23
示范园/2022年荔枝龙眼产业技术体系示范园-海口站（20220825）.doc,5,9,6,64.78
示范园/2022年荔枝龙眼产业技术体系示范园-海口站（20220825）.doc,5,9,7,23.6
示范园/2022年荔枝龙眼产业技术体系示范园-海口站（20220825）.doc,5,9,8,3
示范园/2022年荔枝龙眼产业技术体系示范园-海口站（20220825）.doc,5,9,9,64.64 
示范园/2022年荔枝龙眼产业技术体系示范园-海口站（20220825）.doc,5,9,10,1587.30 
示范园/2022年荔枝龙眼产业技术体系示范园-海口站（20220825）.doc,5,9,11,"组长：王祥和
组员：胡福初、范鸿雁、洪世聪"
示范园/2022年荔枝龙眼产业技术体系示范园-海口站（20220825）.doc,5,10,2,B
示范园/2022年荔枝龙眼产业技术体系示范园-海口站（20220825）.doc,5,10,3,104
示范园/2022年荔枝龙眼产业技术体系示范园-海口站（20220825）.doc,5,10,4,52.64
示范园/2022年荔枝龙眼产业技术体系示范园-海口站（20220825）.doc,5,10,5,48.26
示范园/2022年荔枝龙眼产业技术体系示范园-海口站（20220825）.doc,5,10,6,45.29
示范园/2022年荔枝龙眼产业技术体系示范园-海口站（20220825）.doc,5,10,7,26.8 
示范园/2022年荔枝龙眼产业技术体系示范园-海口站（20220825）.doc,5,10,8,1
示范园/2022年荔枝龙眼产业技术体系示范园-海口站（20220825）.doc,5,10,9,48.73 
示范园/2022年荔枝龙眼产业技术体系示范园-海口站（20220825）.doc,5,11,2,C
示范园/2022年荔枝龙眼产业技术体系示范园-海口站（20220825）.doc,5,11,3,
示范园/2022年荔枝龙眼产业技术体系示范园-海口站（20220825）.doc,5,11,4,
示范园/2022年荔枝龙眼产业技术体系示范园-海口站（20220825）.doc,5,11,5,
示范园/2022年荔枝龙眼产业技术体系示范园-海口站（20220825）.doc,5,11,6,
示范园/2022年荔枝龙眼产业技术体系示范园-海口站（20220825）.doc,5,11,7,
示范园/2022年荔枝龙眼产业技术体系示范园-海口站（20220825）.doc,5,11,8,
示范园/2022年荔枝龙眼产业技术体系示范园-海口站（20220825）.doc,5,11,9,
示范园/2022年荔枝龙眼产业技术体系示范园-海口站（20220825）.doc,5,12,1,龙元果园
示范园/2022年荔枝龙眼产业技术体系示范园-海口站（20220825）.doc,5,12,2,A
示范园/2022年荔枝龙眼产业技术体系示范园-海口站（20220825）.doc,5,12,3,132
示范园/2022年荔枝龙眼产业技术体系示范园-海口站（20220825）.doc,5,12,4,81.26
示范园/2022年荔枝龙眼产业技术体系示范园-海口站（20220825）.doc,5,12,5,73.89
示范园/2022年荔枝龙眼产业技术体系示范园-海口站（20220825）.doc,5,12,6,76.12
示范园/2022年荔枝龙眼产业技术体系示范园-海口站（20220825）.doc,5,12,7,22.3 
示范园/2022年荔枝龙眼产业技术体系示范园-海口站（20220825）.doc,5,12,8,0
示范园/2022年荔枝龙眼产业技术体系示范园-海口站（20220825）.doc,5,12,9,77.09 
示范园/2022年荔枝龙眼产业技术体系示范园-海口站（20220825）.doc,5,12,10,1798.20
示范园/2022年荔枝龙眼产业技术体系示范园-海口站（20220825）.doc,5,12,11,"组长：王祥和
组员：王德长、胡福初、吴凤芝"
示范园/2022年荔枝龙眼产业技术体系示范园-海口站（20220825）.doc,5,13,2,B
示范园/2022年荔枝龙眼产业技术体系示范园-海口站（20220825）.doc,5,13,3,68
示范园/2022年荔枝龙眼产业技术体系示范园-海口站（20220825）.doc,5,13,4,59.51
示范园/2022年荔枝龙眼产业技术体系示范园-海口站（20220825）.doc,5,13,5,61.01
示范园/2022年荔枝龙眼产业技术体系示范园-海口站（20220825）.doc,5,13,6,63.19
示范园/2022年荔枝龙眼产业技术体系示范园-海口站（20220825）.doc,5,13,7,23.2 
示范园/2022年荔枝龙眼产业技术体系示范园-海口站（20220825）.doc,5,13,8,0
示范园/2022年荔枝龙眼产业技术体系示范园-海口站（20220825）.doc,5,13,9,61.24 
示范园/2022年荔枝龙眼产业技术体系示范园-海口站（20220825）.doc,5,14,2,C
示范园/2022年荔枝龙眼产业技术体系示范园-海口站（20220825）.doc,5,14,3,
示范园/2022年荔枝龙眼产业技术体系示范园-海口站（20220825）.doc,5,14,4,
示范园/2022年荔枝龙眼产业技术体系示范园-海口站（20220825）.doc,5,14,5, 
示范园/2022年荔枝龙眼产业技术体系示范园-海口站（20220825）.doc,5,14,6,
示范园/2022年荔枝龙眼产业技术体系示范园-海口站（20220825）.doc,5,14,7, 
示范园/2022年荔枝龙眼产业技术体系示范园-海口站（20220825）.doc,5,14,8,
示范园/2022年荔枝龙眼产业技术体系示范园-海口站（20220825）.doc,5,14,9, 
示范园/2022年荔枝龙眼产业技术体系示范园-海口站（20220825）.doc,5,15,1,世武果园
示范园/2022年荔枝龙眼产业技术体系示范园-海口站（20220825）.doc,5,15,2,A
示范园/2022年荔枝龙眼产业技术体系示范园-海口站（20220825）.doc,5,15,3,123
示范园/2022年荔枝龙眼产业技术体系示范园-海口站（20220825）.doc,5,15,4,72.23
示范园/2022年荔枝龙眼产业技术体系示范园-海口站（20220825）.doc,5,15,5,80.01
示范园/2022年荔枝龙眼产业技术体系示范园-海口站（20220825）.doc,5,15,6,75.21
示范园/2022年荔枝龙眼产业技术体系示范园-海口站（20220825）.doc,5,15,7,22.5
示范园/2022年荔枝龙眼产业技术体系示范园-海口站（20220825）.doc,5,15,8,0
示范园/2022年荔枝龙眼产业技术体系示范园-海口站（20220825）.doc,5,15,9,75.82 
示范园/2022年荔枝龙眼产业技术体系示范园-海口站（20220825）.doc,5,15,10,2125.20 
示范园/2022年荔枝龙眼产业技术体系示范园-海口站（20220825）.doc,5,15,11,"组长：王祥和
组员：胡福初、王海新、陶挺燕"
示范园/2022年荔枝龙眼产业技术体系示范园-海口站（20220825）.doc,5,16,2,B
示范园/2022年荔枝龙眼产业技术体系示范园-海口站（20220825）.doc,5,16,3,77
示范园/2022年荔枝龙眼产业技术体系示范园-海口站（20220825）.doc,5,16,4,57.24
示范园/2022年荔枝龙眼产业技术体系示范园-海口站（20220825）.doc,5,16,5,53.04
示范园/2022年荔枝龙眼产业技术体系示范园-海口站（20220825）.doc,5,16,6,48.64
示范园/2022年荔枝龙眼产业技术体系示范园-海口站（20220825）.doc,5,16,7,23.6 
示范园/2022年荔枝龙眼产业技术体系示范园-海口站（20220825）.doc,5,16,8,0
示范园/2022年荔枝龙眼产业技术体系示范园-海口站（20220825）.doc,5,16,9,52.97 
示范园/2022年荔枝龙眼产业技术体系示范园-海口站（20220825）.doc,5,17,2,C
示范园/2022年荔枝龙眼产业技术体系示范园-海口站（20220825）.doc,5,17,3,
示范园/2022年荔枝龙眼产业技术体系示范园-海口站（20220825）.doc,5,17,4,
示范园/2022年荔枝龙眼产业技术体系示范园-海口站（20220825）.doc,5,17,5,
示范园/2022年荔枝龙眼产业技术体系示范园-海口站（20220825）.doc,5,17,6,
示范园/2022年荔枝龙眼产业技术体系示范园-海口站（20220825）.doc,5,17,7, 
示范园/2022年荔枝龙眼产业技术体系示范园-海口站（20220825）.doc,5,17,8,
示范园/2022年荔枝龙眼产业技术体系示范园-海口站（20220825）.doc,5,17,9, 
示范园/2022年荔枝龙眼产业技术体系示范园-海口站（20220825）.doc,5,18,1,鲁宏果园
示范园/2022年荔枝龙眼产业技术体系示范园-海口站（20220825）.doc,5,18,2,A
示范园/2022年荔枝龙眼产业技术体系示范园-海口站（20220825）.doc,5,18,3,92
示范园/2022年荔枝龙眼产业技术体系示范园-海口站（20220825）.doc,5,18,4,115.21
示范园/2022年荔枝龙眼产业技术体系示范园-海口站（20220825）.doc,5,18,5,120.6
示范园/2022年荔枝龙眼产业技术体系示范园-海口站（20220825）.doc,5,18,6,113.25
示范园/2022年荔枝龙眼产业技术体系示范园-海口站（20220825）.doc,5,18,7,20.7 
示范园/2022年荔枝龙眼产业技术体系示范园-海口站（20220825）.doc,5,18,8,0
示范园/2022年荔枝龙眼产业技术体系示范园-海口站（20220825）.doc,5,18,9,116.35 
示范园/2022年荔枝龙眼产业技术体系示范园-海口站（20220825）.doc,5,18,10,1691.64
示范园/2022年荔枝龙眼产业技术体系示范园-海口站（20220825）.doc,5,18,11,"组长：王祥和
组员：胡福初、吴凤芝"
示范园/2022年荔枝龙眼产业技术体系示范园-海口站（20220825）.doc,5,19,2,B
示范园/2022年荔枝龙眼产业技术体系示范园-海口站（20220825）.doc,5,19,3,108
示范园/2022年荔枝龙眼产业技术体系示范园-海口站（20220825）.doc,5,19,4,82.17
示范园/2022年荔枝龙眼产业技术体系示范园-海口站（20220825）.doc,5,19,5,80.36
示范园/2022年荔枝龙眼产业技术体系示范园-海口站（20220825）.doc,5,19,6,85.45
示范园/2022年荔枝龙眼产业技术体系示范园-海口站（20220825）.doc,5,19,7,21.9
示范园/2022年荔枝龙眼产业技术体系示范园-海口站（20220825）.doc,5,19,8,0
示范园/2022年荔枝龙眼产业技术体系示范园-海口站（20220825）.doc,5,19,9,82.66
示范园/2022年荔枝龙眼产业技术体系示范园-海口站（20220825）.doc,5,20,2,C
示范园/2022年荔枝龙眼产业技术体系示范园-海口站（20220825）.doc,5,20,3,
示范园/2022年荔枝龙眼产业技术体系示范园-海口站（20220825）.doc,5,20,4,
示范园/2022年荔枝龙眼产业技术体系示范园-海口站（20220825）.doc,5,20,5,
示范园/2022年荔枝龙眼产业技术体系示范园-海口站（20220825）.doc,5,20,6,
示范园/2022年荔枝龙眼产业技术体系示范园-海口站（20220825）.doc,5,20,7, 
示范园/2022年荔枝龙眼产业技术体系示范园-海口站（20220825）.doc,5,20,8,
示范园/2022年荔枝龙眼产业技术体系示范园-海口站（20220825）.doc,5,20,9,
示范园/2022年荔枝龙眼产业技术体系示范园-海口站（20220825）.doc,6,1,1,示范园
示范园/2022年荔枝龙眼产业技术体系示范园-海口站（20220825）.doc,6,1,2,土地费用
示范园/2022年荔枝龙眼产业技术体系示范园-海口站（20220825）.doc,6,1,3,肥料费用
示范园/2022年荔枝龙眼产业技术体系示范园-海口站（20220825）.doc,6,1,4,农药费用
示范园/2022年荔枝龙眼产业技术体系示范园-海口站（20220825）.doc,6,1,5,固定资产折旧
示范园/2022年荔枝龙眼产业技术体系示范园-海口站（20220825）.doc,6,1,6,劳动投入
示范园/2022年荔枝龙眼产业技术体系示范园-海口站（20220825）.doc,6,1,7,亩投入
示范园/2022年荔枝龙眼产业技术体系示范园-海口站（20220825）.doc,6,1,8,亩产出
示范园/2022年荔枝龙眼产业技术体系示范园-海口站（20220825）.doc,6,1,9,亩利润
示范园/2022年荔枝龙眼产业技术体系示范园-海口站（20220825）.doc,6,2,2,租金
示范园/2022年荔枝龙眼产业技术体系示范园-海口站（20220825）.doc,6,2,3,自营地折价
示范园/2022年荔枝龙眼产业技术体系示范园-海口站（20220825）.doc,6,2,4,化肥
示范园/2022年荔枝龙眼产业技术体系示范园-海口站（20220825）.doc,6,2,5,有机肥
示范园/2022年荔枝龙眼产业技术体系示范园-海口站（20220825）.doc,6,2,8,亩用工
示范园/2022年荔枝龙眼产业技术体系示范园-海口站（20220825）.doc,6,2,9,日工价
示范园/2022年荔枝龙眼产业技术体系示范园-海口站（20220825）.doc,6,2,10,劳动力投入
示范园/2022年荔枝龙眼产业技术体系示范园-海口站（20220825）.doc,6,2,11,示范园投入
示范园/2022年荔枝龙眼产业技术体系示范园-海口站（20220825）.doc,6,2,12,当地平均投入
示范园/2022年荔枝龙眼产业技术体系示范园-海口站（20220825）.doc,6,2,13,示范园产出
示范园/2022年荔枝龙眼产业技术体系示范园-海口站（20220825）.doc,6,2,14,当地平均产出
示范园/2022年荔枝龙眼产业技术体系示范园-海口站（20220825）.doc,6,2,15,示范园亩利润
示范园/2022年荔枝龙眼产业技术体系示范园-海口站（20220825）.doc,6,2,16,当地平均利润
示范园/2022年荔枝龙眼产业技术体系示范园-海口站（20220825）.doc,6,3,1,办内果园
示范园/2022年荔枝龙眼产业技术体系示范园-海口站（20220825）.doc,6,3,2,0
示范园/2022年荔枝龙眼产业技术体系示范园-海口站（20220825）.doc,6,3,3,800
示范园/2022年荔枝龙眼产业技术体系示范园-海口站（20220825）.doc,6,3,4,350
示范园/2022年荔枝龙眼产业技术体系示范园-海口站（20220825）.doc,6,3,5,250
示范园/2022年荔枝龙眼产业技术体系示范园-海口站（20220825）.doc,6,3,6,850
示范园/2022年荔枝龙眼产业技术体系示范园-海口站（20220825）.doc,6,3,7,150
示范园/2022年荔枝龙眼产业技术体系示范园-海口站（20220825）.doc,6,3,8,15
示范园/2022年荔枝龙眼产业技术体系示范园-海口站（20220825）.doc,6,3,9,120
示范园/2022年荔枝龙眼产业技术体系示范园-海口站（20220825）.doc,6,3,10,1800
示范园/2022年荔枝龙眼产业技术体系示范园-海口站（20220825）.doc,6,3,11,3818
示范园/2022年荔枝龙眼产业技术体系示范园-海口站（20220825）.doc,6,3,12,5500
示范园/2022年荔枝龙眼产业技术体系示范园-海口站（20220825）.doc,6,3,13,11368
示范园/2022年荔枝龙眼产业技术体系示范园-海口站（20220825）.doc,6,3,14,10000
示范园/2022年荔枝龙眼产业技术体系示范园-海口站（20220825）.doc,6,3,15,7550
示范园/2022年荔枝龙眼产业技术体系示范园-海口站（20220825）.doc,6,3,16,4500 
示范园/2022年荔枝龙眼产业技术体系示范园-海口站（20220825）.doc,6,4,1,会华果园
示范园/2022年荔枝龙眼产业技术体系示范园-海口站（20220825）.doc,6,4,2,500
示范园/2022年荔枝龙眼产业技术体系示范园-海口站（20220825）.doc,6,4,3,0
示范园/2022年荔枝龙眼产业技术体系示范园-海口站（20220825）.doc,6,4,4,950
示范园/2022年荔枝龙眼产业技术体系示范园-海口站（20220825）.doc,6,4,5,550
示范园/2022年荔枝龙眼产业技术体系示范园-海口站（20220825）.doc,6,4,6,1200
示范园/2022年荔枝龙眼产业技术体系示范园-海口站（20220825）.doc,6,4,7,260
示范园/2022年荔枝龙眼产业技术体系示范园-海口站（20220825）.doc,6,4,8,20
示范园/2022年荔枝龙眼产业技术体系示范园-海口站（20220825）.doc,6,4,9,150
示范园/2022年荔枝龙眼产业技术体系示范园-海口站（20220825）.doc,6,4,10,3000
示范园/2022年荔枝龙眼产业技术体系示范园-海口站（20220825）.doc,6,4,11,6460
示范园/2022年荔枝龙眼产业技术体系示范园-海口站（20220825）.doc,6,4,12,7000
示范园/2022年荔枝龙眼产业技术体系示范园-海口站（20220825）.doc,6,4,13,14434 
示范园/2022年荔枝龙眼产业技术体系示范园-海口站（20220825）.doc,6,4,14,12000
示范园/2022年荔枝龙眼产业技术体系示范园-海口站（20220825）.doc,6,4,15,7974
示范园/2022年荔枝龙眼产业技术体系示范园-海口站（20220825）.doc,6,4,16,5000 
示范园/2022年荔枝龙眼产业技术体系示范园-海口站（20220825）.doc,6,5,1,永发果园
示范园/2022年荔枝龙眼产业技术体系示范园-海口站（20220825）.doc,6,5,2,0
示范园/2022年荔枝龙眼产业技术体系示范园-海口站（20220825）.doc,6,5,3,650
示范园/2022年荔枝龙眼产业技术体系示范园-海口站（20220825）.doc,6,5,4,550
示范园/2022年荔枝龙眼产业技术体系示范园-海口站（20220825）.doc,6,5,5,980
示范园/2022年荔枝龙眼产业技术体系示范园-海口站（20220825）.doc,6,5,6,900
示范园/2022年荔枝龙眼产业技术体系示范园-海口站（20220825）.doc,6,5,7,380
示范园/2022年荔枝龙眼产业技术体系示范园-海口站（20220825）.doc,6,5,8,16
示范园/2022年荔枝龙眼产业技术体系示范园-海口站（20220825）.doc,6,5,9,130
示范园/2022年荔枝龙眼产业技术体系示范园-海口站（20220825）.doc,6,5,10,2080
示范园/2022年荔枝龙眼产业技术体系示范园-海口站（20220825）.doc,6,5,11,5540
示范园/2022年荔枝龙眼产业技术体系示范园-海口站（20220825）.doc,6,5,12,3500
示范园/2022年荔枝龙眼产业技术体系示范园-海口站（20220825）.doc,6,5,13,4600
示范园/2022年荔枝龙眼产业技术体系示范园-海口站（20220825）.doc,6,5,14,8500
示范园/2022年荔枝龙眼产业技术体系示范园-海口站（20220825）.doc,6,5,15,2320
示范园/2022年荔枝龙眼产业技术体系示范园-海口站（20220825）.doc,6,5,16,5000 
示范园/2022年荔枝龙眼产业技术体系示范园-海口站（20220825）.doc,6,6,1,龙元果园
示范园/2022年荔枝龙眼产业技术体系示范园-海口站（20220825）.doc,6,6,2,0
示范园/2022年荔枝龙眼产业技术体系示范园-海口站（20220825）.doc,6,6,3,600
示范园/2022年荔枝龙眼产业技术体系示范园-海口站（20220825）.doc,6,6,4,450
示范园/2022年荔枝龙眼产业技术体系示范园-海口站（20220825）.doc,6,6,5,310
示范园/2022年荔枝龙眼产业技术体系示范园-海口站（20220825）.doc,6,6,6,900
示范园/2022年荔枝龙眼产业技术体系示范园-海口站（20220825）.doc,6,6,7,80
示范园/2022年荔枝龙眼产业技术体系示范园-海口站（20220825）.doc,6,6,8,16
示范园/2022年荔枝龙眼产业技术体系示范园-海口站（20220825）.doc,6,6,9,130
示范园/2022年荔枝龙眼产业技术体系示范园-海口站（20220825）.doc,6,6,10,2080
示范园/2022年荔枝龙眼产业技术体系示范园-海口站（20220825）.doc,6,6,11,4420
示范园/2022年荔枝龙眼产业技术体系示范园-海口站（20220825）.doc,6,6,12,4200
示范园/2022年荔枝龙眼产业技术体系示范园-海口站（20220825）.doc,6,6,13,10070 
示范园/2022年荔枝龙眼产业技术体系示范园-海口站（20220825）.doc,6,6,14,7500
示范园/2022年荔枝龙眼产业技术体系示范园-海口站（20220825）.doc,6,6,15,45650 
示范园/2022年荔枝龙眼产业技术体系示范园-海口站（20220825）.doc,6,6,16,3300 
示范园/2022年荔枝龙眼产业技术体系示范园-海口站（20220825）.doc,6,7,1,世武果园
示范园/2022年荔枝龙眼产业技术体系示范园-海口站（20220825）.doc,6,7,2,450
示范园/2022年荔枝龙眼产业技术体系示范园-海口站（20220825）.doc,6,7,3,0
示范园/2022年荔枝龙眼产业技术体系示范园-海口站（20220825）.doc,6,7,4,620
示范园/2022年荔枝龙眼产业技术体系示范园-海口站（20220825）.doc,6,7,5,880
示范园/2022年荔枝龙眼产业技术体系示范园-海口站（20220825）.doc,6,7,6,1200
示范园/2022年荔枝龙眼产业技术体系示范园-海口站（20220825）.doc,6,7,7,150
示范园/2022年荔枝龙眼产业技术体系示范园-海口站（20220825）.doc,6,7,8,17
示范园/2022年荔枝龙眼产业技术体系示范园-海口站（20220825）.doc,6,7,9,150
示范园/2022年荔枝龙眼产业技术体系示范园-海口站（20220825）.doc,6,7,10,2550
示范园/2022年荔枝龙眼产业技术体系示范园-海口站（20220825）.doc,6,7,11,5850
示范园/2022年荔枝龙眼产业技术体系示范园-海口站（20220825）.doc,6,7,12,5400
示范园/2022年荔枝龙眼产业技术体系示范园-海口站（20220825）.doc,6,7,13,16576 
示范园/2022年荔枝龙眼产业技术体系示范园-海口站（20220825）.doc,6,7,14,11000
示范园/2022年荔枝龙眼产业技术体系示范园-海口站（20220825）.doc,6,7,15,13290
示范园/2022年荔枝龙眼产业技术体系示范园-海口站（20220825）.doc,6,7,16,5600 
示范园/2022年荔枝龙眼产业技术体系示范园-海口站（20220825）.doc,6,8,1,鲁宏果园
示范园/2022年荔枝龙眼产业技术体系示范园-海口站（20220825）.doc,6,8,2,0
示范园/2022年荔枝龙眼产业技术体系示范园-海口站（20220825）.doc,6,8,3,1250
示范园/2022年荔枝龙眼产业技术体系示范园-海口站（20220825）.doc,6,8,4,550
示范园/2022年荔枝龙眼产业技术体系示范园-海口站（20220825）.doc,6,8,5,820
示范园/2022年荔枝龙眼产业技术体系示范园-海口站（20220825）.doc,6,8,6,1150
示范园/2022年荔枝龙眼产业技术体系示范园-海口站（20220825）.doc,6,8,7,80
示范园/2022年荔枝龙眼产业技术体系示范园-海口站（20220825）.doc,6,8,8,20
示范园/2022年荔枝龙眼产业技术体系示范园-海口站（20220825）.doc,6,8,9,150
示范园/2022年荔枝龙眼产业技术体系示范园-海口站（20220825）.doc,6,8,10,3000
示范园/2022年荔枝龙眼产业技术体系示范园-海口站（20220825）.doc,6,8,11,6850
示范园/2022年荔枝龙眼产业技术体系示范园-海口站（20220825）.doc,6,8,12,7200
示范园/2022年荔枝龙眼产业技术体系示范园-海口站（20220825）.doc,6,8,13,16916 
示范园/2022年荔枝龙眼产业技术体系示范园-海口站（20220825）.doc,6,8,14,13000
示范园/2022年荔枝龙眼产业技术体系示范园-海口站（20220825）.doc,6,8,15,9205 
示范园/2022年荔枝龙眼产业技术体系示范园-海口站（20220825）.doc,6,8,16,5800 
示范园/2023年荔枝龙眼产业技术体系示范园-海口站（20230825）(1).doc,1,1,1,"示范果园
（编号）"
示范园/2023年荔枝龙眼产业技术体系示范园-海口站（20230825）(1).doc,1,1,2,面积（亩）
示范园/2023年荔枝龙眼产业技术体系示范园-海口站（20230825）(1).doc,1,1,3,种植年份
示范园/2023年荔枝龙眼产业技术体系示范园-海口站（20230825）(1).doc,1,1,4,改造年份
示范园/2023年荔枝龙眼产业技术体系示范园-海口站（20230825）(1).doc,1,1,5,品种
示范园/2023年荔枝龙眼产业技术体系示范园-海口站（20230825）(1).doc,1,1,6,株数
示范园/2023年荔枝龙眼产业技术体系示范园-海口站（20230825）(1).doc,1,1,7,株距×行距（m）
示范园/2023年荔枝龙眼产业技术体系示范园-海口站（20230825）(1).doc,1,1,8,农场主
示范园/2023年荔枝龙眼产业技术体系示范园-海口站（20230825）(1).doc,1,1,9,经纬度
示范园/2023年荔枝龙眼产业技术体系示范园-海口站（20230825）(1).doc,1,2,1,"办内果园
CARS-33-46-01"
示范园/2023年荔枝龙眼产业技术体系示范园-海口站（20230825）(1).doc,1,2,2,120
示范园/2023年荔枝龙眼产业技术体系示范园-海口站（20230825）(1).doc,1,2,3,2002年
示范园/2023年荔枝龙眼产业技术体系示范园-海口站（20230825）(1).doc,1,2,4,2015重回缩
示范园/2023年荔枝龙眼产业技术体系示范园-海口站（20230825）(1).doc,1,2,5,妃子笑
示范园/2023年荔枝龙眼产业技术体系示范园-海口站（20230825）(1).doc,1,2,6,4000
示范园/2023年荔枝龙眼产业技术体系示范园-海口站（20230825）(1).doc,1,2,7,4×5
示范园/2023年荔枝龙眼产业技术体系示范园-海口站（20230825）(1).doc,1,2,8,周永岛
示范园/2023年荔枝龙眼产业技术体系示范园-海口站（20230825）(1).doc,1,2,9,"N 19° 53' 57.63""
E 110° 29' 58.18"""
示范园/2023年荔枝龙眼产业技术体系示范园-海口站（20230825）(1).doc,1,3,1,"红明农场
CARS-33-46-02"
示范园/2023年荔枝龙眼产业技术体系示范园-海口站（20230825）(1).doc,1,3,2,70
示范园/2023年荔枝龙眼产业技术体系示范园-海口站（20230825）(1).doc,1,3,3,2000年
示范园/2023年荔枝龙眼产业技术体系示范园-海口站（20230825）(1).doc,1,3,4,"2010间伐
2018年重回缩"
示范园/2023年荔枝龙眼产业技术体系示范园-海口站（20230825）(1).doc,1,3,5,白糖罂
示范园/2023年荔枝龙眼产业技术体系示范园-海口站（20230825）(1).doc,1,3,6,970
示范园/2023年荔枝龙眼产业技术体系示范园-海口站（20230825）(1).doc,1,3,7,6×8
示范园/2023年荔枝龙眼产业技术体系示范园-海口站（20230825）(1).doc,1,3,8,陈会华
示范园/2023年荔枝龙眼产业技术体系示范园-海口站（20230825）(1).doc,1,3,9,"N 19° 41' 54.98""
E 110° 34' 49.95"""
示范园/2023年荔枝龙眼产业技术体系示范园-海口站（20230825）(1).doc,1,4,1,"永发果园
CARS-33-46-03"
示范园/2023年荔枝龙眼产业技术体系示范园-海口站（20230825）(1).doc,1,4,2,25
示范园/2023年荔枝龙眼产业技术体系示范园-海口站（20230825）(1).doc,1,4,3,1995年
示范园/2023年荔枝龙眼产业技术体系示范园-海口站（20230825）(1).doc,1,4,4,"2013间伐
2014重回缩"
示范园/2023年荔枝龙眼产业技术体系示范园-海口站（20230825）(1).doc,1,4,5,妃子笑
示范园/2023年荔枝龙眼产业技术体系示范园-海口站（20230825）(1).doc,1,4,6,550
示范园/2023年荔枝龙眼产业技术体系示范园-海口站（20230825）(1).doc,1,4,7,4×6
示范园/2023年荔枝龙眼产业技术体系示范园-海口站（20230825）(1).doc,1,4,8,洪世聪
示范园/2023年荔枝龙眼产业技术体系示范园-海口站（20230825）(1).doc,1,4,9,"N 19° 45' 30.91""
E 110° 12' 13.96"""
示范园/2023年荔枝龙眼产业技术体系示范园-海口站（20230825）(1).doc,1,5,1,"龙元果园
CARS-33-46-04"
示范园/2023年荔枝龙眼产业技术体系示范园-海口站（20230825）(1).doc,1,5,2,200
示范园/2023年荔枝龙眼产业技术体系示范园-海口站（20230825）(1).doc,1,5,3,2002年
示范园/2023年荔枝龙眼产业技术体系示范园-海口站（20230825）(1).doc,1,5,4,2019重回缩
示范园/2023年荔枝龙眼产业技术体系示范园-海口站（20230825）(1).doc,1,5,5,妃子笑
示范园/2023年荔枝龙眼产业技术体系示范园-海口站（20230825）(1).doc,1,5,6,7400
示范园/2023年荔枝龙眼产业技术体系示范园-海口站（20230825）(1).doc,1,5,7,4×4.5
示范园/2023年荔枝龙眼产业技术体系示范园-海口站（20230825）(1).doc,1,5,8,黄龙腾
示范园/2023年荔枝龙眼产业技术体系示范园-海口站（20230825）(1).doc,1,5,9,"N 19° 27′ 11.83""
E 110° 19' 42.84"""
示范园/2023年荔枝龙眼产业技术体系示范园-海口站（20230825）(1).doc,1,6,1,"世武果园
CARS-33-46-05"
示范园/2023年荔枝龙眼产业技术体系示范园-海口站（20230825）(1).doc,1,6,2,30
示范园/2023年荔枝龙眼产业技术体系示范园-海口站（20230825）(1).doc,1,6,3,2001年
示范园/2023年荔枝龙眼产业技术体系示范园-海口站（20230825）(1).doc,1,6,4,2018重回缩
示范园/2023年荔枝龙眼产业技术体系示范园-海口站（20230825）(1).doc,1,6,5,妃子笑
示范园/2023年荔枝龙眼产业技术体系示范园-海口站（20230825）(1).doc,1,6,6,990
示范园/2023年荔枝龙眼产业技术体系示范园-海口站（20230825）(1).doc,1,6,7,4×5
示范园/2023年荔枝龙眼产业技术体系示范园-海口站（20230825）(1).doc,1,6,8,李世武
示范园/2023年荔枝龙眼产业技术体系示范园-海口站（20230825）(1).doc,1,6,9,"N 19° 10' 27.53""
E 110° 26' 54.70"""
示范园/2023年荔枝龙眼产业技术体系示范园-海口站（20230825）(1).doc,1,7,1,"鲁宏果园
CARS-33-46-06"
示范园/2023年荔枝龙眼产业技术体系示范园-海口站（20230825）(1).doc,1,7,2,300
示范园/2023年荔枝龙眼产业技术体系示范园-海口站（20230825）(1).doc,1,7,3,1999年
示范园/2023年荔枝龙眼产业技术体系示范园-海口站（20230825）(1).doc,1,7,4,2012间伐
示范园/2023年荔枝龙眼产业技术体系示范园-海口站（20230825）(1).doc,1,7,5,妃子笑
示范园/2023年荔枝龙眼产业技术体系示范园-海口站（20230825）(1).doc,1,7,6,5000
示范园/2023年荔枝龙眼产业技术体系示范园-海口站（20230825）(1).doc,1,7,7,5×8
示范园/2023年荔枝龙眼产业技术体系示范园-海口站（20230825）(1).doc,1,7,8,周军峰
示范园/2023年荔枝龙眼产业技术体系示范园-海口站（20230825）(1).doc,1,7,9,"N18° 36' 34.77""
E109° 56' 32.26"""
示范园/2023年荔枝龙眼产业技术体系示范园-海口站（20230825）(1).doc,2,1,1,示范果园
示范园/2023年荔枝龙眼产业技术体系示范园-海口站（20230825）(1).doc,2,1,2,果园坡度（°）
示范园/2023年荔枝龙眼产业技术体系示范园-海口站（20230825）(1).doc,2,1,3,土壤类型
示范园/2023年荔枝龙眼产业技术体系示范园-海口站（20230825）(1).doc,2,1,4,灌溉方式
示范园/2023年荔枝龙眼产业技术体系示范园-海口站（20230825）(1).doc,2,1,5,年份
示范园/2023年荔枝龙眼产业技术体系示范园-海口站（20230825）(1).doc,2,1,6,"株产
（公斤）"
示范园/2023年荔枝龙眼产业技术体系示范园-海口站（20230825）(1).doc,2,1,7,"售价
（元/公斤）"
示范园/2023年荔枝龙眼产业技术体系示范园-海口站（20230825）(1).doc,2,1,8,成花率（%）
示范园/2023年荔枝龙眼产业技术体系示范园-海口站（20230825）(1).doc,2,1,9,"收益
（万元）"
示范园/2023年荔枝龙眼产业技术体系示范园-海口站（20230825）(1).doc,2,2,1,办内果园
示范园/2023年荔枝龙眼产业技术体系示范园-海口站（20230825）(1).doc,2,2,2,0～5
示范园/2023年荔枝龙眼产业技术体系示范园-海口站（20230825）(1).doc,2,2,3,红壤土
示范园/2023年荔枝龙眼产业技术体系示范园-海口站（20230825）(1).doc,2,2,4,微喷灌
示范园/2023年荔枝龙眼产业技术体系示范园-海口站（20230825）(1).doc,2,2,5,2019
示范园/2023年荔枝龙眼产业技术体系示范园-海口站（20230825）(1).doc,2,2,6,31.07
示范园/2023年荔枝龙眼产业技术体系示范园-海口站（20230825）(1).doc,2,2,7,12.60
示范园/2023年荔枝龙眼产业技术体系示范园-海口站（20230825）(1).doc,2,2,8,92
示范园/2023年荔枝龙眼产业技术体系示范园-海口站（20230825）(1).doc,2,2,9,109.07
示范园/2023年荔枝龙眼产业技术体系示范园-海口站（20230825）(1).doc,2,3,5,2020
示范园/2023年荔枝龙眼产业技术体系示范园-海口站（20230825）(1).doc,2,3,6,28.60
示范园/2023年荔枝龙眼产业技术体系示范园-海口站（20230825）(1).doc,2,3,7,11.60
示范园/2023年荔枝龙眼产业技术体系示范园-海口站（20230825）(1).doc,2,3,8,95
示范园/2023年荔枝龙眼产业技术体系示范园-海口站（20230825）(1).doc,2,3,9,80.04
示范园/2023年荔枝龙眼产业技术体系示范园-海口站（20230825）(1).doc,2,4,5,2021
示范园/2023年荔枝龙眼产业技术体系示范园-海口站（20230825）(1).doc,2,4,6,30.50
示范园/2023年荔枝龙眼产业技术体系示范园-海口站（20230825）(1).doc,2,4,7,8.00
示范园/2023年荔枝龙眼产业技术体系示范园-海口站（20230825）(1).doc,2,4,8,100
示范园/2023年荔枝龙眼产业技术体系示范园-海口站（20230825）(1).doc,2,4,9,48.80
示范园/2023年荔枝龙眼产业技术体系示范园-海口站（20230825）(1).doc,2,5,5,2022
示范园/2023年荔枝龙眼产业技术体系示范园-海口站（20230825）(1).doc,2,5,6,30.00
示范园/2023年荔枝龙眼产业技术体系示范园-海口站（20230825）(1).doc,2,5,7,12.6
示范园/2023年荔枝龙眼产业技术体系示范园-海口站（20230825）(1).doc,2,5,8,100
示范园/2023年荔枝龙眼产业技术体系示范园-海口站（20230825）(1).doc,2,5,9,90.60
示范园/2023年荔枝龙眼产业技术体系示范园-海口站（20230825）(1).doc,2,6,5,2023
示范园/2023年荔枝龙眼产业技术体系示范园-海口站（20230825）(1).doc,2,6,6,32.15
示范园/2023年荔枝龙眼产业技术体系示范园-海口站（20230825）(1).doc,2,6,7,9.60
示范园/2023年荔枝龙眼产业技术体系示范园-海口站（20230825）(1).doc,2,6,8,100
示范园/2023年荔枝龙眼产业技术体系示范园-海口站（20230825）(1).doc,2,6,9,40.60
示范园/2023年荔枝龙眼产业技术体系示范园-海口站（20230825）(1).doc,2,7,1,红明农场
示范园/2023年荔枝龙眼产业技术体系示范园-海口站（20230825）(1).doc,2,7,2,15～30
示范园/2023年荔枝龙眼产业技术体系示范园-海口站（20230825）(1).doc,2,7,3,红壤土
示范园/2023年荔枝龙眼产业技术体系示范园-海口站（20230825）(1).doc,2,7,4,管道淋灌
示范园/2023年荔枝龙眼产业技术体系示范园-海口站（20230825）(1).doc,2,7,5,2019
示范园/2023年荔枝龙眼产业技术体系示范园-海口站（20230825）(1).doc,2,7,6,28.54
示范园/2023年荔枝龙眼产业技术体系示范园-海口站（20230825）(1).doc,2,7,7,10.80
示范园/2023年荔枝龙眼产业技术体系示范园-海口站（20230825）(1).doc,2,7,8,60
示范园/2023年荔枝龙眼产业技术体系示范园-海口站（20230825）(1).doc,2,7,9,37.75
示范园/2023年荔枝龙眼产业技术体系示范园-海口站（20230825）(1).doc,2,8,5,2020
示范园/2023年荔枝龙眼产业技术体系示范园-海口站（20230825）(1).doc,2,8,6,34.53
示范园/2023年荔枝龙眼产业技术体系示范园-海口站（20230825）(1).doc,2,8,7,11.90
示范园/2023年荔枝龙眼产业技术体系示范园-海口站（20230825）(1).doc,2,8,8,100
示范园/2023年荔枝龙眼产业技术体系示范园-海口站（20230825）(1).doc,2,8,9,29.53
示范园/2023年荔枝龙眼产业技术体系示范园-海口站（20230825）(1).doc,2,9,5,2021
示范园/2023年荔枝龙眼产业技术体系示范园-海口站（20230825）(1).doc,2,9,6,66.20
示范园/2023年荔枝龙眼产业技术体系示范园-海口站（20230825）(1).doc,2,9,7,9.00
示范园/2023年荔枝龙眼产业技术体系示范园-海口站（20230825）(1).doc,2,9,8,100
示范园/2023年荔枝龙眼产业技术体系示范园-海口站（20230825）(1).doc,2,9,9,14.45
示范园/2023年荔枝龙眼产业技术体系示范园-海口站（20230825）(1).doc,2,10,5,2022
示范园/2023年荔枝龙眼产业技术体系示范园-海口站（20230825）(1).doc,2,10,6,65.00
示范园/2023年荔枝龙眼产业技术体系示范园-海口站（20230825）(1).doc,2,10,7,16.00
示范园/2023年荔枝龙眼产业技术体系示范园-海口站（20230825）(1).doc,2,10,8,100
示范园/2023年荔枝龙眼产业技术体系示范园-海口站（20230825）(1).doc,2,10,9,38.20
示范园/2023年荔枝龙眼产业技术体系示范园-海口站（20230825）(1).doc,2,11,5,2023
示范园/2023年荔枝龙眼产业技术体系示范园-海口站（20230825）(1).doc,2,11,6,52.00
示范园/2023年荔枝龙眼产业技术体系示范园-海口站（20230825）(1).doc,2,11,7,12.00
示范园/2023年荔枝龙眼产业技术体系示范园-海口站（20230825）(1).doc,2,11,8,98
示范园/2023年荔枝龙眼产业技术体系示范园-海口站（20230825）(1).doc,2,11,9,16.80
示范园/2023年荔枝龙眼产业技术体系示范园-海口站（20230825）(1).doc,2,12,1,永发果园
示范园/2023年荔枝龙眼产业技术体系示范园-海口站（20230825）(1).doc,2,12,2,0～5
示范园/2023年荔枝龙眼产业技术体系示范园-海口站（20230825）(1).doc,2,12,3,红壤土
示范园/2023年荔枝龙眼产业技术体系示范园-海口站（20230825）(1).doc,2,12,4,微喷灌
示范园/2023年荔枝龙眼产业技术体系示范园-海口站（20230825）(1).doc,2,12,5,2019
示范园/2023年荔枝龙眼产业技术体系示范园-海口站（20230825）(1).doc,2,12,6,"33.72
"
示范园/2023年荔枝龙眼产业技术体系示范园-海口站（20230825）(1).doc,2,12,7,9.0
示范园/2023年荔枝龙眼产业技术体系示范园-海口站（20230825）(1).doc,2,12,8,98
示范园/2023年荔枝龙眼产业技术体系示范园-海口站（20230825）(1).doc,2,12,9,6.69
示范园/2023年荔枝龙眼产业技术体系示范园-海口站（20230825）(1).doc,2,13,5,2020
示范园/2023年荔枝龙眼产业技术体系示范园-海口站（20230825）(1).doc,2,13,6,30.60
示范园/2023年荔枝龙眼产业技术体系示范园-海口站（20230825）(1).doc,2,13,7,11.00
示范园/2023年荔枝龙眼产业技术体系示范园-海口站（20230825）(1).doc,2,13,8,100
示范园/2023年荔枝龙眼产业技术体系示范园-海口站（20230825）(1).doc,2,13,9,5.50
示范园/2023年荔枝龙眼产业技术体系示范园-海口站（20230825）(1).doc,2,14,5,2021
示范园/2023年荔枝龙眼产业技术体系示范园-海口站（20230825）(1).doc,2,14,6,25.80
示范园/2023年荔枝龙眼产业技术体系示范园-海口站（20230825）(1).doc,2,14,7,7.60
示范园/2023年荔枝龙眼产业技术体系示范园-海口站（20230825）(1).doc,2,14,8,100
示范园/2023年荔枝龙眼产业技术体系示范园-海口站（20230825）(1).doc,2,14,9,3.23
示范园/2023年荔枝龙眼产业技术体系示范园-海口站（20230825）(1).doc,2,15,5,2022
示范园/2023年荔枝龙眼产业技术体系示范园-海口站（20230825）(1).doc,2,15,6,28.60
示范园/2023年荔枝龙眼产业技术体系示范园-海口站（20230825）(1).doc,2,15,7,11.80
示范园/2023年荔枝龙眼产业技术体系示范园-海口站（20230825）(1).doc,2,15,8,100
示范园/2023年荔枝龙眼产业技术体系示范园-海口站（20230825）(1).doc,2,15,9,5.80
示范园/2023年荔枝龙眼产业技术体系示范园-海口站（20230825）(1).doc,2,16,5,2023
示范园/2023年荔枝龙眼产业技术体系示范园-海口站（20230825）(1).doc,2,16,6,35.25
示范园/2023年荔枝龙眼产业技术体系示范园-海口站（20230825）(1).doc,2,16,7,9.60
示范园/2023年荔枝龙眼产业技术体系示范园-海口站（20230825）(1).doc,2,16,8,99
示范园/2023年荔枝龙眼产业技术体系示范园-海口站（20230825）(1).doc,2,16,9,7.50
示范园/2023年荔枝龙眼产业技术体系示范园-海口站（20230825）(1).doc,2,17,1,龙元果园
示范园/2023年荔枝龙眼产业技术体系示范园-海口站（20230825）(1).doc,2,17,2,0
示范园/2023年荔枝龙眼产业技术体系示范园-海口站（20230825）(1).doc,2,17,3,红壤土
示范园/2023年荔枝龙眼产业技术体系示范园-海口站（20230825）(1).doc,2,17,4,喷灌
示范园/2023年荔枝龙眼产业技术体系示范园-海口站（20230825）(1).doc,2,17,5,2021
示范园/2023年荔枝龙眼产业技术体系示范园-海口站（20230825）(1).doc,2,17,6,14.80
示范园/2023年荔枝龙眼产业技术体系示范园-海口站（20230825）(1).doc,2,17,7,9.0
示范园/2023年荔枝龙眼产业技术体系示范园-海口站（20230825）(1).doc,2,17,8,95
示范园/2023年荔枝龙眼产业技术体系示范园-海口站（20230825）(1).doc,2,17,9,2.00
示范园/2023年荔枝龙眼产业技术体系示范园-海口站（20230825）(1).doc,2,18,5,2022
示范园/2023年荔枝龙眼产业技术体系示范园-海口站（20230825）(1).doc,2,18,6,24.30
示范园/2023年荔枝龙眼产业技术体系示范园-海口站（20230825）(1).doc,2,18,7,11.20
示范园/2023年荔枝龙眼产业技术体系示范园-海口站（20230825）(1).doc,2,18,8,100
示范园/2023年荔枝龙眼产业技术体系示范园-海口站（20230825）(1).doc,2,18,9,49.60
示范园/2023年荔枝龙眼产业技术体系示范园-海口站（20230825）(1).doc,2,19,5,2023
示范园/2023年荔枝龙眼产业技术体系示范园-海口站（20230825）(1).doc,2,19,6,32.00
示范园/2023年荔枝龙眼产业技术体系示范园-海口站（20230825）(1).doc,2,19,7,10.00
示范园/2023年荔枝龙眼产业技术体系示范园-海口站（20230825）(1).doc,2,19,8,100
示范园/2023年荔枝龙眼产业技术体系示范园-海口站（20230825）(1).doc,2,19,9,53.33
示范园/2023年荔枝龙眼产业技术体系示范园-海口站（20230825）(1).doc,2,20,5,
示范园/2023年荔枝龙眼产业技术体系示范园-海口站（20230825）(1).doc,2,20,6,
示范园/2023年荔枝龙眼产业技术体系示范园-海口站（20230825）(1).doc,2,20,7,
示范园/2023年荔枝龙眼产业技术体系示范园-海口站（20230825）(1).doc,2,20,8,
示范园/2023年荔枝龙眼产业技术体系示范园-海口站（20230825）(1).doc,2,20,9,
示范园/2023年荔枝龙眼产业技术体系示范园-海口站（20230825）(1).doc,2,21,5,
示范园/2023年荔枝龙眼产业技术体系示范园-海口站（20230825）(1).doc,2,21,6,
示范园/2023年荔枝龙眼产业技术体系示范园-海口站（20230825）(1).doc,2,21,7,
示范园/2023年荔枝龙眼产业技术体系示范园-海口站（20230825）(1).doc,2,21,8,
示范园/2023年荔枝龙眼产业技术体系示范园-海口站（20230825）(1).doc,2,21,9,
示范园/2023年荔枝龙眼产业技术体系示范园-海口站（20230825）(1).doc,2,22,1,世武果园
示范园/2023年荔枝龙眼产业技术体系示范园-海口站（20230825）(1).doc,2,22,2,0～5
示范园/2023年荔枝龙眼产业技术体系示范园-海口站（20230825）(1).doc,2,22,3,砂壤土
示范园/2023年荔枝龙眼产业技术体系示范园-海口站（20230825）(1).doc,2,22,4,喷灌
示范园/2023年荔枝龙眼产业技术体系示范园-海口站（20230825）(1).doc,2,22,5,2021
示范园/2023年荔枝龙眼产业技术体系示范园-海口站（20230825）(1).doc,2,22,6,30.3
示范园/2023年荔枝龙眼产业技术体系示范园-海口站（20230825）(1).doc,2,22,7,16.00
示范园/2023年荔枝龙眼产业技术体系示范园-海口站（20230825）(1).doc,2,22,8,100
示范园/2023年荔枝龙眼产业技术体系示范园-海口站（20230825）(1).doc,2,22,9,39.00
示范园/2023年荔枝龙眼产业技术体系示范园-海口站（20230825）(1).doc,2,23,5,2022
示范园/2023年荔枝龙眼产业技术体系示范园-海口站（20230825）(1).doc,2,23,6,32.2
示范园/2023年荔枝龙眼产业技术体系示范园-海口站（20230825）(1).doc,2,23,7,15.60
示范园/2023年荔枝龙眼产业技术体系示范园-海口站（20230825）(1).doc,2,23,8,100
示范园/2023年荔枝龙眼产业技术体系示范园-海口站（20230825）(1).doc,2,23,9,39.87
示范园/2023年荔枝龙眼产业技术体系示范园-海口站（20230825）(1).doc,2,24,5,2023
示范园/2023年荔枝龙眼产业技术体系示范园-海口站（20230825）(1).doc,2,24,6,27.08
示范园/2023年荔枝龙眼产业技术体系示范园-海口站（20230825）(1).doc,2,24,7,16.00
示范园/2023年荔枝龙眼产业技术体系示范园-海口站（20230825）(1).doc,2,24,8,100
示范园/2023年荔枝龙眼产业技术体系示范园-海口站（20230825）(1).doc,2,24,9,25.11
示范园/2023年荔枝龙眼产业技术体系示范园-海口站（20230825）(1).doc,2,25,5,
示范园/2023年荔枝龙眼产业技术体系示范园-海口站（20230825）(1).doc,2,25,6,
示范园/2023年荔枝龙眼产业技术体系示范园-海口站（20230825）(1).doc,2,25,7,
示范园/2023年荔枝龙眼产业技术体系示范园-海口站（20230825）(1).doc,2,25,8,
示范园/2023年荔枝龙眼产业技术体系示范园-海口站（20230825）(1).doc,2,25,9,
示范园/2023年荔枝龙眼产业技术体系示范园-海口站（20230825）(1).doc,2,26,5,
示范园/2023年荔枝龙眼产业技术体系示范园-海口站（20230825）(1).doc,2,26,6,
示范园/2023年荔枝龙眼产业技术体系示范园-海口站（20230825）(1).doc,2,26,7,
示范园/2023年荔枝龙眼产业技术体系示范园-海口站（20230825）(1).doc,2,26,8,
示范园/2023年荔枝龙眼产业技术体系示范园-海口站（20230825）(1).doc,2,26,9,
示范园/2023年荔枝龙眼产业技术体系示范园-海口站（20230825）(1).doc,2,27,1,鲁宏果园
示范园/2023年荔枝龙眼产业技术体系示范园-海口站（20230825）(1).doc,2,27,2,10～15
示范园/2023年荔枝龙眼产业技术体系示范园-海口站（20230825）(1).doc,2,27,3,砂壤土
示范园/2023年荔枝龙眼产业技术体系示范园-海口站（20230825）(1).doc,2,27,4,喷灌
示范园/2023年荔枝龙眼产业技术体系示范园-海口站（20230825）(1).doc,2,27,5,2019
示范园/2023年荔枝龙眼产业技术体系示范园-海口站（20230825）(1).doc,2,27,6,43.17
示范园/2023年荔枝龙眼产业技术体系示范园-海口站（20230825）(1).doc,2,27,7,14.50
示范园/2023年荔枝龙眼产业技术体系示范园-海口站（20230825）(1).doc,2,27,8,87
示范园/2023年荔枝龙眼产业技术体系示范园-海口站（20230825）(1).doc,2,27,9,209.81
示范园/2023年荔枝龙眼产业技术体系示范园-海口站（20230825）(1).doc,2,28,5,2020
示范园/2023年荔枝龙眼产业技术体系示范园-海口站（20230825）(1).doc,2,28,6,50.80
示范园/2023年荔枝龙眼产业技术体系示范园-海口站（20230825）(1).doc,2,28,7,18.00
示范园/2023年荔枝龙眼产业技术体系示范园-海口站（20230825）(1).doc,2,28,8,95
示范园/2023年荔枝龙眼产业技术体系示范园-海口站（20230825）(1).doc,2,28,9,246.55
示范园/2023年荔枝龙眼产业技术体系示范园-海口站（20230825）(1).doc,2,29,5,2021
示范园/2023年荔枝龙眼产业技术体系示范园-海口站（20230825）(1).doc,2,29,6,48.50
示范园/2023年荔枝龙眼产业技术体系示范园-海口站（20230825）(1).doc,2,29,7,15.00
示范园/2023年荔枝龙眼产业技术体系示范园-海口站（20230825）(1).doc,2,29,8,95
示范园/2023年荔枝龙眼产业技术体系示范园-海口站（20230825）(1).doc,2,29,9,163.75
示范园/2023年荔枝龙眼产业技术体系示范园-海口站（20230825）(1).doc,2,30,5,2022
示范园/2023年荔枝龙眼产业技术体系示范园-海口站（20230825）(1).doc,2,30,6,50.80
示范园/2023年荔枝龙眼产业技术体系示范园-海口站（20230825）(1).doc,2,30,7,20.00
示范园/2023年荔枝龙眼产业技术体系示范园-海口站（20230825）(1).doc,2,30,8,95
示范园/2023年荔枝龙眼产业技术体系示范园-海口站（20230825）(1).doc,2,30,9,276.16
示范园/2023年荔枝龙眼产业技术体系示范园-海口站（20230825）(1).doc,2,31,5,2023
示范园/2023年荔枝龙眼产业技术体系示范园-海口站（20230825）(1).doc,2,31,6,47.06
示范园/2023年荔枝龙眼产业技术体系示范园-海口站（20230825）(1).doc,2,31,7,23.00
示范园/2023年荔枝龙眼产业技术体系示范园-海口站（20230825）(1).doc,2,31,8,98
示范园/2023年荔枝龙眼产业技术体系示范园-海口站（20230825）(1).doc,2,31,9,216.00
示范园/2023年荔枝龙眼产业技术体系示范园-海口站（20230825）(1).doc,3,1,1,示范园
示范园/2023年荔枝龙眼产业技术体系示范园-海口站（20230825）(1).doc,3,1,2,品种
示范园/2023年荔枝龙眼产业技术体系示范园-海口站（20230825）(1).doc,3,1,3,面积（株）
示范园/2023年荔枝龙眼产业技术体系示范园-海口站（20230825）(1).doc,3,1,4,秋梢老熟期
示范园/2023年荔枝龙眼产业技术体系示范园-海口站（20230825）(1).doc,3,1,5,露白点期
示范园/2023年荔枝龙眼产业技术体系示范园-海口站（20230825）(1).doc,3,1,6,抽穗期
示范园/2023年荔枝龙眼产业技术体系示范园-海口站（20230825）(1).doc,3,1,7,初花期
示范园/2023年荔枝龙眼产业技术体系示范园-海口站（20230825）(1).doc,3,1,8,盛花期
示范园/2023年荔枝龙眼产业技术体系示范园-海口站（20230825）(1).doc,3,1,9,谢花期
示范园/2023年荔枝龙眼产业技术体系示范园-海口站（20230825）(1).doc,3,1,10,初始坐果期
示范园/2023年荔枝龙眼产业技术体系示范园-海口站（20230825）(1).doc,3,1,11,第1次生理落果期
示范园/2023年荔枝龙眼产业技术体系示范园-海口站（20230825）(1).doc,3,1,12,第2次生理落果期
示范园/2023年荔枝龙眼产业技术体系示范园-海口站（20230825）(1).doc,3,1,13,采前落果期
示范园/2023年荔枝龙眼产业技术体系示范园-海口站（20230825）(1).doc,3,1,14,果实着色期
示范园/2023年荔枝龙眼产业技术体系示范园-海口站（20230825）(1).doc,3,1,15,果实成熟期
示范园/2023年荔枝龙眼产业技术体系示范园-海口站（20230825）(1).doc,3,2,1,办内果园
示范园/2023年荔枝龙眼产业技术体系示范园-海口站（20230825）(1).doc,3,2,2,妃子笑
示范园/2023年荔枝龙眼产业技术体系示范园-海口站（20230825）(1).doc,3,2,3,"120
（4000）"
示范园/2023年荔枝龙眼产业技术体系示范园-海口站（20230825）(1).doc,3,2,4,9-25
示范园/2023年荔枝龙眼产业技术体系示范园-海口站（20230825）(1).doc,3,2,5,1-3
示范园/2023年荔枝龙眼产业技术体系示范园-海口站（20230825）(1).doc,3,2,6,1-20
示范园/2023年荔枝龙眼产业技术体系示范园-海口站（20230825）(1).doc,3,2,7,3-1
示范园/2023年荔枝龙眼产业技术体系示范园-海口站（20230825）(1).doc,3,2,8,3-10
示范园/2023年荔枝龙眼产业技术体系示范园-海口站（20230825）(1).doc,3,2,9,3-15
示范园/2023年荔枝龙眼产业技术体系示范园-海口站（20230825）(1).doc,3,2,10,3-15
示范园/2023年荔枝龙眼产业技术体系示范园-海口站（20230825）(1).doc,3,2,11,3-10
示范园/2023年荔枝龙眼产业技术体系示范园-海口站（20230825）(1).doc,3,2,12,4-3
示范园/2023年荔枝龙眼产业技术体系示范园-海口站（20230825）(1).doc,3,2,13,——
示范园/2023年荔枝龙眼产业技术体系示范园-海口站（20230825）(1).doc,3,2,14,5-1
示范园/2023年荔枝龙眼产业技术体系示范园-海口站（20230825）(1).doc,3,2,15,5-22
示范园/2023年荔枝龙眼产业技术体系示范园-海口站（20230825）(1).doc,3,3,1,红明农场
示范园/2023年荔枝龙眼产业技术体系示范园-海口站（20230825）(1).doc,3,3,2,白糖罂
示范园/2023年荔枝龙眼产业技术体系示范园-海口站（20230825）(1).doc,3,3,3,"70
（970）"
示范园/2023年荔枝龙眼产业技术体系示范园-海口站（20230825）(1).doc,3,3,4,9-20
示范园/2023年荔枝龙眼产业技术体系示范园-海口站（20230825）(1).doc,3,3,5,1-5
示范园/2023年荔枝龙眼产业技术体系示范园-海口站（20230825）(1).doc,3,3,6,1-15
示范园/2023年荔枝龙眼产业技术体系示范园-海口站（20230825）(1).doc,3,3,7,2-28
示范园/2023年荔枝龙眼产业技术体系示范园-海口站（20230825）(1).doc,3,3,8,3-10
示范园/2023年荔枝龙眼产业技术体系示范园-海口站（20230825）(1).doc,3,3,9,3-20
示范园/2023年荔枝龙眼产业技术体系示范园-海口站（20230825）(1).doc,3,3,10,3-15
示范园/2023年荔枝龙眼产业技术体系示范园-海口站（20230825）(1).doc,3,3,11,3-18
示范园/2023年荔枝龙眼产业技术体系示范园-海口站（20230825）(1).doc,3,3,12,4-10
示范园/2023年荔枝龙眼产业技术体系示范园-海口站（20230825）(1).doc,3,3,13,——
示范园/2023年荔枝龙眼产业技术体系示范园-海口站（20230825）(1).doc,3,3,14,5-5
示范园/2023年荔枝龙眼产业技术体系示范园-海口站（20230825）(1).doc,3,3,15,5-18
示范园/2023年荔枝龙眼产业技术体系示范园-海口站（20230825）(1).doc,3,4,1,永发果园
示范园/2023年荔枝龙眼产业技术体系示范园-海口站（20230825）(1).doc,3,4,2,妃子笑
示范园/2023年荔枝龙眼产业技术体系示范园-海口站（20230825）(1).doc,3,4,3,"25
（550）"
示范园/2023年荔枝龙眼产业技术体系示范园-海口站（20230825）(1).doc,3,4,4,9-25
示范园/2023年荔枝龙眼产业技术体系示范园-海口站（20230825）(1).doc,3,4,5,12-25
示范园/2023年荔枝龙眼产业技术体系示范园-海口站（20230825）(1).doc,3,4,6,1-8
示范园/2023年荔枝龙眼产业技术体系示范园-海口站（20230825）(1).doc,3,4,7,2-5
示范园/2023年荔枝龙眼产业技术体系示范园-海口站（20230825）(1).doc,3,4,8,2-15
示范园/2023年荔枝龙眼产业技术体系示范园-海口站（20230825）(1).doc,3,4,9,2-25
示范园/2023年荔枝龙眼产业技术体系示范园-海口站（20230825）(1).doc,3,4,10,2-10
示范园/2023年荔枝龙眼产业技术体系示范园-海口站（20230825）(1).doc,3,4,11,3-10
示范园/2023年荔枝龙眼产业技术体系示范园-海口站（20230825）(1).doc,3,4,12,4-3
示范园/2023年荔枝龙眼产业技术体系示范园-海口站（20230825）(1).doc,3,4,13,——
示范园/2023年荔枝龙眼产业技术体系示范园-海口站（20230825）(1).doc,3,4,14,4-28
示范园/2023年荔枝龙眼产业技术体系示范园-海口站（20230825）(1).doc,3,4,15,5-20
示范园/2023年荔枝龙眼产业技术体系示范园-海口站（20230825）(1).doc,3,5,1,龙元果园
示范园/2023年荔枝龙眼产业技术体系示范园-海口站（20230825）(1).doc,3,5,2,妃子笑
示范园/2023年荔枝龙眼产业技术体系示范园-海口站（20230825）(1).doc,3,5,3,"200
（7400）"
示范园/2023年荔枝龙眼产业技术体系示范园-海口站（20230825）(1).doc,3,5,4,8-25
示范园/2023年荔枝龙眼产业技术体系示范园-海口站（20230825）(1).doc,3,5,5,1-1
示范园/2023年荔枝龙眼产业技术体系示范园-海口站（20230825）(1).doc,3,5,6,1-18
示范园/2023年荔枝龙眼产业技术体系示范园-海口站（20230825）(1).doc,3,5,7,2-7
示范园/2023年荔枝龙眼产业技术体系示范园-海口站（20230825）(1).doc,3,5,8,3-5
示范园/2023年荔枝龙眼产业技术体系示范园-海口站（20230825）(1).doc,3,5,9,2-25
示范园/2023年荔枝龙眼产业技术体系示范园-海口站（20230825）(1).doc,3,5,10,3-8
示范园/2023年荔枝龙眼产业技术体系示范园-海口站（20230825）(1).doc,3,5,11,3-8
示范园/2023年荔枝龙眼产业技术体系示范园-海口站（20230825）(1).doc,3,5,12,4-8
示范园/2023年荔枝龙眼产业技术体系示范园-海口站（20230825）(1).doc,3,5,13,——
示范园/2023年荔枝龙眼产业技术体系示范园-海口站（20230825）(1).doc,3,5,14,4-28
示范园/2023年荔枝龙眼产业技术体系示范园-海口站（20230825）(1).doc,3,5,15,5-18
示范园/2023年荔枝龙眼产业技术体系示范园-海口站（20230825）(1).doc,3,6,1,世武果园
示范园/2023年荔枝龙眼产业技术体系示范园-海口站（20230825）(1).doc,3,6,2,妃子笑
示范园/2023年荔枝龙眼产业技术体系示范园-海口站（20230825）(1).doc,3,6,3,"30
（990）"
示范园/2023年荔枝龙眼产业技术体系示范园-海口站（20230825）(1).doc,3,6,4,9-4
示范园/2023年荔枝龙眼产业技术体系示范园-海口站（20230825）(1).doc,3,6,5,12-18
示范园/2023年荔枝龙眼产业技术体系示范园-海口站（20230825）(1).doc,3,6,6,1-5
示范园/2023年荔枝龙眼产业技术体系示范园-海口站（20230825）(1).doc,3,6,7,2-20
示范园/2023年荔枝龙眼产业技术体系示范园-海口站（20230825）(1).doc,3,6,8,2-25
示范园/2023年荔枝龙眼产业技术体系示范园-海口站（20230825）(1).doc,3,6,9,3-1
示范园/2023年荔枝龙眼产业技术体系示范园-海口站（20230825）(1).doc,3,6,10,3-2
示范园/2023年荔枝龙眼产业技术体系示范园-海口站（20230825）(1).doc,3,6,11,3-5
示范园/2023年荔枝龙眼产业技术体系示范园-海口站（20230825）(1).doc,3,6,12,3-28
示范园/2023年荔枝龙眼产业技术体系示范园-海口站（20230825）(1).doc,3,6,13,——
示范园/2023年荔枝龙眼产业技术体系示范园-海口站（20230825）(1).doc,3,6,14,4-23
示范园/2023年荔枝龙眼产业技术体系示范园-海口站（20230825）(1).doc,3,6,15,5-10
示范园/2023年荔枝龙眼产业技术体系示范园-海口站（20230825）(1).doc,3,7,1,鲁宏果园
示范园/2023年荔枝龙眼产业技术体系示范园-海口站（20230825）(1).doc,3,7,2,妃子笑
示范园/2023年荔枝龙眼产业技术体系示范园-海口站（20230825）(1).doc,3,7,3,"300
（5000）"
示范园/2023年荔枝龙眼产业技术体系示范园-海口站（20230825）(1).doc,3,7,4,8-28
示范园/2023年荔枝龙眼产业技术体系示范园-海口站（20230825）(1).doc,3,7,5,12-15
示范园/2023年荔枝龙眼产业技术体系示范园-海口站（20230825）(1).doc,3,7,6,1-3
示范园/2023年荔枝龙眼产业技术体系示范园-海口站（20230825）(1).doc,3,7,7,2-1
示范园/2023年荔枝龙眼产业技术体系示范园-海口站（20230825）(1).doc,3,7,8,2-15
示范园/2023年荔枝龙眼产业技术体系示范园-海口站（20230825）(1).doc,3,7,9,2-25
示范园/2023年荔枝龙眼产业技术体系示范园-海口站（20230825）(1).doc,3,7,10,2-20
示范园/2023年荔枝龙眼产业技术体系示范园-海口站（20230825）(1).doc,3,7,11,2-27
示范园/2023年荔枝龙眼产业技术体系示范园-海口站（20230825）(1).doc,3,7,12,3-10
示范园/2023年荔枝龙眼产业技术体系示范园-海口站（20230825）(1).doc,3,7,13,——
示范园/2023年荔枝龙眼产业技术体系示范园-海口站（20230825）(1).doc,3,7,14,4-15
示范园/2023年荔枝龙眼产业技术体系示范园-海口站（20230825）(1).doc,3,7,15,5-5
示范园/2023年荔枝龙眼产业技术体系示范园-海口站（20230825）(1).doc,4,1,1,示范园
示范园/2023年荔枝龙眼产业技术体系示范园-海口站（20230825）(1).doc,4,1,2,品种
示范园/2023年荔枝龙眼产业技术体系示范园-海口站（20230825）(1).doc,4,1,3,测花类别
示范园/2023年荔枝龙眼产业技术体系示范园-海口站（20230825）(1).doc,4,1,4,测花株数
示范园/2023年荔枝龙眼产业技术体系示范园-海口站（20230825）(1).doc,4,1,5,比例/%
示范园/2023年荔枝龙眼产业技术体系示范园-海口站（20230825）(1).doc,4,1,6,成花率/%
示范园/2023年荔枝龙眼产业技术体系示范园-海口站（20230825）(1).doc,4,2,1,办内果园
示范园/2023年荔枝龙眼产业技术体系示范园-海口站（20230825）(1).doc,4,2,2,妃子笑
示范园/2023年荔枝龙眼产业技术体系示范园-海口站（20230825）(1).doc,4,2,3,A（75%-100%）
示范园/2023年荔枝龙眼产业技术体系示范园-海口站（20230825）(1).doc,4,2,4,200
示范园/2023年荔枝龙眼产业技术体系示范园-海口站（20230825）(1).doc,4,2,5,100
示范园/2023年荔枝龙眼产业技术体系示范园-海口站（20230825）(1).doc,4,2,6,100
示范园/2023年荔枝龙眼产业技术体系示范园-海口站（20230825）(1).doc,4,3,3,B（25%-75%）
示范园/2023年荔枝龙眼产业技术体系示范园-海口站（20230825）(1).doc,4,3,4,0
示范园/2023年荔枝龙眼产业技术体系示范园-海口站（20230825）(1).doc,4,3,5,0
示范园/2023年荔枝龙眼产业技术体系示范园-海口站（20230825）(1).doc,4,4,3,C（0-25%）
示范园/2023年荔枝龙眼产业技术体系示范园-海口站（20230825）(1).doc,4,4,4,0
示范园/2023年荔枝龙眼产业技术体系示范园-海口站（20230825）(1).doc,4,4,5,0
示范园/2023年荔枝龙眼产业技术体系示范园-海口站（20230825）(1).doc,4,5,1,红明农场
示范园/2023年荔枝龙眼产业技术体系示范园-海口站（20230825）(1).doc,4,5,2,白糖罂
示范园/2023年荔枝龙眼产业技术体系示范园-海口站（20230825）(1).doc,4,5,3,A（75%-100%）
示范园/2023年荔枝龙眼产业技术体系示范园-海口站（20230825）(1).doc,4,5,4,196
示范园/2023年荔枝龙眼产业技术体系示范园-海口站（20230825）(1).doc,4,5,5,98
示范园/2023年荔枝龙眼产业技术体系示范园-海口站（20230825）(1).doc,4,5,6,98
示范园/2023年荔枝龙眼产业技术体系示范园-海口站（20230825）(1).doc,4,6,3,B（25%-75%）
示范园/2023年荔枝龙眼产业技术体系示范园-海口站（20230825）(1).doc,4,6,4,4
示范园/2023年荔枝龙眼产业技术体系示范园-海口站（20230825）(1).doc,4,6,5,4
示范园/2023年荔枝龙眼产业技术体系示范园-海口站（20230825）(1).doc,4,7,3,C（0-25%）
示范园/2023年荔枝龙眼产业技术体系示范园-海口站（20230825）(1).doc,4,7,4,0
示范园/2023年荔枝龙眼产业技术体系示范园-海口站（20230825）(1).doc,4,7,5,0
示范园/2023年荔枝龙眼产业技术体系示范园-海口站（20230825）(1).doc,4,8,1,永发果园
示范园/2023年荔枝龙眼产业技术体系示范园-海口站（20230825）(1).doc,4,8,2,妃子笑
示范园/2023年荔枝龙眼产业技术体系示范园-海口站（20230825）(1).doc,4,8,3,A（75%-100%）
示范园/2023年荔枝龙眼产业技术体系示范园-海口站（20230825）(1).doc,4,8,4,198
示范园/2023年荔枝龙眼产业技术体系示范园-海口站（20230825）(1).doc,4,8,5,99
示范园/2023年荔枝龙眼产业技术体系示范园-海口站（20230825）(1).doc,4,8,6,99
示范园/2023年荔枝龙眼产业技术体系示范园-海口站（20230825）(1).doc,4,9,3,B（25%-75%）
示范园/2023年荔枝龙眼产业技术体系示范园-海口站（20230825）(1).doc,4,9,4,2
示范园/2023年荔枝龙眼产业技术体系示范园-海口站（20230825）(1).doc,4,9,5,1
示范园/2023年荔枝龙眼产业技术体系示范园-海口站（20230825）(1).doc,4,10,3,C（0-25%）
示范园/2023年荔枝龙眼产业技术体系示范园-海口站（20230825）(1).doc,4,10,4,0
示范园/2023年荔枝龙眼产业技术体系示范园-海口站（20230825）(1).doc,4,10,5,0
示范园/2023年荔枝龙眼产业技术体系示范园-海口站（20230825）(1).doc,4,11,2,白糖罂
示范园/2023年荔枝龙眼产业技术体系示范园-海口站（20230825）(1).doc,4,11,3,A（75%-100%）
示范园/2023年荔枝龙眼产业技术体系示范园-海口站（20230825）(1).doc,4,11,4,196
示范园/2023年荔枝龙眼产业技术体系示范园-海口站（20230825）(1).doc,4,11,5,98
示范园/2023年荔枝龙眼产业技术体系示范园-海口站（20230825）(1).doc,4,11,6,98
示范园/2023年荔枝龙眼产业技术体系示范园-海口站（20230825）(1).doc,4,12,3,B（25%-75%）
示范园/2023年荔枝龙眼产业技术体系示范园-海口站（20230825）(1).doc,4,12,4,4
示范园/2023年荔枝龙眼产业技术体系示范园-海口站（20230825）(1).doc,4,12,5,4
示范园/2023年荔枝龙眼产业技术体系示范园-海口站（20230825）(1).doc,4,13,3,C（0-25%）
示范园/2023年荔枝龙眼产业技术体系示范园-海口站（20230825）(1).doc,4,13,4,0
示范园/2023年荔枝龙眼产业技术体系示范园-海口站（20230825）(1).doc,4,13,5,0
示范园/2023年荔枝龙眼产业技术体系示范园-海口站（20230825）(1).doc,4,14,1,龙元果园
示范园/2023年荔枝龙眼产业技术体系示范园-海口站（20230825）(1).doc,4,14,2,妃子笑
示范园/2023年荔枝龙眼产业技术体系示范园-海口站（20230825）(1).doc,4,14,3,A（75%-100%）
示范园/2023年荔枝龙眼产业技术体系示范园-海口站（20230825）(1).doc,4,14,4,299
示范园/2023年荔枝龙眼产业技术体系示范园-海口站（20230825）(1).doc,4,14,5,100
示范园/2023年荔枝龙眼产业技术体系示范园-海口站（20230825）(1).doc,4,14,6,100
示范园/2023年荔枝龙眼产业技术体系示范园-海口站（20230825）(1).doc,4,15,3,B（25%-75%）
示范园/2023年荔枝龙眼产业技术体系示范园-海口站（20230825）(1).doc,4,15,4,0
示范园/2023年荔枝龙眼产业技术体系示范园-海口站（20230825）(1).doc,4,15,5,0
示范园/2023年荔枝龙眼产业技术体系示范园-海口站（20230825）(1).doc,4,16,3,C（0-25%）
示范园/2023年荔枝龙眼产业技术体系示范园-海口站（20230825）(1).doc,4,16,4,0
示范园/2023年荔枝龙眼产业技术体系示范园-海口站（20230825）(1).doc,4,16,5,0
示范园/2023年荔枝龙眼产业技术体系示范园-海口站（20230825）(1).doc,4,17,1,世武果园
示范园/2023年荔枝龙眼产业技术体系示范园-海口站（20230825）(1).doc,4,17,2,妃子笑
示范园/2023年荔枝龙眼产业技术体系示范园-海口站（20230825）(1).doc,4,17,3,A（75%-100%）
示范园/2023年荔枝龙眼产业技术体系示范园-海口站（20230825）(1).doc,4,17,4,200
示范园/2023年荔枝龙眼产业技术体系示范园-海口站（20230825）(1).doc,4,17,5,100
示范园/2023年荔枝龙眼产业技术体系示范园-海口站（20230825）(1).doc,4,17,6,100
示范园/2023年荔枝龙眼产业技术体系示范园-海口站（20230825）(1).doc,4,18,3,B（25%-75%）
示范园/2023年荔枝龙眼产业技术体系示范园-海口站（20230825）(1).doc,4,18,4,0
示范园/2023年荔枝龙眼产业技术体系示范园-海口站（20230825）(1).doc,4,18,5,0
示范园/2023年荔枝龙眼产业技术体系示范园-海口站（20230825）(1).doc,4,19,3,C（0-25%）
示范园/2023年荔枝龙眼产业技术体系示范园-海口站（20230825）(1).doc,4,19,4,0
示范园/2023年荔枝龙眼产业技术体系示范园-海口站（20230825）(1).doc,4,19,5,0
示范园/2023年荔枝龙眼产业技术体系示范园-海口站（20230825）(1).doc,4,20,1,鲁宏果园
示范园/2023年荔枝龙眼产业技术体系示范园-海口站（20230825）(1).doc,4,20,2,妃子笑
示范园/2023年荔枝龙眼产业技术体系示范园-海口站（20230825）(1).doc,4,20,3,A（75%-100%）
示范园/2023年荔枝龙眼产业技术体系示范园-海口站（20230825）(1).doc,4,20,4,196
示范园/2023年荔枝龙眼产业技术体系示范园-海口站（20230825）(1).doc,4,20,5,98
示范园/2023年荔枝龙眼产业技术体系示范园-海口站（20230825）(1).doc,4,20,6,98
示范园/2023年荔枝龙眼产业技术体系示范园-海口站（20230825）(1).doc,4,21,3,B（25%-75%）
示范园/2023年荔枝龙眼产业技术体系示范园-海口站（20230825）(1).doc,4,21,4,4
示范园/2023年荔枝龙眼产业技术体系示范园-海口站（20230825）(1).doc,4,21,5,2
示范园/2023年荔枝龙眼产业技术体系示范园-海口站（20230825）(1).doc,4,22,3,C（0-25%）
示范园/2023年荔枝龙眼产业技术体系示范园-海口站（20230825）(1).doc,4,22,4,0
示范园/2023年荔枝龙眼产业技术体系示范园-海口站（20230825）(1).doc,4,22,5,0
示范园/2023年荔枝龙眼产业技术体系示范园-海口站（20230825）(1).doc,5,1,1,示范园
示范园/2023年荔枝龙眼产业技术体系示范园-海口站（20230825）(1).doc,5,1,2,植株类别
示范园/2023年荔枝龙眼产业技术体系示范园-海口站（20230825）(1).doc,5,1,3,株数
示范园/2023年荔枝龙眼产业技术体系示范园-海口站（20230825）(1).doc,5,1,4,单株产量（公斤）
示范园/2023年荔枝龙眼产业技术体系示范园-海口站（20230825）(1).doc,5,1,5,单果重（g）
示范园/2023年荔枝龙眼产业技术体系示范园-海口站（20230825）(1).doc,5,1,6,病虫果率（%）
示范园/2023年荔枝龙眼产业技术体系示范园-海口站（20230825）(1).doc,5,1,7,平均株产（公斤）
示范园/2023年荔枝龙眼产业技术体系示范园-海口站（20230825）(1).doc,5,1,8,平均亩产（公斤/亩）
示范园/2023年荔枝龙眼产业技术体系示范园-海口站（20230825）(1).doc,5,1,9,测产组长及小组成员
示范园/2023年荔枝龙眼产业技术体系示范园-海口站（20230825）(1).doc,5,2,4,①
示范园/2023年荔枝龙眼产业技术体系示范园-海口站（20230825）(1).doc,5,2,5,②
示范园/2023年荔枝龙眼产业技术体系示范园-海口站（20230825）(1).doc,5,2,6,③
示范园/2023年荔枝龙眼产业技术体系示范园-海口站（20230825）(1).doc,5,3,1,办内果园
示范园/2023年荔枝龙眼产业技术体系示范园-海口站（20230825）(1).doc,5,3,2,A
示范园/2023年荔枝龙眼产业技术体系示范园-海口站（20230825）(1).doc,5,3,3,135
示范园/2023年荔枝龙眼产业技术体系示范园-海口站（20230825）(1).doc,5,3,4,55.06
示范园/2023年荔枝龙眼产业技术体系示范园-海口站（20230825）(1).doc,5,3,5,47.8
示范园/2023年荔枝龙眼产业技术体系示范园-海口站（20230825）(1).doc,5,3,6,46.77
示范园/2023年荔枝龙眼产业技术体系示范园-海口站（20230825）(1).doc,5,3,7,24.5
示范园/2023年荔枝龙眼产业技术体系示范园-海口站（20230825）(1).doc,5,3,8,0
示范园/2023年荔枝龙眼产业技术体系示范园-海口站（20230825）(1).doc,5,3,9,50.88 
示范园/2023年荔枝龙眼产业技术体系示范园-海口站（20230825）(1).doc,5,3,10,1590.00 
示范园/2023年荔枝龙眼产业技术体系示范园-海口站（20230825）(1).doc,5,3,11,"组长：王祥和
组员：胡福初、吴凤芝、周永岛"
示范园/2023年荔枝龙眼产业技术体系示范园-海口站（20230825）(1).doc,5,4,2,B
示范园/2023年荔枝龙眼产业技术体系示范园-海口站（20230825）(1).doc,5,4,3,65
示范园/2023年荔枝龙眼产业技术体系示范园-海口站（20230825）(1).doc,5,4,4,47.3
示范园/2023年荔枝龙眼产业技术体系示范园-海口站（20230825）(1).doc,5,4,5,42.87
示范园/2023年荔枝龙眼产业技术体系示范园-海口站（20230825）(1).doc,5,4,6,41.2
示范园/2023年荔枝龙眼产业技术体系示范园-海口站（20230825）(1).doc,5,4,7,25.9
示范园/2023年荔枝龙眼产业技术体系示范园-海口站（20230825）(1).doc,5,4,8,0
示范园/2023年荔枝龙眼产业技术体系示范园-海口站（20230825）(1).doc,5,4,9,44.12 
示范园/2023年荔枝龙眼产业技术体系示范园-海口站（20230825）(1).doc,5,5,2,C
示范园/2023年荔枝龙眼产业技术体系示范园-海口站（20230825）(1).doc,5,5,3,
示范园/2023年荔枝龙眼产业技术体系示范园-海口站（20230825）(1).doc,5,5,4, 
示范园/2023年荔枝龙眼产业技术体系示范园-海口站（20230825）(1).doc,5,5,5, 
示范园/2023年荔枝龙眼产业技术体系示范园-海口站（20230825）(1).doc,5,5,6,
示范园/2023年荔枝龙眼产业技术体系示范园-海口站（20230825）(1).doc,5,5,7, 
示范园/2023年荔枝龙眼产业技术体系示范园-海口站（20230825）(1).doc,5,5,8,
示范园/2023年荔枝龙眼产业技术体系示范园-海口站（20230825）(1).doc,5,5,9, 
示范园/2023年荔枝龙眼产业技术体系示范园-海口站（20230825）(1).doc,5,6,1,红明农场
示范园/2023年荔枝龙眼产业技术体系示范园-海口站（20230825）(1).doc,5,6,2,A
示范园/2023年荔枝龙眼产业技术体系示范园-海口站（20230825）(1).doc,5,6,3,193
示范园/2023年荔枝龙眼产业技术体系示范园-海口站（20230825）(1).doc,5,6,4,56.08
示范园/2023年荔枝龙眼产业技术体系示范园-海口站（20230825）(1).doc,5,6,5,57.81
示范园/2023年荔枝龙眼产业技术体系示范园-海口站（20230825）(1).doc,5,6,6,50.88
示范园/2023年荔枝龙眼产业技术体系示范园-海口站（20230825）(1).doc,5,6,7,20.5
示范园/2023年荔枝龙眼产业技术体系示范园-海口站（20230825）(1).doc,5,6,8,0
示范园/2023年荔枝龙眼产业技术体系示范园-海口站（20230825）(1).doc,5,6,9,54.09 
示范园/2023年荔枝龙眼产业技术体系示范园-海口站（20230825）(1).doc,5,6,10,753.60
示范园/2023年荔枝龙眼产业技术体系示范园-海口站（20230825）(1).doc,5,6,11,"组长：王祥和
组员：胡福初、吴凤芝、陈会华"
示范园/2023年荔枝龙眼产业技术体系示范园-海口站（20230825）(1).doc,5,7,2,B
示范园/2023年荔枝龙眼产业技术体系示范园-海口站（20230825）(1).doc,5,7,3,7
示范园/2023年荔枝龙眼产业技术体系示范园-海口站（20230825）(1).doc,5,7,4,48.25
示范园/2023年荔枝龙眼产业技术体系示范园-海口站（20230825）(1).doc,5,7,5,54.38
示范园/2023年荔枝龙眼产业技术体系示范园-海口站（20230825）(1).doc,5,7,6,57.91
示范园/2023年荔枝龙眼产业技术体系示范园-海口站（20230825）(1).doc,5,7,7,20.4
示范园/2023年荔枝龙眼产业技术体系示范园-海口站（20230825）(1).doc,5,7,8,0
示范园/2023年荔枝龙眼产业技术体系示范园-海口站（20230825）(1).doc,5,7,9,52.18 
示范园/2023年荔枝龙眼产业技术体系示范园-海口站（20230825）(1).doc,5,8,2,C
示范园/2023年荔枝龙眼产业技术体系示范园-海口站（20230825）(1).doc,5,8,3,
示范园/2023年荔枝龙眼产业技术体系示范园-海口站（20230825）(1).doc,5,8,4,
示范园/2023年荔枝龙眼产业技术体系示范园-海口站（20230825）(1).doc,5,8,5,
示范园/2023年荔枝龙眼产业技术体系示范园-海口站（20230825）(1).doc,5,8,6,
示范园/2023年荔枝龙眼产业技术体系示范园-海口站（20230825）(1).doc,5,8,7, 
示范园/2023年荔枝龙眼产业技术体系示范园-海口站（20230825）(1).doc,5,8,8,
示范园/2023年荔枝龙眼产业技术体系示范园-海口站（20230825）(1).doc,5,8,9,
示范园/2023年荔枝龙眼产业技术体系示范园-海口站（20230825）(1).doc,5,9,1,永发果园
示范园/2023年荔枝龙眼产业技术体系示范园-海口站（20230825）(1).doc,5,9,2,A
示范园/2023年荔枝龙眼产业技术体系示范园-海口站（20230825）(1).doc,5,9,3,91
示范园/2023年荔枝龙眼产业技术体系示范园-海口站（20230825）(1).doc,5,9,4,74.92
示范园/2023年荔枝龙眼产业技术体系示范园-海口站（20230825）(1).doc,5,9,5,70.23
示范园/2023年荔枝龙眼产业技术体系示范园-海口站（20230825）(1).doc,5,9,6,72.78
示范园/2023年荔枝龙眼产业技术体系示范园-海口站（20230825）(1).doc,5,9,7,23.6
示范园/2023年荔枝龙眼产业技术体系示范园-海口站（20230825）(1).doc,5,9,8,3
示范园/2023年荔枝龙眼产业技术体系示范园-海口站（20230825）(1).doc,5,9,9,71.64 
示范园/2023年荔枝龙眼产业技术体系示范园-海口站（20230825）(1).doc,5,9,10,1387.30 
示范园/2023年荔枝龙眼产业技术体系示范园-海口站（20230825）(1).doc,5,9,11,"组长：王祥和
组员：胡福初、陈哲、洪世聪"
示范园/2023年荔枝龙眼产业技术体系示范园-海口站（20230825）(1).doc,5,10,2,B
示范园/2023年荔枝龙眼产业技术体系示范园-海口站（20230825）(1).doc,5,10,3,104
示范园/2023年荔枝龙眼产业技术体系示范园-海口站（20230825）(1).doc,5,10,4,62.64
示范园/2023年荔枝龙眼产业技术体系示范园-海口站（20230825）(1).doc,5,10,5,59.26
示范园/2023年荔枝龙眼产业技术体系示范园-海口站（20230825）(1).doc,5,10,6,55.29
示范园/2023年荔枝龙眼产业技术体系示范园-海口站（20230825）(1).doc,5,10,7,26.8 
示范园/2023年荔枝龙眼产业技术体系示范园-海口站（20230825）(1).doc,5,10,8,1
示范园/2023年荔枝龙眼产业技术体系示范园-海口站（20230825）(1).doc,5,10,9,57.73 
示范园/2023年荔枝龙眼产业技术体系示范园-海口站（20230825）(1).doc,5,11,2,C
示范园/2023年荔枝龙眼产业技术体系示范园-海口站（20230825）(1).doc,5,11,3,
示范园/2023年荔枝龙眼产业技术体系示范园-海口站（20230825）(1).doc,5,11,4,
示范园/2023年荔枝龙眼产业技术体系示范园-海口站（20230825）(1).doc,5,11,5,
示范园/2023年荔枝龙眼产业技术体系示范园-海口站（20230825）(1).doc,5,11,6,
示范园/2023年荔枝龙眼产业技术体系示范园-海口站（20230825）(1).doc,5,11,7,
示范园/2023年荔枝龙眼产业技术体系示范园-海口站（20230825）(1).doc,5,11,8,
示范园/2023年荔枝龙眼产业技术体系示范园-海口站（20230825）(1).doc,5,11,9,
示范园/2023年荔枝龙眼产业技术体系示范园-海口站（20230825）(1).doc,5,12,1,龙元果园
示范园/2023年荔枝龙眼产业技术体系示范园-海口站（20230825）(1).doc,5,12,2,A
示范园/2023年荔枝龙眼产业技术体系示范园-海口站（20230825）(1).doc,5,12,3,132
示范园/2023年荔枝龙眼产业技术体系示范园-海口站（20230825）(1).doc,5,12,4,28.26
示范园/2023年荔枝龙眼产业技术体系示范园-海口站（20230825）(1).doc,5,12,5,32.89
示范园/2023年荔枝龙眼产业技术体系示范园-海口站（20230825）(1).doc,5,12,6,34.12
示范园/2023年荔枝龙眼产业技术体系示范园-海口站（20230825）(1).doc,5,12,7,22.3 
示范园/2023年荔枝龙眼产业技术体系示范园-海口站（20230825）(1).doc,5,12,8,0
示范园/2023年荔枝龙眼产业技术体系示范园-海口站（20230825）(1).doc,5,12,9,31.09 
示范园/2023年荔枝龙眼产业技术体系示范园-海口站（20230825）(1).doc,5,12,10,1120.00
示范园/2023年荔枝龙眼产业技术体系示范园-海口站（20230825）(1).doc,5,12,11,"组长：王祥和
组员：王德长、胡福初、吴凤芝"
示范园/2023年荔枝龙眼产业技术体系示范园-海口站（20230825）(1).doc,5,13,2,B
示范园/2023年荔枝龙眼产业技术体系示范园-海口站（20230825）(1).doc,5,13,3,68
示范园/2023年荔枝龙眼产业技术体系示范园-海口站（20230825）(1).doc,5,13,4,28.51
示范园/2023年荔枝龙眼产业技术体系示范园-海口站（20230825）(1).doc,5,13,5,31.01
示范园/2023年荔枝龙眼产业技术体系示范园-海口站（20230825）(1).doc,5,13,6,32.19
示范园/2023年荔枝龙眼产业技术体系示范园-海口站（20230825）(1).doc,5,13,7,23.2 
示范园/2023年荔枝龙眼产业技术体系示范园-海口站（20230825）(1).doc,5,13,8,0
示范园/2023年荔枝龙眼产业技术体系示范园-海口站（20230825）(1).doc,5,13,9,29.04 
示范园/2023年荔枝龙眼产业技术体系示范园-海口站（20230825）(1).doc,5,14,2,C
示范园/2023年荔枝龙眼产业技术体系示范园-海口站（20230825）(1).doc,5,14,3,
示范园/2023年荔枝龙眼产业技术体系示范园-海口站（20230825）(1).doc,5,14,4,
示范园/2023年荔枝龙眼产业技术体系示范园-海口站（20230825）(1).doc,5,14,5, 
示范园/2023年荔枝龙眼产业技术体系示范园-海口站（20230825）(1).doc,5,14,6,
示范园/2023年荔枝龙眼产业技术体系示范园-海口站（20230825）(1).doc,5,14,7, 
示范园/2023年荔枝龙眼产业技术体系示范园-海口站（20230825）(1).doc,5,14,8,
示范园/2023年荔枝龙眼产业技术体系示范园-海口站（20230825）(1).doc,5,14,9, 
示范园/2023年荔枝龙眼产业技术体系示范园-海口站（20230825）(1).doc,5,15,1,世武果园
示范园/2023年荔枝龙眼产业技术体系示范园-海口站（20230825）(1).doc,5,15,2,A
示范园/2023年荔枝龙眼产业技术体系示范园-海口站（20230825）(1).doc,5,15,3,123
示范园/2023年荔枝龙眼产业技术体系示范园-海口站（20230825）(1).doc,5,15,4,24.23
示范园/2023年荔枝龙眼产业技术体系示范园-海口站（20230825）(1).doc,5,15,5,26.01
示范园/2023年荔枝龙眼产业技术体系示范园-海口站（20230825）(1).doc,5,15,6,28.21
示范园/2023年荔枝龙眼产业技术体系示范园-海口站（20230825）(1).doc,5,15,7,22.5
示范园/2023年荔枝龙眼产业技术体系示范园-海口站（20230825）(1).doc,5,15,8,0
示范园/2023年荔枝龙眼产业技术体系示范园-海口站（20230825）(1).doc,5,15,9,26.82 
示范园/2023年荔枝龙眼产业技术体系示范园-海口站（20230825）(1).doc,5,15,10,812.40 
示范园/2023年荔枝龙眼产业技术体系示范园-海口站（20230825）(1).doc,5,15,11,"组长：王祥和
组员：胡福初、严婷婷、陶挺燕"
示范园/2023年荔枝龙眼产业技术体系示范园-海口站（20230825）(1).doc,5,16,2,B
示范园/2023年荔枝龙眼产业技术体系示范园-海口站（20230825）(1).doc,5,16,3,77
示范园/2023年荔枝龙眼产业技术体系示范园-海口站（20230825）(1).doc,5,16,4,27.24
示范园/2023年荔枝龙眼产业技术体系示范园-海口站（20230825）(1).doc,5,16,5,23.04
示范园/2023年荔枝龙眼产业技术体系示范园-海口站（20230825）(1).doc,5,16,6,21.64
示范园/2023年荔枝龙眼产业技术体系示范园-海口站（20230825）(1).doc,5,16,7,23.6 
示范园/2023年荔枝龙眼产业技术体系示范园-海口站（20230825）(1).doc,5,16,8,0
示范园/2023年荔枝龙眼产业技术体系示范园-海口站（20230825）(1).doc,5,16,9,22.97 
示范园/2023年荔枝龙眼产业技术体系示范园-海口站（20230825）(1).doc,5,17,2,C
示范园/2023年荔枝龙眼产业技术体系示范园-海口站（20230825）(1).doc,5,17,3,
示范园/2023年荔枝龙眼产业技术体系示范园-海口站（20230825）(1).doc,5,17,4,
示范园/2023年荔枝龙眼产业技术体系示范园-海口站（20230825）(1).doc,5,17,5,
示范园/2023年荔枝龙眼产业技术体系示范园-海口站（20230825）(1).doc,5,17,6,
示范园/2023年荔枝龙眼产业技术体系示范园-海口站（20230825）(1).doc,5,17,7, 
示范园/2023年荔枝龙眼产业技术体系示范园-海口站（20230825）(1).doc,5,17,8,
示范园/2023年荔枝龙眼产业技术体系示范园-海口站（20230825）(1).doc,5,17,9, 
示范园/2023年荔枝龙眼产业技术体系示范园-海口站（20230825）(1).doc,5,18,1,鲁宏果园
示范园/2023年荔枝龙眼产业技术体系示范园-海口站（20230825）(1).doc,5,18,2,A
示范园/2023年荔枝龙眼产业技术体系示范园-海口站（20230825）(1).doc,5,18,3,92
示范园/2023年荔枝龙眼产业技术体系示范园-海口站（20230825）(1).doc,5,18,4,49.21
示范园/2023年荔枝龙眼产业技术体系示范园-海口站（20230825）(1).doc,5,18,5,51.6
示范园/2023年荔枝龙眼产业技术体系示范园-海口站（20230825）(1).doc,5,18,6,48.25
示范园/2023年荔枝龙眼产业技术体系示范园-海口站（20230825）(1).doc,5,18,7,20.7 
示范园/2023年荔枝龙眼产业技术体系示范园-海口站（20230825）(1).doc,5,18,8,0
示范园/2023年荔枝龙眼产业技术体系示范园-海口站（20230825）(1).doc,5,18,9,50.35 
示范园/2023年荔枝龙眼产业技术体系示范园-海口站（20230825）(1).doc,5,18,10,783.55
示范园/2023年荔枝龙眼产业技术体系示范园-海口站（20230825）(1).doc,5,18,11,"组长：王祥和
组员：胡福初、吴凤芝"
示范园/2023年荔枝龙眼产业技术体系示范园-海口站（20230825）(1).doc,5,19,2,B
示范园/2023年荔枝龙眼产业技术体系示范园-海口站（20230825）(1).doc,5,19,3,108
示范园/2023年荔枝龙眼产业技术体系示范园-海口站（20230825）(1).doc,5,19,4,44.17
示范园/2023年荔枝龙眼产业技术体系示范园-海口站（20230825）(1).doc,5,19,5,43.36
示范园/2023年荔枝龙眼产业技术体系示范园-海口站（20230825）(1).doc,5,19,6,46.45
示范园/2023年荔枝龙眼产业技术体系示范园-海口站（20230825）(1).doc,5,19,7,21.9
示范园/2023年荔枝龙眼产业技术体系示范园-海口站（20230825）(1).doc,5,19,8,0
示范园/2023年荔枝龙眼产业技术体系示范园-海口站（20230825）(1).doc,5,19,9,45.66
示范园/2023年荔枝龙眼产业技术体系示范园-海口站（20230825）(1).doc,5,20,2,C
示范园/2023年荔枝龙眼产业技术体系示范园-海口站（20230825）(1).doc,5,20,3,
示范园/2023年荔枝龙眼产业技术体系示范园-海口站（20230825）(1).doc,5,20,4,
示范园/2023年荔枝龙眼产业技术体系示范园-海口站（20230825）(1).doc,5,20,5,
示范园/2023年荔枝龙眼产业技术体系示范园-海口站（20230825）(1).doc,5,20,6,
示范园/2023年荔枝龙眼产业技术体系示范园-海口站（20230825）(1).doc,5,20,7, 
示范园/2023年荔枝龙眼产业技术体系示范园-海口站（20230825）(1).doc,5,20,8,
示范园/2023年荔枝龙眼产业技术体系示范园-海口站（20230825）(1).doc,5,20,9,
示范园/2023年荔枝龙眼产业技术体系示范园-海口站（20230825）(1).doc,6,1,1,示范园
示范园/2023年荔枝龙眼产业技术体系示范园-海口站（20230825）(1).doc,6,1,2,土地费用
示范园/2023年荔枝龙眼产业技术体系示范园-海口站（20230825）(1).doc,6,1,3,肥料费用
示范园/2023年荔枝龙眼产业技术体系示范园-海口站（20230825）(1).doc,6,1,4,农药费用
示范园/2023年荔枝龙眼产业技术体系示范园-海口站（20230825）(1).doc,6,1,5,固定资产折旧
示范园/2023年荔枝龙眼产业技术体系示范园-海口站（20230825）(1).doc,6,1,6,劳动投入
示范园/2023年荔枝龙眼产业技术体系示范园-海口站（20230825）(1).doc,6,1,7,亩投入
示范园/2023年荔枝龙眼产业技术体系示范园-海口站（20230825）(1).doc,6,1,8,亩产出
示范园/2023年荔枝龙眼产业技术体系示范园-海口站（20230825）(1).doc,6,1,9,亩利润
示范园/2023年荔枝龙眼产业技术体系示范园-海口站（20230825）(1).doc,6,2,2,租金
示范园/2023年荔枝龙眼产业技术体系示范园-海口站（20230825）(1).doc,6,2,3,自营地折价
示范园/2023年荔枝龙眼产业技术体系示范园-海口站（20230825）(1).doc,6,2,4,化肥
示范园/2023年荔枝龙眼产业技术体系示范园-海口站（20230825）(1).doc,6,2,5,有机肥
示范园/2023年荔枝龙眼产业技术体系示范园-海口站（20230825）(1).doc,6,2,8,亩用工
示范园/2023年荔枝龙眼产业技术体系示范园-海口站（20230825）(1).doc,6,2,9,日工价
示范园/2023年荔枝龙眼产业技术体系示范园-海口站（20230825）(1).doc,6,2,10,劳动力投入
示范园/2023年荔枝龙眼产业技术体系示范园-海口站（20230825）(1).doc,6,2,11,示范园投入
示范园/2023年荔枝龙眼产业技术体系示范园-海口站（20230825）(1).doc,6,2,12,当地平均投入
示范园/2023年荔枝龙眼产业技术体系示范园-海口站（20230825）(1).doc,6,2,13,示范园产出
示范园/2023年荔枝龙眼产业技术体系示范园-海口站（20230825）(1).doc,6,2,14,当地平均产出
示范园/2023年荔枝龙眼产业技术体系示范园-海口站（20230825）(1).doc,6,2,15,示范园亩利润
示范园/2023年荔枝龙眼产业技术体系示范园-海口站（20230825）(1).doc,6,2,16,当地平均利润
示范园/2023年荔枝龙眼产业技术体系示范园-海口站（20230825）(1).doc,6,3,1,办内果园
示范园/2023年荔枝龙眼产业技术体系示范园-海口站（20230825）(1).doc,6,3,2,0
示范园/2023年荔枝龙眼产业技术体系示范园-海口站（20230825）(1).doc,6,3,3,800
示范园/2023年荔枝龙眼产业技术体系示范园-海口站（20230825）(1).doc,6,3,4,350
示范园/2023年荔枝龙眼产业技术体系示范园-海口站（20230825）(1).doc,6,3,5,250
示范园/2023年荔枝龙眼产业技术体系示范园-海口站（20230825）(1).doc,6,3,6,850
示范园/2023年荔枝龙眼产业技术体系示范园-海口站（20230825）(1).doc,6,3,7,150
示范园/2023年荔枝龙眼产业技术体系示范园-海口站（20230825）(1).doc,6,3,8,15
示范园/2023年荔枝龙眼产业技术体系示范园-海口站（20230825）(1).doc,6,3,9,120
示范园/2023年荔枝龙眼产业技术体系示范园-海口站（20230825）(1).doc,6,3,10,1800
示范园/2023年荔枝龙眼产业技术体系示范园-海口站（20230825）(1).doc,6,3,11,3818
示范园/2023年荔枝龙眼产业技术体系示范园-海口站（20230825）(1).doc,6,3,12,5500
示范园/2023年荔枝龙眼产业技术体系示范园-海口站（20230825）(1).doc,6,3,13,11368
示范园/2023年荔枝龙眼产业技术体系示范园-海口站（20230825）(1).doc,6,3,14,10000
示范园/2023年荔枝龙眼产业技术体系示范园-海口站（20230825）(1).doc,6,3,15,7550
示范园/2023年荔枝龙眼产业技术体系示范园-海口站（20230825）(1).doc,6,3,16,4500 
示范园/2023年荔枝龙眼产业技术体系示范园-海口站（20230825）(1).doc,6,4,1,会华果园
示范园/2023年荔枝龙眼产业技术体系示范园-海口站（20230825）(1).doc,6,4,2,500
示范园/2023年荔枝龙眼产业技术体系示范园-海口站（20230825）(1).doc,6,4,3,0
示范园/2023年荔枝龙眼产业技术体系示范园-海口站（20230825）(1).doc,6,4,4,950
示范园/2023年荔枝龙眼产业技术体系示范园-海口站（20230825）(1).doc,6,4,5,550
示范园/2023年荔枝龙眼产业技术体系示范园-海口站（20230825）(1).doc,6,4,6,1200
示范园/2023年荔枝龙眼产业技术体系示范园-海口站（20230825）(1).doc,6,4,7,260
示范园/2023年荔枝龙眼产业技术体系示范园-海口站（20230825）(1).doc,6,4,8,20
示范园/2023年荔枝龙眼产业技术体系示范园-海口站（20230825）(1).doc,6,4,9,150
示范园/2023年荔枝龙眼产业技术体系示范园-海口站（20230825）(1).doc,6,4,10,3000
示范园/2023年荔枝龙眼产业技术体系示范园-海口站（20230825）(1).doc,6,4,11,6460
示范园/2023年荔枝龙眼产业技术体系示范园-海口站（20230825）(1).doc,6,4,12,7000
示范园/2023年荔枝龙眼产业技术体系示范园-海口站（20230825）(1).doc,6,4,13,14434 
示范园/2023年荔枝龙眼产业技术体系示范园-海口站（20230825）(1).doc,6,4,14,12000
示范园/2023年荔枝龙眼产业技术体系示范园-海口站（20230825）(1).doc,6,4,15,7974
示范园/2023年荔枝龙眼产业技术体系示范园-海口站（20230825）(1).doc,6,4,16,5000 
示范园/2023年荔枝龙眼产业技术体系示范园-海口站（20230825）(1).doc,6,5,1,永发果园
示范园/2023年荔枝龙眼产业技术体系示范园-海口站（20230825）(1).doc,6,5,2,0
示范园/2023年荔枝龙眼产业技术体系示范园-海口站（20230825）(1).doc,6,5,3,650
示范园/2023年荔枝龙眼产业技术体系示范园-海口站（20230825）(1).doc,6,5,4,550
示范园/2023年荔枝龙眼产业技术体系示范园-海口站（20230825）(1).doc,6,5,5,980
示范园/2023年荔枝龙眼产业技术体系示范园-海口站（20230825）(1).doc,6,5,6,900
示范园/2023年荔枝龙眼产业技术体系示范园-海口站（20230825）(1).doc,6,5,7,380
示范园/2023年荔枝龙眼产业技术体系示范园-海口站（20230825）(1).doc,6,5,8,16
示范园/2023年荔枝龙眼产业技术体系示范园-海口站（20230825）(1).doc,6,5,9,130
示范园/2023年荔枝龙眼产业技术体系示范园-海口站（20230825）(1).doc,6,5,10,2080
示范园/2023年荔枝龙眼产业技术体系示范园-海口站（20230825）(1).doc,6,5,11,5540
示范园/2023年荔枝龙眼产业技术体系示范园-海口站（20230825）(1).doc,6,5,12,3500
示范园/2023年荔枝龙眼产业技术体系示范园-海口站（20230825）(1).doc,6,5,13,4600
示范园/2023年荔枝龙眼产业技术体系示范园-海口站（20230825）(1).doc,6,5,14,8500
示范园/2023年荔枝龙眼产业技术体系示范园-海口站（20230825）(1).doc,6,5,15,2320
示范园/2023年荔枝龙眼产业技术体系示范园-海口站（20230825）(1).doc,6,5,16,5000 
示范园/2023年荔枝龙眼产业技术体系示范园-海口站（20230825）(1).doc,6,6,1,龙元果园
示范园/2023年荔枝龙眼产业技术体系示范园-海口站（20230825）(1).doc,6,6,2,1596
示范园/2023年荔枝龙眼产业技术体系示范园-海口站（20230825）(1).doc,6,6,3,0
示范园/2023年荔枝龙眼产业技术体系示范园-海口站（20230825）(1).doc,6,6,4,1478.9
示范园/2023年荔枝龙眼产业技术体系示范园-海口站（20230825）(1).doc,6,6,5,
示范园/2023年荔枝龙眼产业技术体系示范园-海口站（20230825）(1).doc,6,6,6,454
示范园/2023年荔枝龙眼产业技术体系示范园-海口站（20230825）(1).doc,6,6,7,80
示范园/2023年荔枝龙眼产业技术体系示范园-海口站（20230825）(1).doc,6,6,8,16
示范园/2023年荔枝龙眼产业技术体系示范园-海口站（20230825）(1).doc,6,6,9,130
示范园/2023年荔枝龙眼产业技术体系示范园-海口站（20230825）(1).doc,6,6,10,2080
示范园/2023年荔枝龙眼产业技术体系示范园-海口站（20230825）(1).doc,6,6,11,4692
示范园/2023年荔枝龙眼产业技术体系示范园-海口站（20230825）(1).doc,6,6,12,5200
示范园/2023年荔枝龙眼产业技术体系示范园-海口站（20230825）(1).doc,6,6,13,7236
示范园/2023年荔枝龙眼产业技术体系示范园-海口站（20230825）(1).doc,6,6,14,6500
示范园/2023年荔枝龙眼产业技术体系示范园-海口站（20230825）(1).doc,6,6,15,2182 
示范园/2023年荔枝龙眼产业技术体系示范园-海口站（20230825）(1).doc,6,6,16,1900 
示范园/2023年荔枝龙眼产业技术体系示范园-海口站（20230825）(1).doc,6,7,1,世武果园
示范园/2023年荔枝龙眼产业技术体系示范园-海口站（20230825）(1).doc,6,7,2,450
示范园/2023年荔枝龙眼产业技术体系示范园-海口站（20230825）(1).doc,6,7,3,0
示范园/2023年荔枝龙眼产业技术体系示范园-海口站（20230825）(1).doc,6,7,4,260
示范园/2023年荔枝龙眼产业技术体系示范园-海口站（20230825）(1).doc,6,7,5,220
示范园/2023年荔枝龙眼产业技术体系示范园-海口站（20230825）(1).doc,6,7,6,550
示范园/2023年荔枝龙眼产业技术体系示范园-海口站（20230825）(1).doc,6,7,7,150
示范园/2023年荔枝龙眼产业技术体系示范园-海口站（20230825）(1).doc,6,7,8,13
示范园/2023年荔枝龙眼产业技术体系示范园-海口站（20230825）(1).doc,6,7,9,160
示范园/2023年荔枝龙眼产业技术体系示范园-海口站（20230825）(1).doc,6,7,10,2000
示范园/2023年荔枝龙眼产业技术体系示范园-海口站（20230825）(1).doc,6,7,11,4630
示范园/2023年荔枝龙眼产业技术体系示范园-海口站（20230825）(1).doc,6,7,12,5400
示范园/2023年荔枝龙眼产业技术体系示范园-海口站（20230825）(1).doc,6,7,13,13000 
示范园/2023年荔枝龙眼产业技术体系示范园-海口站（20230825）(1).doc,6,7,14,9000
示范园/2023年荔枝龙眼产业技术体系示范园-海口站（20230825）(1).doc,6,7,15,8370
示范园/2023年荔枝龙眼产业技术体系示范园-海口站（20230825）(1).doc,6,7,16,5600 
示范园/2023年荔枝龙眼产业技术体系示范园-海口站（20230825）(1).doc,6,8,1,鲁宏果园
示范园/2023年荔枝龙眼产业技术体系示范园-海口站（20230825）(1).doc,6,8,2,2353
示范园/2023年荔枝龙眼产业技术体系示范园-海口站（20230825）(1).doc,6,8,3,0
示范园/2023年荔枝龙眼产业技术体系示范园-海口站（20230825）(1).doc,6,8,4,399
示范园/2023年荔枝龙眼产业技术体系示范园-海口站（20230825）(1).doc,6,8,5,588
示范园/2023年荔枝龙眼产业技术体系示范园-海口站（20230825）(1).doc,6,8,6,2707
示范园/2023年荔枝龙眼产业技术体系示范园-海口站（20230825）(1).doc,6,8,7,80
示范园/2023年荔枝龙眼产业技术体系示范园-海口站（20230825）(1).doc,6,8,8,11
示范园/2023年荔枝龙眼产业技术体系示范园-海口站（20230825）(1).doc,6,8,9,150
示范园/2023年荔枝龙眼产业技术体系示范园-海口站（20230825）(1).doc,6,8,10,1553
示范园/2023年荔枝龙眼产业技术体系示范园-海口站（20230825）(1).doc,6,8,11,7806
示范园/2023年荔枝龙眼产业技术体系示范园-海口站（20230825）(1).doc,6,8,12,8200
示范园/2023年荔枝龙眼产业技术体系示范园-海口站（20230825）(1).doc,6,8,13,18118 
示范园/2023年荔枝龙眼产业技术体系示范园-海口站（20230825）(1).doc,6,8,14,13000
示范园/2023年荔枝龙眼产业技术体系示范园-海口站（20230825）(1).doc,6,8,15,10161 
示范园/2023年荔枝龙眼产业技术体系示范园-海口站（20230825）(1).doc,6,8,16,7800 
示范园/2024年荔枝龙眼产业技术体系示范园-海口站（20240825）.doc,1,1,1,"示范果园
（编号）"
示范园/2024年荔枝龙眼产业技术体系示范园-海口站（20240825）.doc,1,1,2,面积（亩）
示范园/2024年荔枝龙眼产业技术体系示范园-海口站（20240825）.doc,1,1,3,种植年份
示范园/2024年荔枝龙眼产业技术体系示范园-海口站（20240825）.doc,1,1,4,改造年份
示范园/2024年荔枝龙眼产业技术体系示范园-海口站（20240825）.doc,1,1,5,品种
示范园/2024年荔枝龙眼产业技术体系示范园-海口站（20240825）.doc,1,1,6,株数
示范园/2024年荔枝龙眼产业技术体系示范园-海口站（20240825）.doc,1,1,7,株距×行距（m）
示范园/2024年荔枝龙眼产业技术体系示范园-海口站（20240825）.doc,1,1,8,农场主
示范园/2024年荔枝龙眼产业技术体系示范园-海口站（20240825）.doc,1,1,9,经纬度
示范园/2024年荔枝龙眼产业技术体系示范园-海口站（20240825）.doc,1,2,1,"办内果园
CARS-33-46-01"
示范园/2024年荔枝龙眼产业技术体系示范园-海口站（20240825）.doc,1,2,2,80
示范园/2024年荔枝龙眼产业技术体系示范园-海口站（20240825）.doc,1,2,3,2002年
示范园/2024年荔枝龙眼产业技术体系示范园-海口站（20240825）.doc,1,2,4,2015重回缩
示范园/2024年荔枝龙眼产业技术体系示范园-海口站（20240825）.doc,1,2,5,妃子笑
示范园/2024年荔枝龙眼产业技术体系示范园-海口站（20240825）.doc,1,2,6,4000
示范园/2024年荔枝龙眼产业技术体系示范园-海口站（20240825）.doc,1,2,7,4×5
示范园/2024年荔枝龙眼产业技术体系示范园-海口站（20240825）.doc,1,2,8,周永岛
示范园/2024年荔枝龙眼产业技术体系示范园-海口站（20240825）.doc,1,2,9,"N 19° 53' 57.63""
E 110° 29' 58.18"""
示范园/2024年荔枝龙眼产业技术体系示范园-海口站（20240825）.doc,1,3,1,"红明农场
CARS-33-46-02"
示范园/2024年荔枝龙眼产业技术体系示范园-海口站（20240825）.doc,1,3,2,70
示范园/2024年荔枝龙眼产业技术体系示范园-海口站（20240825）.doc,1,3,3,2000年
示范园/2024年荔枝龙眼产业技术体系示范园-海口站（20240825）.doc,1,3,4,"2010间伐
2018年重回缩"
示范园/2024年荔枝龙眼产业技术体系示范园-海口站（20240825）.doc,1,3,5,白糖罂
示范园/2024年荔枝龙眼产业技术体系示范园-海口站（20240825）.doc,1,3,6,970
示范园/2024年荔枝龙眼产业技术体系示范园-海口站（20240825）.doc,1,3,7,6×8
示范园/2024年荔枝龙眼产业技术体系示范园-海口站（20240825）.doc,1,3,8,陈会华
示范园/2024年荔枝龙眼产业技术体系示范园-海口站（20240825）.doc,1,3,9,"N 19° 41' 54.98""
E 110° 34' 49.95"""
示范园/2024年荔枝龙眼产业技术体系示范园-海口站（20240825）.doc,1,4,1,"永发果园
CARS-33-46-03"
示范园/2024年荔枝龙眼产业技术体系示范园-海口站（20240825）.doc,1,4,2,25
示范园/2024年荔枝龙眼产业技术体系示范园-海口站（20240825）.doc,1,4,3,1995年
示范园/2024年荔枝龙眼产业技术体系示范园-海口站（20240825）.doc,1,4,4,"2013间伐
2014重回缩"
示范园/2024年荔枝龙眼产业技术体系示范园-海口站（20240825）.doc,1,4,5,妃子笑
示范园/2024年荔枝龙眼产业技术体系示范园-海口站（20240825）.doc,1,4,6,550
示范园/2024年荔枝龙眼产业技术体系示范园-海口站（20240825）.doc,1,4,7,4×6
示范园/2024年荔枝龙眼产业技术体系示范园-海口站（20240825）.doc,1,4,8,洪世聪
示范园/2024年荔枝龙眼产业技术体系示范园-海口站（20240825）.doc,1,4,9,"N 19° 45' 30.91""
E 110° 12' 13.96"""
示范园/2024年荔枝龙眼产业技术体系示范园-海口站（20240825）.doc,1,5,1,"龙元果园
CARS-33-46-04"
示范园/2024年荔枝龙眼产业技术体系示范园-海口站（20240825）.doc,1,5,2,200
示范园/2024年荔枝龙眼产业技术体系示范园-海口站（20240825）.doc,1,5,3,2002年
示范园/2024年荔枝龙眼产业技术体系示范园-海口站（20240825）.doc,1,5,4,2019重回缩
示范园/2024年荔枝龙眼产业技术体系示范园-海口站（20240825）.doc,1,5,5,妃子笑
示范园/2024年荔枝龙眼产业技术体系示范园-海口站（20240825）.doc,1,5,6,7400
示范园/2024年荔枝龙眼产业技术体系示范园-海口站（20240825）.doc,1,5,7,4×4.5
示范园/2024年荔枝龙眼产业技术体系示范园-海口站（20240825）.doc,1,5,8,黄龙腾
示范园/2024年荔枝龙眼产业技术体系示范园-海口站（20240825）.doc,1,5,9,"N 19° 27′ 11.83""
E 110° 19' 42.84"""
示范园/2024年荔枝龙眼产业技术体系示范园-海口站（20240825）.doc,1,6,1,"世武果园
CARS-33-46-05"
示范园/2024年荔枝龙眼产业技术体系示范园-海口站（20240825）.doc,1,6,2,30
示范园/2024年荔枝龙眼产业技术体系示范园-海口站（20240825）.doc,1,6,3,2001年
示范园/2024年荔枝龙眼产业技术体系示范园-海口站（20240825）.doc,1,6,4,2018重回缩
示范园/2024年荔枝龙眼产业技术体系示范园-海口站（20240825）.doc,1,6,5,妃子笑
示范园/2024年荔枝龙眼产业技术体系示范园-海口站（20240825）.doc,1,6,6,990
示范园/2024年荔枝龙眼产业技术体系示范园-海口站（20240825）.doc,1,6,7,4×5
示范园/2024年荔枝龙眼产业技术体系示范园-海口站（20240825）.doc,1,6,8,李世武
示范园/2024年荔枝龙眼产业技术体系示范园-海口站（20240825）.doc,1,6,9,"N 19° 10' 27.53""
E 110° 26' 54.70"""
示范园/2024年荔枝龙眼产业技术体系示范园-海口站（20240825）.doc,1,7,1,"鲁宏果园
CARS-33-46-06"
示范园/2024年荔枝龙眼产业技术体系示范园-海口站（20240825）.doc,1,7,2,300
示范园/2024年荔枝龙眼产业技术体系示范园-海口站（20240825）.doc,1,7,3,1999年
示范园/2024年荔枝龙眼产业技术体系示范园-海口站（20240825）.doc,1,7,4,2012间伐
示范园/2024年荔枝龙眼产业技术体系示范园-海口站（20240825）.doc,1,7,5,妃子笑
示范园/2024年荔枝龙眼产业技术体系示范园-海口站（20240825）.doc,1,7,6,5000
示范园/2024年荔枝龙眼产业技术体系示范园-海口站（20240825）.doc,1,7,7,5×8
示范园/2024年荔枝龙眼产业技术体系示范园-海口站（20240825）.doc,1,7,8,周军峰
示范园/2024年荔枝龙眼产业技术体系示范园-海口站（20240825）.doc,1,7,9,"N18° 36' 34.77""
E109° 56' 32.26"""
示范园/2024年荔枝龙眼产业技术体系示范园-海口站（20240825）.doc,2,1,1,示范果园
示范园/2024年荔枝龙眼产业技术体系示范园-海口站（20240825）.doc,2,1,2,果园坡度（°）
示范园/2024年荔枝龙眼产业技术体系示范园-海口站（20240825）.doc,2,1,3,土壤类型
示范园/2024年荔枝龙眼产业技术体系示范园-海口站（20240825）.doc,2,1,4,灌溉方式
示范园/2024年荔枝龙眼产业技术体系示范园-海口站（20240825）.doc,2,1,5,年份
示范园/2024年荔枝龙眼产业技术体系示范园-海口站（20240825）.doc,2,1,6,"株产
（公斤）"
示范园/2024年荔枝龙眼产业技术体系示范园-海口站（20240825）.doc,2,1,7,"售价
（元/公斤）"
示范园/2024年荔枝龙眼产业技术体系示范园-海口站（20240825）.doc,2,1,8,成花率（%）
示范园/2024年荔枝龙眼产业技术体系示范园-海口站（20240825）.doc,2,1,9,"收益
（万元）"
示范园/2024年荔枝龙眼产业技术体系示范园-海口站（20240825）.doc,2,2,1,办内果园
示范园/2024年荔枝龙眼产业技术体系示范园-海口站（20240825）.doc,2,2,2,0～5
示范园/2024年荔枝龙眼产业技术体系示范园-海口站（20240825）.doc,2,2,3,红壤土
示范园/2024年荔枝龙眼产业技术体系示范园-海口站（20240825）.doc,2,2,4,微喷灌
示范园/2024年荔枝龙眼产业技术体系示范园-海口站（20240825）.doc,2,2,5,2020
示范园/2024年荔枝龙眼产业技术体系示范园-海口站（20240825）.doc,2,2,6,28.60
示范园/2024年荔枝龙眼产业技术体系示范园-海口站（20240825）.doc,2,2,7,11.60
示范园/2024年荔枝龙眼产业技术体系示范园-海口站（20240825）.doc,2,2,8,95
示范园/2024年荔枝龙眼产业技术体系示范园-海口站（20240825）.doc,2,2,9,80.04
示范园/2024年荔枝龙眼产业技术体系示范园-海口站（20240825）.doc,2,3,5,2021
示范园/2024年荔枝龙眼产业技术体系示范园-海口站（20240825）.doc,2,3,6,30.50
示范园/2024年荔枝龙眼产业技术体系示范园-海口站（20240825）.doc,2,3,7,8.00
示范园/2024年荔枝龙眼产业技术体系示范园-海口站（20240825）.doc,2,3,8,100
示范园/2024年荔枝龙眼产业技术体系示范园-海口站（20240825）.doc,2,3,9,48.80
示范园/2024年荔枝龙眼产业技术体系示范园-海口站（20240825）.doc,2,4,5,2022
示范园/2024年荔枝龙眼产业技术体系示范园-海口站（20240825）.doc,2,4,6,30.00
示范园/2024年荔枝龙眼产业技术体系示范园-海口站（20240825）.doc,2,4,7,12.6
示范园/2024年荔枝龙眼产业技术体系示范园-海口站（20240825）.doc,2,4,8,100
示范园/2024年荔枝龙眼产业技术体系示范园-海口站（20240825）.doc,2,4,9,90.60
示范园/2024年荔枝龙眼产业技术体系示范园-海口站（20240825）.doc,2,5,5,2023
示范园/2024年荔枝龙眼产业技术体系示范园-海口站（20240825）.doc,2,5,6,32.15
示范园/2024年荔枝龙眼产业技术体系示范园-海口站（20240825）.doc,2,5,7,9.60
示范园/2024年荔枝龙眼产业技术体系示范园-海口站（20240825）.doc,2,5,8,100
示范园/2024年荔枝龙眼产业技术体系示范园-海口站（20240825）.doc,2,5,9,40.60
示范园/2024年荔枝龙眼产业技术体系示范园-海口站（20240825）.doc,2,6,5,2024
示范园/2024年荔枝龙眼产业技术体系示范园-海口站（20240825）.doc,2,6,6,21.78
示范园/2024年荔枝龙眼产业技术体系示范园-海口站（20240825）.doc,2,6,7,12.2
示范园/2024年荔枝龙眼产业技术体系示范园-海口站（20240825）.doc,2,6,8,90
示范园/2024年荔枝龙眼产业技术体系示范园-海口站（20240825）.doc,2,6,9,35.15
示范园/2024年荔枝龙眼产业技术体系示范园-海口站（20240825）.doc,2,7,1,红明农场
示范园/2024年荔枝龙眼产业技术体系示范园-海口站（20240825）.doc,2,7,2,15～30
示范园/2024年荔枝龙眼产业技术体系示范园-海口站（20240825）.doc,2,7,3,红壤土
示范园/2024年荔枝龙眼产业技术体系示范园-海口站（20240825）.doc,2,7,4,管道淋灌
示范园/2024年荔枝龙眼产业技术体系示范园-海口站（20240825）.doc,2,7,5,2020
示范园/2024年荔枝龙眼产业技术体系示范园-海口站（20240825）.doc,2,7,6,34.53
示范园/2024年荔枝龙眼产业技术体系示范园-海口站（20240825）.doc,2,7,7,11.90
示范园/2024年荔枝龙眼产业技术体系示范园-海口站（20240825）.doc,2,7,8,100
示范园/2024年荔枝龙眼产业技术体系示范园-海口站（20240825）.doc,2,7,9,29.53
示范园/2024年荔枝龙眼产业技术体系示范园-海口站（20240825）.doc,2,8,5,2021
示范园/2024年荔枝龙眼产业技术体系示范园-海口站（20240825）.doc,2,8,6,66.20
示范园/2024年荔枝龙眼产业技术体系示范园-海口站（20240825）.doc,2,8,7,9.00
示范园/2024年荔枝龙眼产业技术体系示范园-海口站（20240825）.doc,2,8,8,100
示范园/2024年荔枝龙眼产业技术体系示范园-海口站（20240825）.doc,2,8,9,14.45
示范园/2024年荔枝龙眼产业技术体系示范园-海口站（20240825）.doc,2,9,5,2022
示范园/2024年荔枝龙眼产业技术体系示范园-海口站（20240825）.doc,2,9,6,65.00
示范园/2024年荔枝龙眼产业技术体系示范园-海口站（20240825）.doc,2,9,7,16.00
示范园/2024年荔枝龙眼产业技术体系示范园-海口站（20240825）.doc,2,9,8,100
示范园/2024年荔枝龙眼产业技术体系示范园-海口站（20240825）.doc,2,9,9,38.20
示范园/2024年荔枝龙眼产业技术体系示范园-海口站（20240825）.doc,2,10,5,2023
示范园/2024年荔枝龙眼产业技术体系示范园-海口站（20240825）.doc,2,10,6,52.00
示范园/2024年荔枝龙眼产业技术体系示范园-海口站（20240825）.doc,2,10,7,12.00
示范园/2024年荔枝龙眼产业技术体系示范园-海口站（20240825）.doc,2,10,8,98
示范园/2024年荔枝龙眼产业技术体系示范园-海口站（20240825）.doc,2,10,9,16.80
示范园/2024年荔枝龙眼产业技术体系示范园-海口站（20240825）.doc,2,11,5,2024
示范园/2024年荔枝龙眼产业技术体系示范园-海口站（20240825）.doc,2,11,6,7.71
示范园/2024年荔枝龙眼产业技术体系示范园-海口站（20240825）.doc,2,11,7,16.00
示范园/2024年荔枝龙眼产业技术体系示范园-海口站（20240825）.doc,2,11,8,20
示范园/2024年荔枝龙眼产业技术体系示范园-海口站（20240825）.doc,2,11,9,-20.50
示范园/2024年荔枝龙眼产业技术体系示范园-海口站（20240825）.doc,2,12,1,永发果园
示范园/2024年荔枝龙眼产业技术体系示范园-海口站（20240825）.doc,2,12,2,0～5
示范园/2024年荔枝龙眼产业技术体系示范园-海口站（20240825）.doc,2,12,3,红壤土
示范园/2024年荔枝龙眼产业技术体系示范园-海口站（20240825）.doc,2,12,4,微喷灌
示范园/2024年荔枝龙眼产业技术体系示范园-海口站（20240825）.doc,2,12,5,2020
示范园/2024年荔枝龙眼产业技术体系示范园-海口站（20240825）.doc,2,12,6,30.60
示范园/2024年荔枝龙眼产业技术体系示范园-海口站（20240825）.doc,2,12,7,11.00
示范园/2024年荔枝龙眼产业技术体系示范园-海口站（20240825）.doc,2,12,8,100
示范园/2024年荔枝龙眼产业技术体系示范园-海口站（20240825）.doc,2,12,9,5.50
示范园/2024年荔枝龙眼产业技术体系示范园-海口站（20240825）.doc,2,13,5,2021
示范园/2024年荔枝龙眼产业技术体系示范园-海口站（20240825）.doc,2,13,6,25.80
示范园/2024年荔枝龙眼产业技术体系示范园-海口站（20240825）.doc,2,13,7,7.60
示范园/2024年荔枝龙眼产业技术体系示范园-海口站（20240825）.doc,2,13,8,100
示范园/2024年荔枝龙眼产业技术体系示范园-海口站（20240825）.doc,2,13,9,3.23
示范园/2024年荔枝龙眼产业技术体系示范园-海口站（20240825）.doc,2,14,5,2022
示范园/2024年荔枝龙眼产业技术体系示范园-海口站（20240825）.doc,2,14,6,28.60
示范园/2024年荔枝龙眼产业技术体系示范园-海口站（20240825）.doc,2,14,7,11.80
示范园/2024年荔枝龙眼产业技术体系示范园-海口站（20240825）.doc,2,14,8,100
示范园/2024年荔枝龙眼产业技术体系示范园-海口站（20240825）.doc,2,14,9,5.80
示范园/2024年荔枝龙眼产业技术体系示范园-海口站（20240825）.doc,2,15,5,2023
示范园/2024年荔枝龙眼产业技术体系示范园-海口站（20240825）.doc,2,15,6,35.25
示范园/2024年荔枝龙眼产业技术体系示范园-海口站（20240825）.doc,2,15,7,9.60
示范园/2024年荔枝龙眼产业技术体系示范园-海口站（20240825）.doc,2,15,8,99
示范园/2024年荔枝龙眼产业技术体系示范园-海口站（20240825）.doc,2,15,9,7.50
示范园/2024年荔枝龙眼产业技术体系示范园-海口站（20240825）.doc,2,16,5,2024
示范园/2024年荔枝龙眼产业技术体系示范园-海口站（20240825）.doc,2,16,6,22.36
示范园/2024年荔枝龙眼产业技术体系示范园-海口站（20240825）.doc,2,16,7,10.20
示范园/2024年荔枝龙眼产业技术体系示范园-海口站（20240825）.doc,2,16,8,75
示范园/2024年荔枝龙眼产业技术体系示范园-海口站（20240825）.doc,2,16,9,3.93
示范园/2024年荔枝龙眼产业技术体系示范园-海口站（20240825）.doc,2,17,1,龙元果园
示范园/2024年荔枝龙眼产业技术体系示范园-海口站（20240825）.doc,2,17,2,0
示范园/2024年荔枝龙眼产业技术体系示范园-海口站（20240825）.doc,2,17,3,红壤土
示范园/2024年荔枝龙眼产业技术体系示范园-海口站（20240825）.doc,2,17,4,喷灌
示范园/2024年荔枝龙眼产业技术体系示范园-海口站（20240825）.doc,2,17,5,2021
示范园/2024年荔枝龙眼产业技术体系示范园-海口站（20240825）.doc,2,17,6,14.80
示范园/2024年荔枝龙眼产业技术体系示范园-海口站（20240825）.doc,2,17,7,9.0
示范园/2024年荔枝龙眼产业技术体系示范园-海口站（20240825）.doc,2,17,8,95
示范园/2024年荔枝龙眼产业技术体系示范园-海口站（20240825）.doc,2,17,9,2.00
示范园/2024年荔枝龙眼产业技术体系示范园-海口站（20240825）.doc,2,18,5,2022
示范园/2024年荔枝龙眼产业技术体系示范园-海口站（20240825）.doc,2,18,6,24.30
示范园/2024年荔枝龙眼产业技术体系示范园-海口站（20240825）.doc,2,18,7,11.20
示范园/2024年荔枝龙眼产业技术体系示范园-海口站（20240825）.doc,2,18,8,100
示范园/2024年荔枝龙眼产业技术体系示范园-海口站（20240825）.doc,2,18,9,49.60
示范园/2024年荔枝龙眼产业技术体系示范园-海口站（20240825）.doc,2,19,5,2023
示范园/2024年荔枝龙眼产业技术体系示范园-海口站（20240825）.doc,2,19,6,32.00
示范园/2024年荔枝龙眼产业技术体系示范园-海口站（20240825）.doc,2,19,7,10.00
示范园/2024年荔枝龙眼产业技术体系示范园-海口站（20240825）.doc,2,19,8,100
示范园/2024年荔枝龙眼产业技术体系示范园-海口站（20240825）.doc,2,19,9,53.33
示范园/2024年荔枝龙眼产业技术体系示范园-海口站（20240825）.doc,2,20,5,2024
示范园/2024年荔枝龙眼产业技术体系示范园-海口站（20240825）.doc,2,20,6,20.00
示范园/2024年荔枝龙眼产业技术体系示范园-海口站（20240825）.doc,2,20,7,12.00
示范园/2024年荔枝龙眼产业技术体系示范园-海口站（20240825）.doc,2,20,8,95
示范园/2024年荔枝龙眼产业技术体系示范园-海口站（20240825）.doc,2,20,9,85.56
示范园/2024年荔枝龙眼产业技术体系示范园-海口站（20240825）.doc,2,21,5,
示范园/2024年荔枝龙眼产业技术体系示范园-海口站（20240825）.doc,2,21,6,
示范园/2024年荔枝龙眼产业技术体系示范园-海口站（20240825）.doc,2,21,7,
示范园/2024年荔枝龙眼产业技术体系示范园-海口站（20240825）.doc,2,21,8,
示范园/2024年荔枝龙眼产业技术体系示范园-海口站（20240825）.doc,2,21,9,
示范园/2024年荔枝龙眼产业技术体系示范园-海口站（20240825）.doc,2,22,1,世武果园
示范园/2024年荔枝龙眼产业技术体系示范园-海口站（20240825）.doc,2,22,2,0～5
示范园/2024年荔枝龙眼产业技术体系示范园-海口站（20240825）.doc,2,22,3,砂壤土
示范园/2024年荔枝龙眼产业技术体系示范园-海口站（20240825）.doc,2,22,4,喷灌
示范园/2024年荔枝龙眼产业技术体系示范园-海口站（20240825）.doc,2,22,5,2021
示范园/2024年荔枝龙眼产业技术体系示范园-海口站（20240825）.doc,2,22,6,30.30
示范园/2024年荔枝龙眼产业技术体系示范园-海口站（20240825）.doc,2,22,7,16.00
示范园/2024年荔枝龙眼产业技术体系示范园-海口站（20240825）.doc,2,22,8,100
示范园/2024年荔枝龙眼产业技术体系示范园-海口站（20240825）.doc,2,22,9,39.00
示范园/2024年荔枝龙眼产业技术体系示范园-海口站（20240825）.doc,2,23,5,2022
示范园/2024年荔枝龙眼产业技术体系示范园-海口站（20240825）.doc,2,23,6,32.20
示范园/2024年荔枝龙眼产业技术体系示范园-海口站（20240825）.doc,2,23,7,15.60
示范园/2024年荔枝龙眼产业技术体系示范园-海口站（20240825）.doc,2,23,8,100
示范园/2024年荔枝龙眼产业技术体系示范园-海口站（20240825）.doc,2,23,9,39.87
示范园/2024年荔枝龙眼产业技术体系示范园-海口站（20240825）.doc,2,24,5,2023
示范园/2024年荔枝龙眼产业技术体系示范园-海口站（20240825）.doc,2,24,6,27.08
示范园/2024年荔枝龙眼产业技术体系示范园-海口站（20240825）.doc,2,24,7,16.00
示范园/2024年荔枝龙眼产业技术体系示范园-海口站（20240825）.doc,2,24,8,100
示范园/2024年荔枝龙眼产业技术体系示范园-海口站（20240825）.doc,2,24,9,25.11
示范园/2024年荔枝龙眼产业技术体系示范园-海口站（20240825）.doc,2,25,5,2024
示范园/2024年荔枝龙眼产业技术体系示范园-海口站（20240825）.doc,2,25,6,30.55
示范园/2024年荔枝龙眼产业技术体系示范园-海口站（20240825）.doc,2,25,7,18.00
示范园/2024年荔枝龙眼产业技术体系示范园-海口站（20240825）.doc,2,25,8,90
示范园/2024年荔枝龙眼产业技术体系示范园-海口站（20240825）.doc,2,25,9,48.71
示范园/2024年荔枝龙眼产业技术体系示范园-海口站（20240825）.doc,2,26,5,
示范园/2024年荔枝龙眼产业技术体系示范园-海口站（20240825）.doc,2,26,6,
示范园/2024年荔枝龙眼产业技术体系示范园-海口站（20240825）.doc,2,26,7,
示范园/2024年荔枝龙眼产业技术体系示范园-海口站（20240825）.doc,2,26,8,
示范园/2024年荔枝龙眼产业技术体系示范园-海口站（20240825）.doc,2,26,9,
示范园/2024年荔枝龙眼产业技术体系示范园-海口站（20240825）.doc,2,27,1,鲁宏果园
示范园/2024年荔枝龙眼产业技术体系示范园-海口站（20240825）.doc,2,27,2,10～15
示范园/2024年荔枝龙眼产业技术体系示范园-海口站（20240825）.doc,2,27,3,砂壤土
示范园/2024年荔枝龙眼产业技术体系示范园-海口站（20240825）.doc,2,27,4,喷灌
示范园/2024年荔枝龙眼产业技术体系示范园-海口站（20240825）.doc,2,27,5,2020
示范园/2024年荔枝龙眼产业技术体系示范园-海口站（20240825）.doc,2,27,6,50.80
示范园/2024年荔枝龙眼产业技术体系示范园-海口站（20240825）.doc,2,27,7,18.00
示范园/2024年荔枝龙眼产业技术体系示范园-海口站（20240825）.doc,2,27,8,95
示范园/2024年荔枝龙眼产业技术体系示范园-海口站（20240825）.doc,2,27,9,246.55
示范园/2024年荔枝龙眼产业技术体系示范园-海口站（20240825）.doc,2,28,5,2021
示范园/2024年荔枝龙眼产业技术体系示范园-海口站（20240825）.doc,2,28,6,48.50
示范园/2024年荔枝龙眼产业技术体系示范园-海口站（20240825）.doc,2,28,7,15.00
示范园/2024年荔枝龙眼产业技术体系示范园-海口站（20240825）.doc,2,28,8,95
示范园/2024年荔枝龙眼产业技术体系示范园-海口站（20240825）.doc,2,28,9,163.75
示范园/2024年荔枝龙眼产业技术体系示范园-海口站（20240825）.doc,2,29,5,2022
示范园/2024年荔枝龙眼产业技术体系示范园-海口站（20240825）.doc,2,29,6,50.80
示范园/2024年荔枝龙眼产业技术体系示范园-海口站（20240825）.doc,2,29,7,20.00
示范园/2024年荔枝龙眼产业技术体系示范园-海口站（20240825）.doc,2,29,8,95
示范园/2024年荔枝龙眼产业技术体系示范园-海口站（20240825）.doc,2,29,9,276.16
示范园/2024年荔枝龙眼产业技术体系示范园-海口站（20240825）.doc,2,30,5,2023
示范园/2024年荔枝龙眼产业技术体系示范园-海口站（20240825）.doc,2,30,6,47.06
示范园/2024年荔枝龙眼产业技术体系示范园-海口站（20240825）.doc,2,30,7,23.00
示范园/2024年荔枝龙眼产业技术体系示范园-海口站（20240825）.doc,2,30,8,98
示范园/2024年荔枝龙眼产业技术体系示范园-海口站（20240825）.doc,2,30,9,216.00
示范园/2024年荔枝龙眼产业技术体系示范园-海口站（20240825）.doc,2,31,5,2024
示范园/2024年荔枝龙眼产业技术体系示范园-海口站（20240825）.doc,2,31,6,61.73
示范园/2024年荔枝龙眼产业技术体系示范园-海口站（20240825）.doc,2,31,7,15.40
示范园/2024年荔枝龙眼产业技术体系示范园-海口站（20240825）.doc,2,31,8,85
示范园/2024年荔枝龙眼产业技术体系示范园-海口站（20240825）.doc,2,31,9,287.91
示范园/2024年荔枝龙眼产业技术体系示范园-海口站（20240825）.doc,3,1,1,示范园
示范园/2024年荔枝龙眼产业技术体系示范园-海口站（20240825）.doc,3,1,2,品种
示范园/2024年荔枝龙眼产业技术体系示范园-海口站（20240825）.doc,3,1,3,面积（株）
示范园/2024年荔枝龙眼产业技术体系示范园-海口站（20240825）.doc,3,1,4,秋梢老熟期
示范园/2024年荔枝龙眼产业技术体系示范园-海口站（20240825）.doc,3,1,5,露白点期
示范园/2024年荔枝龙眼产业技术体系示范园-海口站（20240825）.doc,3,1,6,抽穗期
示范园/2024年荔枝龙眼产业技术体系示范园-海口站（20240825）.doc,3,1,7,初花期
示范园/2024年荔枝龙眼产业技术体系示范园-海口站（20240825）.doc,3,1,8,盛花期
示范园/2024年荔枝龙眼产业技术体系示范园-海口站（20240825）.doc,3,1,9,谢花期
示范园/2024年荔枝龙眼产业技术体系示范园-海口站（20240825）.doc,3,1,10,初始坐果期
示范园/2024年荔枝龙眼产业技术体系示范园-海口站（20240825）.doc,3,1,11,第1次生理落果期
示范园/2024年荔枝龙眼产业技术体系示范园-海口站（20240825）.doc,3,1,12,第2次生理落果期
示范园/2024年荔枝龙眼产业技术体系示范园-海口站（20240825）.doc,3,1,13,采前落果期
示范园/2024年荔枝龙眼产业技术体系示范园-海口站（20240825）.doc,3,1,14,果实着色期
示范园/2024年荔枝龙眼产业技术体系示范园-海口站（20240825）.doc,3,1,15,果实成熟期
示范园/2024年荔枝龙眼产业技术体系示范园-海口站（20240825）.doc,3,2,1,办内果园
示范园/2024年荔枝龙眼产业技术体系示范园-海口站（20240825）.doc,3,2,2,妃子笑
示范园/2024年荔枝龙眼产业技术体系示范园-海口站（20240825）.doc,3,2,3,"80
（4000）"
示范园/2024年荔枝龙眼产业技术体系示范园-海口站（20240825）.doc,3,2,4,9-25
示范园/2024年荔枝龙眼产业技术体系示范园-海口站（20240825）.doc,3,2,5,1-15
示范园/2024年荔枝龙眼产业技术体系示范园-海口站（20240825）.doc,3,2,6,2-1
示范园/2024年荔枝龙眼产业技术体系示范园-海口站（20240825）.doc,3,2,7,2-28
示范园/2024年荔枝龙眼产业技术体系示范园-海口站（20240825）.doc,3,2,8,3-17
示范园/2024年荔枝龙眼产业技术体系示范园-海口站（20240825）.doc,3,2,9,3-23
示范园/2024年荔枝龙眼产业技术体系示范园-海口站（20240825）.doc,3,2,10,3-20
示范园/2024年荔枝龙眼产业技术体系示范园-海口站（20240825）.doc,3,2,11,3-22
示范园/2024年荔枝龙眼产业技术体系示范园-海口站（20240825）.doc,3,2,12,4-3
示范园/2024年荔枝龙眼产业技术体系示范园-海口站（20240825）.doc,3,2,13,——
示范园/2024年荔枝龙眼产业技术体系示范园-海口站（20240825）.doc,3,2,14,4-28
示范园/2024年荔枝龙眼产业技术体系示范园-海口站（20240825）.doc,3,2,15,5-13
示范园/2024年荔枝龙眼产业技术体系示范园-海口站（20240825）.doc,3,3,1,红明农场
示范园/2024年荔枝龙眼产业技术体系示范园-海口站（20240825）.doc,3,3,2,白糖罂
示范园/2024年荔枝龙眼产业技术体系示范园-海口站（20240825）.doc,3,3,3,"70
（970）"
示范园/2024年荔枝龙眼产业技术体系示范园-海口站（20240825）.doc,3,3,4,9-20
示范园/2024年荔枝龙眼产业技术体系示范园-海口站（20240825）.doc,3,3,5,1-10
示范园/2024年荔枝龙眼产业技术体系示范园-海口站（20240825）.doc,3,3,6,1-25
示范园/2024年荔枝龙眼产业技术体系示范园-海口站（20240825）.doc,3,3,7,3-1
示范园/2024年荔枝龙眼产业技术体系示范园-海口站（20240825）.doc,3,3,8,3-10
示范园/2024年荔枝龙眼产业技术体系示范园-海口站（20240825）.doc,3,3,9,3-20
示范园/2024年荔枝龙眼产业技术体系示范园-海口站（20240825）.doc,3,3,10,3-15
示范园/2024年荔枝龙眼产业技术体系示范园-海口站（20240825）.doc,3,3,11,3-18
示范园/2024年荔枝龙眼产业技术体系示范园-海口站（20240825）.doc,3,3,12,4-10
示范园/2024年荔枝龙眼产业技术体系示范园-海口站（20240825）.doc,3,3,13,——
示范园/2024年荔枝龙眼产业技术体系示范园-海口站（20240825）.doc,3,3,14,5-1
示范园/2024年荔枝龙眼产业技术体系示范园-海口站（20240825）.doc,3,3,15,5-12
示范园/2024年荔枝龙眼产业技术体系示范园-海口站（20240825）.doc,3,4,1,永发果园
示范园/2024年荔枝龙眼产业技术体系示范园-海口站（20240825）.doc,3,4,2,妃子笑
示范园/2024年荔枝龙眼产业技术体系示范园-海口站（20240825）.doc,3,4,3,"25
（550）"
示范园/2024年荔枝龙眼产业技术体系示范园-海口站（20240825）.doc,3,4,4,10-5
示范园/2024年荔枝龙眼产业技术体系示范园-海口站（20240825）.doc,3,4,5,1-10
示范园/2024年荔枝龙眼产业技术体系示范园-海口站（20240825）.doc,3,4,6,1-26
示范园/2024年荔枝龙眼产业技术体系示范园-海口站（20240825）.doc,3,4,7,3-1
示范园/2024年荔枝龙眼产业技术体系示范园-海口站（20240825）.doc,3,4,8,3-13
示范园/2024年荔枝龙眼产业技术体系示范园-海口站（20240825）.doc,3,4,9,3-17
示范园/2024年荔枝龙眼产业技术体系示范园-海口站（20240825）.doc,3,4,10,3-20
示范园/2024年荔枝龙眼产业技术体系示范园-海口站（20240825）.doc,3,4,11,3-30
示范园/2024年荔枝龙眼产业技术体系示范园-海口站（20240825）.doc,3,4,12,4-3
示范园/2024年荔枝龙眼产业技术体系示范园-海口站（20240825）.doc,3,4,13,——
示范园/2024年荔枝龙眼产业技术体系示范园-海口站（20240825）.doc,3,4,14,4-25
示范园/2024年荔枝龙眼产业技术体系示范园-海口站（20240825）.doc,3,4,15,5-16
示范园/2024年荔枝龙眼产业技术体系示范园-海口站（20240825）.doc,3,5,1,龙元果园
示范园/2024年荔枝龙眼产业技术体系示范园-海口站（20240825）.doc,3,5,2,妃子笑
示范园/2024年荔枝龙眼产业技术体系示范园-海口站（20240825）.doc,3,5,3,"200
（7400）"
示范园/2024年荔枝龙眼产业技术体系示范园-海口站（20240825）.doc,3,5,4,8-25
示范园/2024年荔枝龙眼产业技术体系示范园-海口站（20240825）.doc,3,5,5,12-13
示范园/2024年荔枝龙眼产业技术体系示范园-海口站（20240825）.doc,3,5,6,1-18
示范园/2024年荔枝龙眼产业技术体系示范园-海口站（20240825）.doc,3,5,7,2-18
示范园/2024年荔枝龙眼产业技术体系示范园-海口站（20240825）.doc,3,5,8,2-25
示范园/2024年荔枝龙眼产业技术体系示范园-海口站（20240825）.doc,3,5,9,3-1
示范园/2024年荔枝龙眼产业技术体系示范园-海口站（20240825）.doc,3,5,10,2-27
示范园/2024年荔枝龙眼产业技术体系示范园-海口站（20240825）.doc,3,5,11,2-26
示范园/2024年荔枝龙眼产业技术体系示范园-海口站（20240825）.doc,3,5,12,4-1
示范园/2024年荔枝龙眼产业技术体系示范园-海口站（20240825）.doc,3,5,13,——
示范园/2024年荔枝龙眼产业技术体系示范园-海口站（20240825）.doc,3,5,14,4-28
示范园/2024年荔枝龙眼产业技术体系示范园-海口站（20240825）.doc,3,5,15,5-18
示范园/2024年荔枝龙眼产业技术体系示范园-海口站（20240825）.doc,3,6,1,世武果园
示范园/2024年荔枝龙眼产业技术体系示范园-海口站（20240825）.doc,3,6,2,妃子笑
示范园/2024年荔枝龙眼产业技术体系示范园-海口站（20240825）.doc,3,6,3,"30
（990）"
示范园/2024年荔枝龙眼产业技术体系示范园-海口站（20240825）.doc,3,6,4,9-15
示范园/2024年荔枝龙眼产业技术体系示范园-海口站（20240825）.doc,3,6,5,12-15
示范园/2024年荔枝龙眼产业技术体系示范园-海口站（20240825）.doc,3,6,6,1-15
示范园/2024年荔枝龙眼产业技术体系示范园-海口站（20240825）.doc,3,6,7,2-15
示范园/2024年荔枝龙眼产业技术体系示范园-海口站（20240825）.doc,3,6,8,2-20
示范园/2024年荔枝龙眼产业技术体系示范园-海口站（20240825）.doc,3,6,9,3-1
示范园/2024年荔枝龙眼产业技术体系示范园-海口站（20240825）.doc,3,6,10,2-26
示范园/2024年荔枝龙眼产业技术体系示范园-海口站（20240825）.doc,3,6,11,2-28
示范园/2024年荔枝龙眼产业技术体系示范园-海口站（20240825）.doc,3,6,12,3-25
示范园/2024年荔枝龙眼产业技术体系示范园-海口站（20240825）.doc,3,6,13,——
示范园/2024年荔枝龙眼产业技术体系示范园-海口站（20240825）.doc,3,6,14,4-25
示范园/2024年荔枝龙眼产业技术体系示范园-海口站（20240825）.doc,3,6,15,5-5
示范园/2024年荔枝龙眼产业技术体系示范园-海口站（20240825）.doc,3,7,1,鲁宏果园
示范园/2024年荔枝龙眼产业技术体系示范园-海口站（20240825）.doc,3,7,2,妃子笑
示范园/2024年荔枝龙眼产业技术体系示范园-海口站（20240825）.doc,3,7,3,"300
（5000）"
示范园/2024年荔枝龙眼产业技术体系示范园-海口站（20240825）.doc,3,7,4,9-5
示范园/2024年荔枝龙眼产业技术体系示范园-海口站（20240825）.doc,3,7,5,1-8
示范园/2024年荔枝龙眼产业技术体系示范园-海口站（20240825）.doc,3,7,6,1-16
示范园/2024年荔枝龙眼产业技术体系示范园-海口站（20240825）.doc,3,7,7,2-1
示范园/2024年荔枝龙眼产业技术体系示范园-海口站（20240825）.doc,3,7,8,2-15
示范园/2024年荔枝龙眼产业技术体系示范园-海口站（20240825）.doc,3,7,9,3-10
示范园/2024年荔枝龙眼产业技术体系示范园-海口站（20240825）.doc,3,7,10,2-25
示范园/2024年荔枝龙眼产业技术体系示范园-海口站（20240825）.doc,3,7,11,3-10
示范园/2024年荔枝龙眼产业技术体系示范园-海口站（20240825）.doc,3,7,12,4-7
示范园/2024年荔枝龙眼产业技术体系示范园-海口站（20240825）.doc,3,7,13,——
示范园/2024年荔枝龙眼产业技术体系示范园-海口站（20240825）.doc,3,7,14,4-20
示范园/2024年荔枝龙眼产业技术体系示范园-海口站（20240825）.doc,3,7,15,5-5
示范园/2024年荔枝龙眼产业技术体系示范园-海口站（20240825）.doc,4,1,1,示范园
示范园/2024年荔枝龙眼产业技术体系示范园-海口站（20240825）.doc,4,1,2,品种
示范园/2024年荔枝龙眼产业技术体系示范园-海口站（20240825）.doc,4,1,3,测花类别
示范园/2024年荔枝龙眼产业技术体系示范园-海口站（20240825）.doc,4,1,4,测花株数
示范园/2024年荔枝龙眼产业技术体系示范园-海口站（20240825）.doc,4,1,5,比例/%
示范园/2024年荔枝龙眼产业技术体系示范园-海口站（20240825）.doc,4,1,6,成花率/%
示范园/2024年荔枝龙眼产业技术体系示范园-海口站（20240825）.doc,4,2,1,办内果园
示范园/2024年荔枝龙眼产业技术体系示范园-海口站（20240825）.doc,4,2,2,妃子笑
示范园/2024年荔枝龙眼产业技术体系示范园-海口站（20240825）.doc,4,2,3,A（75%-100%）
示范园/2024年荔枝龙眼产业技术体系示范园-海口站（20240825）.doc,4,2,4,180
示范园/2024年荔枝龙眼产业技术体系示范园-海口站（20240825）.doc,4,2,5,90
示范园/2024年荔枝龙眼产业技术体系示范园-海口站（20240825）.doc,4,2,6,90
示范园/2024年荔枝龙眼产业技术体系示范园-海口站（20240825）.doc,4,3,3,B（25%-75%）
示范园/2024年荔枝龙眼产业技术体系示范园-海口站（20240825）.doc,4,3,4,20
示范园/2024年荔枝龙眼产业技术体系示范园-海口站（20240825）.doc,4,3,5,10
示范园/2024年荔枝龙眼产业技术体系示范园-海口站（20240825）.doc,4,4,3,C（0-25%）
示范园/2024年荔枝龙眼产业技术体系示范园-海口站（20240825）.doc,4,4,4,0
示范园/2024年荔枝龙眼产业技术体系示范园-海口站（20240825）.doc,4,4,5,0
示范园/2024年荔枝龙眼产业技术体系示范园-海口站（20240825）.doc,4,5,1,红明农场
示范园/2024年荔枝龙眼产业技术体系示范园-海口站（20240825）.doc,4,5,2,白糖罂
示范园/2024年荔枝龙眼产业技术体系示范园-海口站（20240825）.doc,4,5,3,A（75%-100%）
示范园/2024年荔枝龙眼产业技术体系示范园-海口站（20240825）.doc,4,5,4,40
示范园/2024年荔枝龙眼产业技术体系示范园-海口站（20240825）.doc,4,5,5,20
示范园/2024年荔枝龙眼产业技术体系示范园-海口站（20240825）.doc,4,5,6,20
示范园/2024年荔枝龙眼产业技术体系示范园-海口站（20240825）.doc,4,6,3,B（25%-75%）
示范园/2024年荔枝龙眼产业技术体系示范园-海口站（20240825）.doc,4,6,4,140
示范园/2024年荔枝龙眼产业技术体系示范园-海口站（20240825）.doc,4,6,5,70
示范园/2024年荔枝龙眼产业技术体系示范园-海口站（20240825）.doc,4,7,3,C（0-25%）
示范园/2024年荔枝龙眼产业技术体系示范园-海口站（20240825）.doc,4,7,4,20
示范园/2024年荔枝龙眼产业技术体系示范园-海口站（20240825）.doc,4,7,5,10
示范园/2024年荔枝龙眼产业技术体系示范园-海口站（20240825）.doc,4,8,1,永发果园
示范园/2024年荔枝龙眼产业技术体系示范园-海口站（20240825）.doc,4,8,2,妃子笑
示范园/2024年荔枝龙眼产业技术体系示范园-海口站（20240825）.doc,4,8,3,A（75%-100%）
示范园/2024年荔枝龙眼产业技术体系示范园-海口站（20240825）.doc,4,8,4,150
示范园/2024年荔枝龙眼产业技术体系示范园-海口站（20240825）.doc,4,8,5,75
示范园/2024年荔枝龙眼产业技术体系示范园-海口站（20240825）.doc,4,8,6,75
示范园/2024年荔枝龙眼产业技术体系示范园-海口站（20240825）.doc,4,9,3,B（25%-75%）
示范园/2024年荔枝龙眼产业技术体系示范园-海口站（20240825）.doc,4,9,4,50
示范园/2024年荔枝龙眼产业技术体系示范园-海口站（20240825）.doc,4,9,5,25
示范园/2024年荔枝龙眼产业技术体系示范园-海口站（20240825）.doc,4,10,3,C（0-25%）
示范园/2024年荔枝龙眼产业技术体系示范园-海口站（20240825）.doc,4,10,4,0
示范园/2024年荔枝龙眼产业技术体系示范园-海口站（20240825）.doc,4,10,5,0
示范园/2024年荔枝龙眼产业技术体系示范园-海口站（20240825）.doc,4,11,2,白糖罂
示范园/2024年荔枝龙眼产业技术体系示范园-海口站（20240825）.doc,4,11,3,A（75%-100%）
示范园/2024年荔枝龙眼产业技术体系示范园-海口站（20240825）.doc,4,11,4,70
示范园/2024年荔枝龙眼产业技术体系示范园-海口站（20240825）.doc,4,11,5,35
示范园/2024年荔枝龙眼产业技术体系示范园-海口站（20240825）.doc,4,11,6,35
示范园/2024年荔枝龙眼产业技术体系示范园-海口站（20240825）.doc,4,12,3,B（25%-75%）
示范园/2024年荔枝龙眼产业技术体系示范园-海口站（20240825）.doc,4,12,4,80
示范园/2024年荔枝龙眼产业技术体系示范园-海口站（20240825）.doc,4,12,5,40
示范园/2024年荔枝龙眼产业技术体系示范园-海口站（20240825）.doc,4,13,3,C（0-25%）
示范园/2024年荔枝龙眼产业技术体系示范园-海口站（20240825）.doc,4,13,4,50
示范园/2024年荔枝龙眼产业技术体系示范园-海口站（20240825）.doc,4,13,5,25
示范园/2024年荔枝龙眼产业技术体系示范园-海口站（20240825）.doc,4,14,1,龙元果园
示范园/2024年荔枝龙眼产业技术体系示范园-海口站（20240825）.doc,4,14,2,妃子笑
示范园/2024年荔枝龙眼产业技术体系示范园-海口站（20240825）.doc,4,14,3,A（75%-100%）
示范园/2024年荔枝龙眼产业技术体系示范园-海口站（20240825）.doc,4,14,4,190
示范园/2024年荔枝龙眼产业技术体系示范园-海口站（20240825）.doc,4,14,5,95
示范园/2024年荔枝龙眼产业技术体系示范园-海口站（20240825）.doc,4,14,6,95
示范园/2024年荔枝龙眼产业技术体系示范园-海口站（20240825）.doc,4,15,3,B（25%-75%）
示范园/2024年荔枝龙眼产业技术体系示范园-海口站（20240825）.doc,4,15,4,10
示范园/2024年荔枝龙眼产业技术体系示范园-海口站（20240825）.doc,4,15,5,5
示范园/2024年荔枝龙眼产业技术体系示范园-海口站（20240825）.doc,4,16,3,C（0-25%）
示范园/2024年荔枝龙眼产业技术体系示范园-海口站（20240825）.doc,4,16,4,0
示范园/2024年荔枝龙眼产业技术体系示范园-海口站（20240825）.doc,4,16,5,0
示范园/2024年荔枝龙眼产业技术体系示范园-海口站（20240825）.doc,4,17,1,世武果园
示范园/2024年荔枝龙眼产业技术体系示范园-海口站（20240825）.doc,4,17,2,妃子笑
示范园/2024年荔枝龙眼产业技术体系示范园-海口站（20240825）.doc,4,17,3,A（75%-100%）
示范园/2024年荔枝龙眼产业技术体系示范园-海口站（20240825）.doc,4,17,4,180
示范园/2024年荔枝龙眼产业技术体系示范园-海口站（20240825）.doc,4,17,5,90
示范园/2024年荔枝龙眼产业技术体系示范园-海口站（20240825）.doc,4,17,6,90
示范园/2024年荔枝龙眼产业技术体系示范园-海口站（20240825）.doc,4,18,3,B（25%-75%）
示范园/2024年荔枝龙眼产业技术体系示范园-海口站（20240825）.doc,4,18,4,20
示范园/2024年荔枝龙眼产业技术体系示范园-海口站（20240825）.doc,4,18,5,10
示范园/2024年荔枝龙眼产业技术体系示范园-海口站（20240825）.doc,4,19,3,C（0-25%）
示范园/2024年荔枝龙眼产业技术体系示范园-海口站（20240825）.doc,4,19,4,0
示范园/2024年荔枝龙眼产业技术体系示范园-海口站（20240825）.doc,4,19,5,0
示范园/2024年荔枝龙眼产业技术体系示范园-海口站（20240825）.doc,4,20,1,鲁宏果园
示范园/2024年荔枝龙眼产业技术体系示范园-海口站（20240825）.doc,4,20,2,妃子笑
示范园/2024年荔枝龙眼产业技术体系示范园-海口站（20240825）.doc,4,20,3,A（75%-100%）
示范园/2024年荔枝龙眼产业技术体系示范园-海口站（20240825）.doc,4,20,4,170
示范园/2024年荔枝龙眼产业技术体系示范园-海口站（20240825）.doc,4,20,5,85
示范园/2024年荔枝龙眼产业技术体系示范园-海口站（20240825）.doc,4,20,6,85
示范园/2024年荔枝龙眼产业技术体系示范园-海口站（20240825）.doc,4,21,3,B（25%-75%）
示范园/2024年荔枝龙眼产业技术体系示范园-海口站（20240825）.doc,4,21,4,30
示范园/2024年荔枝龙眼产业技术体系示范园-海口站（20240825）.doc,4,21,5,15
示范园/2024年荔枝龙眼产业技术体系示范园-海口站（20240825）.doc,4,22,3,C（0-25%）
示范园/2024年荔枝龙眼产业技术体系示范园-海口站（20240825）.doc,4,22,4,0
示范园/2024年荔枝龙眼产业技术体系示范园-海口站（20240825）.doc,4,22,5,0
示范园/2024年荔枝龙眼产业技术体系示范园-海口站（20240825）.doc,5,1,1,示范园
示范园/2024年荔枝龙眼产业技术体系示范园-海口站（20240825）.doc,5,1,2,植株类别
示范园/2024年荔枝龙眼产业技术体系示范园-海口站（20240825）.doc,5,1,3,株数
示范园/2024年荔枝龙眼产业技术体系示范园-海口站（20240825）.doc,5,1,4,单株产量（公斤）
示范园/2024年荔枝龙眼产业技术体系示范园-海口站（20240825）.doc,5,1,5,单果重（g）
示范园/2024年荔枝龙眼产业技术体系示范园-海口站（20240825）.doc,5,1,6,病虫果率（%）
示范园/2024年荔枝龙眼产业技术体系示范园-海口站（20240825）.doc,5,1,7,平均株产（公斤）
示范园/2024年荔枝龙眼产业技术体系示范园-海口站（20240825）.doc,5,1,8,平均亩产（公斤/亩）
示范园/2024年荔枝龙眼产业技术体系示范园-海口站（20240825）.doc,5,1,9,测产组长及小组成员
示范园/2024年荔枝龙眼产业技术体系示范园-海口站（20240825）.doc,5,2,4,①
示范园/2024年荔枝龙眼产业技术体系示范园-海口站（20240825）.doc,5,2,5,②
示范园/2024年荔枝龙眼产业技术体系示范园-海口站（20240825）.doc,5,2,6,③
示范园/2024年荔枝龙眼产业技术体系示范园-海口站（20240825）.doc,5,3,1,办内果园
示范园/2024年荔枝龙眼产业技术体系示范园-海口站（20240825）.doc,5,3,2,A
示范园/2024年荔枝龙眼产业技术体系示范园-海口站（20240825）.doc,5,3,3,180
示范园/2024年荔枝龙眼产业技术体系示范园-海口站（20240825）.doc,5,3,4,20.99
示范园/2024年荔枝龙眼产业技术体系示范园-海口站（20240825）.doc,5,3,5,22.01
示范园/2024年荔枝龙眼产业技术体系示范园-海口站（20240825）.doc,5,3,6,22.49
示范园/2024年荔枝龙眼产业技术体系示范园-海口站（20240825）.doc,5,3,7,22.63
示范园/2024年荔枝龙眼产业技术体系示范园-海口站（20240825）.doc,5,3,8,0
示范园/2024年荔枝龙眼产业技术体系示范园-海口站（20240825）.doc,5,3,9,21.83
示范园/2024年荔枝龙眼产业技术体系示范园-海口站（20240825）.doc,5,3,10,718.74
示范园/2024年荔枝龙眼产业技术体系示范园-海口站（20240825）.doc,5,3,11,"组长：王祥和
组员：胡福初、吴凤芝、周永岛"
示范园/2024年荔枝龙眼产业技术体系示范园-海口站（20240825）.doc,5,4,2,B
示范园/2024年荔枝龙眼产业技术体系示范园-海口站（20240825）.doc,5,4,3,20
示范园/2024年荔枝龙眼产业技术体系示范园-海口站（20240825）.doc,5,4,4,20.73
示范园/2024年荔枝龙眼产业技术体系示范园-海口站（20240825）.doc,5,4,5,21.45 
示范园/2024年荔枝龙眼产业技术体系示范园-海口站（20240825）.doc,5,4,6,21.69
示范园/2024年荔枝龙眼产业技术体系示范园-海口站（20240825）.doc,5,4,7,21.60
示范园/2024年荔枝龙眼产业技术体系示范园-海口站（20240825）.doc,5,4,8,0
示范园/2024年荔枝龙眼产业技术体系示范园-海口站（20240825）.doc,5,4,9,21.29 
示范园/2024年荔枝龙眼产业技术体系示范园-海口站（20240825）.doc,5,5,2,C
示范园/2024年荔枝龙眼产业技术体系示范园-海口站（20240825）.doc,5,5,3,-
示范园/2024年荔枝龙眼产业技术体系示范园-海口站（20240825）.doc,5,5,4, -
示范园/2024年荔枝龙眼产业技术体系示范园-海口站（20240825）.doc,5,5,5,- 
示范园/2024年荔枝龙眼产业技术体系示范园-海口站（20240825）.doc,5,5,6,-
示范园/2024年荔枝龙眼产业技术体系示范园-海口站（20240825）.doc,5,5,7,  -
示范园/2024年荔枝龙眼产业技术体系示范园-海口站（20240825）.doc,5,5,8,-
示范园/2024年荔枝龙眼产业技术体系示范园-海口站（20240825）.doc,5,5,9, -
示范园/2024年荔枝龙眼产业技术体系示范园-海口站（20240825）.doc,5,6,1,红明农场
示范园/2024年荔枝龙眼产业技术体系示范园-海口站（20240825）.doc,5,6,2,A
示范园/2024年荔枝龙眼产业技术体系示范园-海口站（20240825）.doc,5,6,3,40
示范园/2024年荔枝龙眼产业技术体系示范园-海口站（20240825）.doc,5,6,4,9.57
示范园/2024年荔枝龙眼产业技术体系示范园-海口站（20240825）.doc,5,6,5,6.97
示范园/2024年荔枝龙眼产业技术体系示范园-海口站（20240825）.doc,5,6,6,7.94
示范园/2024年荔枝龙眼产业技术体系示范园-海口站（20240825）.doc,5,6,7,22.30
示范园/2024年荔枝龙眼产业技术体系示范园-海口站（20240825）.doc,5,6,8,0
示范园/2024年荔枝龙眼产业技术体系示范园-海口站（20240825）.doc,5,6,9,8.16 
示范园/2024年荔枝龙眼产业技术体系示范园-海口站（20240825）.doc,5,6,10,107.14
示范园/2024年荔枝龙眼产业技术体系示范园-海口站（20240825）.doc,5,6,11,"组长：王祥和
组员：胡福初、陈哲、陈会华"
示范园/2024年荔枝龙眼产业技术体系示范园-海口站（20240825）.doc,5,7,2,B
示范园/2024年荔枝龙眼产业技术体系示范园-海口站（20240825）.doc,5,7,3,140
示范园/2024年荔枝龙眼产业技术体系示范园-海口站（20240825）.doc,5,7,4,6.65
示范园/2024年荔枝龙眼产业技术体系示范园-海口站（20240825）.doc,5,7,5,7.19
示范园/2024年荔枝龙眼产业技术体系示范园-海口站（20240825）.doc,5,7,6,9.04
示范园/2024年荔枝龙眼产业技术体系示范园-海口站（20240825）.doc,5,7,7,24.00
示范园/2024年荔枝龙眼产业技术体系示范园-海口站（20240825）.doc,5,7,8,0
示范园/2024年荔枝龙眼产业技术体系示范园-海口站（20240825）.doc,5,7,9,7.63 
示范园/2024年荔枝龙眼产业技术体系示范园-海口站（20240825）.doc,5,8,2,C
示范园/2024年荔枝龙眼产业技术体系示范园-海口站（20240825）.doc,5,8,3,20
示范园/2024年荔枝龙眼产业技术体系示范园-海口站（20240825）.doc,5,8,4,6.75
示范园/2024年荔枝龙眼产业技术体系示范园-海口站（20240825）.doc,5,8,5,7.01
示范园/2024年荔枝龙眼产业技术体系示范园-海口站（20240825）.doc,5,8,6,8.29
示范园/2024年荔枝龙眼产业技术体系示范园-海口站（20240825）.doc,5,8,7,24.47
示范园/2024年荔枝龙眼产业技术体系示范园-海口站（20240825）.doc,5,8,8,
示范园/2024年荔枝龙眼产业技术体系示范园-海口站（20240825）.doc,5,8,9,7.35
示范园/2024年荔枝龙眼产业技术体系示范园-海口站（20240825）.doc,5,9,1,永发果园
示范园/2024年荔枝龙眼产业技术体系示范园-海口站（20240825）.doc,5,9,2,A
示范园/2024年荔枝龙眼产业技术体系示范园-海口站（20240825）.doc,5,9,3,150
示范园/2024年荔枝龙眼产业技术体系示范园-海口站（20240825）.doc,5,9,4,24.14
示范园/2024年荔枝龙眼产业技术体系示范园-海口站（20240825）.doc,5,9,5,19.97
示范园/2024年荔枝龙眼产业技术体系示范园-海口站（20240825）.doc,5,9,6,23.03
示范园/2024年荔枝龙眼产业技术体系示范园-海口站（20240825）.doc,5,9,7,20.40
示范园/2024年荔枝龙眼产业技术体系示范园-海口站（20240825）.doc,5,9,8,3
示范园/2024年荔枝龙眼产业技术体系示范园-海口站（20240825）.doc,5,9,9,22.38 
示范园/2024年荔枝龙眼产业技术体系示范园-海口站（20240825）.doc,5,9,10,620.49
示范园/2024年荔枝龙眼产业技术体系示范园-海口站（20240825）.doc,5,9,11,"组长：王祥和
组员：胡福初、陈哲、洪世聪"
示范园/2024年荔枝龙眼产业技术体系示范园-海口站（20240825）.doc,5,10,2,B
示范园/2024年荔枝龙眼产业技术体系示范园-海口站（20240825）.doc,5,10,3,50
示范园/2024年荔枝龙眼产业技术体系示范园-海口站（20240825）.doc,5,10,4,19.34
示范园/2024年荔枝龙眼产业技术体系示范园-海口站（20240825）.doc,5,10,5,23.88
示范园/2024年荔枝龙眼产业技术体系示范园-海口站（20240825）.doc,5,10,6,23.65
示范园/2024年荔枝龙眼产业技术体系示范园-海口站（20240825）.doc,5,10,7,21.00 
示范园/2024年荔枝龙眼产业技术体系示范园-海口站（20240825）.doc,5,10,8,1
示范园/2024年荔枝龙眼产业技术体系示范园-海口站（20240825）.doc,5,10,9,22.29 
示范园/2024年荔枝龙眼产业技术体系示范园-海口站（20240825）.doc,5,11,2,C
示范园/2024年荔枝龙眼产业技术体系示范园-海口站（20240825）.doc,5,11,3,-
示范园/2024年荔枝龙眼产业技术体系示范园-海口站（20240825）.doc,5,11,4,-
示范园/2024年荔枝龙眼产业技术体系示范园-海口站（20240825）.doc,5,11,5,-
示范园/2024年荔枝龙眼产业技术体系示范园-海口站（20240825）.doc,5,11,6,-
示范园/2024年荔枝龙眼产业技术体系示范园-海口站（20240825）.doc,5,11,7,-
示范园/2024年荔枝龙眼产业技术体系示范园-海口站（20240825）.doc,5,11,8,-
示范园/2024年荔枝龙眼产业技术体系示范园-海口站（20240825）.doc,5,11,9,-
示范园/2024年荔枝龙眼产业技术体系示范园-海口站（20240825）.doc,5,12,1,龙元果园
示范园/2024年荔枝龙眼产业技术体系示范园-海口站（20240825）.doc,5,12,2,A
示范园/2024年荔枝龙眼产业技术体系示范园-海口站（20240825）.doc,5,12,3,132
示范园/2024年荔枝龙眼产业技术体系示范园-海口站（20240825）.doc,5,12,4,18.55
示范园/2024年荔枝龙眼产业技术体系示范园-海口站（20240825）.doc,5,12,5,21.80
示范园/2024年荔枝龙眼产业技术体系示范园-海口站（20240825）.doc,5,12,6,19.77
示范园/2024年荔枝龙眼产业技术体系示范园-海口站（20240825）.doc,5,12,7,22.17
示范园/2024年荔枝龙眼产业技术体系示范园-海口站（20240825）.doc,5,12,8,0
示范园/2024年荔枝龙眼产业技术体系示范园-海口站（20240825）.doc,5,12,9, 20.04
示范园/2024年荔枝龙眼产业技术体系示范园-海口站（20240825）.doc,5,12,10,740.00
示范园/2024年荔枝龙眼产业技术体系示范园-海口站（20240825）.doc,5,12,11,"组长：王祥和
组员：黄龙腾、胡强初、"
示范园/2024年荔枝龙眼产业技术体系示范园-海口站（20240825）.doc,5,13,2,B
示范园/2024年荔枝龙眼产业技术体系示范园-海口站（20240825）.doc,5,13,3,68
示范园/2024年荔枝龙眼产业技术体系示范园-海口站（20240825）.doc,5,13,4,17.78
示范园/2024年荔枝龙眼产业技术体系示范园-海口站（20240825）.doc,5,13,5,20.12
示范园/2024年荔枝龙眼产业技术体系示范园-海口站（20240825）.doc,5,13,6,21.86
示范园/2024年荔枝龙眼产业技术体系示范园-海口站（20240825）.doc,5,13,7,21.60
示范园/2024年荔枝龙眼产业技术体系示范园-海口站（20240825）.doc,5,13,8,0
示范园/2024年荔枝龙眼产业技术体系示范园-海口站（20240825）.doc,5,13,9, 19.92
示范园/2024年荔枝龙眼产业技术体系示范园-海口站（20240825）.doc,5,14,2,C
示范园/2024年荔枝龙眼产业技术体系示范园-海口站（20240825）.doc,5,14,3,-
示范园/2024年荔枝龙眼产业技术体系示范园-海口站（20240825）.doc,5,14,4,-
示范园/2024年荔枝龙眼产业技术体系示范园-海口站（20240825）.doc,5,14,5, -
示范园/2024年荔枝龙眼产业技术体系示范园-海口站（20240825）.doc,5,14,6,-
示范园/2024年荔枝龙眼产业技术体系示范园-海口站（20240825）.doc,5,14,7,- 
示范园/2024年荔枝龙眼产业技术体系示范园-海口站（20240825）.doc,5,14,8,-
示范园/2024年荔枝龙眼产业技术体系示范园-海口站（20240825）.doc,5,14,9,- 
示范园/2024年荔枝龙眼产业技术体系示范园-海口站（20240825）.doc,5,15,1,世武果园
示范园/2024年荔枝龙眼产业技术体系示范园-海口站（20240825）.doc,5,15,2,A
示范园/2024年荔枝龙眼产业技术体系示范园-海口站（20240825）.doc,5,15,3,190
示范园/2024年荔枝龙眼产业技术体系示范园-海口站（20240825）.doc,5,15,4,28.12
示范园/2024年荔枝龙眼产业技术体系示范园-海口站（20240825）.doc,5,15,5,31.35
示范园/2024年荔枝龙眼产业技术体系示范园-海口站（20240825）.doc,5,15,6,32.27
示范园/2024年荔枝龙眼产业技术体系示范园-海口站（20240825）.doc,5,15,7,25.70
示范园/2024年荔枝龙眼产业技术体系示范园-海口站（20240825）.doc,5,15,8,0
示范园/2024年荔枝龙眼产业技术体系示范园-海口站（20240825）.doc,5,15,9, 30.58
示范园/2024年荔枝龙眼产业技术体系示范园-海口站（20240825）.doc,5,15,10,1008.15 
示范园/2024年荔枝龙眼产业技术体系示范园-海口站（20240825）.doc,5,15,11,"组长：王祥和
组员：胡福初、严婷婷、李世武"
示范园/2024年荔枝龙眼产业技术体系示范园-海口站（20240825）.doc,5,16,2,B
示范园/2024年荔枝龙眼产业技术体系示范园-海口站（20240825）.doc,5,16,3,10
示范园/2024年荔枝龙眼产业技术体系示范园-海口站（20240825）.doc,5,16,4,26.97
示范园/2024年荔枝龙眼产业技术体系示范园-海口站（20240825）.doc,5,16,5,30.12
示范园/2024年荔枝龙眼产业技术体系示范园-海口站（20240825）.doc,5,16,6,32.61
示范园/2024年荔枝龙眼产业技术体系示范园-海口站（20240825）.doc,5,16,7,25.20
示范园/2024年荔枝龙眼产业技术体系示范园-海口站（20240825）.doc,5,16,8,0
示范园/2024年荔枝龙眼产业技术体系示范园-海口站（20240825）.doc,5,16,9, 29.90 
示范园/2024年荔枝龙眼产业技术体系示范园-海口站（20240825）.doc,5,17,2,C
示范园/2024年荔枝龙眼产业技术体系示范园-海口站（20240825）.doc,5,17,3,-
示范园/2024年荔枝龙眼产业技术体系示范园-海口站（20240825）.doc,5,17,4,-
示范园/2024年荔枝龙眼产业技术体系示范园-海口站（20240825）.doc,5,17,5,-
示范园/2024年荔枝龙眼产业技术体系示范园-海口站（20240825）.doc,5,17,6,-
示范园/2024年荔枝龙眼产业技术体系示范园-海口站（20240825）.doc,5,17,7,- 
示范园/2024年荔枝龙眼产业技术体系示范园-海口站（20240825）.doc,5,17,8,-
示范园/2024年荔枝龙眼产业技术体系示范园-海口站（20240825）.doc,5,17,9, -
示范园/2024年荔枝龙眼产业技术体系示范园-海口站（20240825）.doc,5,18,1,鲁宏果园
示范园/2024年荔枝龙眼产业技术体系示范园-海口站（20240825）.doc,5,18,2,A
示范园/2024年荔枝龙眼产业技术体系示范园-海口站（20240825）.doc,5,18,3,170
示范园/2024年荔枝龙眼产业技术体系示范园-海口站（20240825）.doc,5,18,4,58.30
示范园/2024年荔枝龙眼产业技术体系示范园-海口站（20240825）.doc,5,18,5,61.55
示范园/2024年荔枝龙眼产业技术体系示范园-海口站（20240825）.doc,5,18,6,64.89
示范园/2024年荔枝龙眼产业技术体系示范园-海口站（20240825）.doc,5,18,7,23.00
示范园/2024年荔枝龙眼产业技术体系示范园-海口站（20240825）.doc,5,18,8,0
示范园/2024年荔枝龙眼产业技术体系示范园-海口站（20240825）.doc,5,18,9,61.76
示范园/2024年荔枝龙眼产业技术体系示范园-海口站（20240825）.doc,5,18,10,1027.80
示范园/2024年荔枝龙眼产业技术体系示范园-海口站（20240825）.doc,5,18,11,"组长：王祥和
组员：胡福初、张留才"
示范园/2024年荔枝龙眼产业技术体系示范园-海口站（20240825）.doc,5,19,2,B
示范园/2024年荔枝龙眼产业技术体系示范园-海口站（20240825）.doc,5,19,3,30
示范园/2024年荔枝龙眼产业技术体系示范园-海口站（20240825）.doc,5,19,4,62.91
示范园/2024年荔枝龙眼产业技术体系示范园-海口站（20240825）.doc,5,19,5,58.76
示范园/2024年荔枝龙眼产业技术体系示范园-海口站（20240825）.doc,5,19,6,63.61
示范园/2024年荔枝龙眼产业技术体系示范园-海口站（20240825）.doc,5,19,7,24.30
示范园/2024年荔枝龙眼产业技术体系示范园-海口站（20240825）.doc,5,19,8,0
示范园/2024年荔枝龙眼产业技术体系示范园-海口站（20240825）.doc,5,19,9,61.58
示范园/2024年荔枝龙眼产业技术体系示范园-海口站（20240825）.doc,5,20,2,C
示范园/2024年荔枝龙眼产业技术体系示范园-海口站（20240825）.doc,5,20,3,-
示范园/2024年荔枝龙眼产业技术体系示范园-海口站（20240825）.doc,5,20,4,-
示范园/2024年荔枝龙眼产业技术体系示范园-海口站（20240825）.doc,5,20,5,-
示范园/2024年荔枝龙眼产业技术体系示范园-海口站（20240825）.doc,5,20,6,-
示范园/2024年荔枝龙眼产业技术体系示范园-海口站（20240825）.doc,5,20,7, -
示范园/2024年荔枝龙眼产业技术体系示范园-海口站（20240825）.doc,5,20,8,-
示范园/2024年荔枝龙眼产业技术体系示范园-海口站（20240825）.doc,5,20,9,-
示范园/2024年荔枝龙眼产业技术体系示范园-海口站（20240825）.doc,6,1,1,示范园
示范园/2024年荔枝龙眼产业技术体系示范园-海口站（20240825）.doc,6,1,2,土地费用
示范园/2024年荔枝龙眼产业技术体系示范园-海口站（20240825）.doc,6,1,3,肥料费用
示范园/2024年荔枝龙眼产业技术体系示范园-海口站（20240825）.doc,6,1,4,农药费用
示范园/2024年荔枝龙眼产业技术体系示范园-海口站（20240825）.doc,6,1,5,固定资产折旧
示范园/2024年荔枝龙眼产业技术体系示范园-海口站（20240825）.doc,6,1,6,劳动投入
示范园/2024年荔枝龙眼产业技术体系示范园-海口站（20240825）.doc,6,1,7,亩投入
示范园/2024年荔枝龙眼产业技术体系示范园-海口站（20240825）.doc,6,1,8,亩产出
示范园/2024年荔枝龙眼产业技术体系示范园-海口站（20240825）.doc,6,1,9,亩利润
示范园/2024年荔枝龙眼产业技术体系示范园-海口站（20240825）.doc,6,2,2,租金
示范园/2024年荔枝龙眼产业技术体系示范园-海口站（20240825）.doc,6,2,3,自营地折价
示范园/2024年荔枝龙眼产业技术体系示范园-海口站（20240825）.doc,6,2,4,化肥
示范园/2024年荔枝龙眼产业技术体系示范园-海口站（20240825）.doc,6,2,5,有机肥
示范园/2024年荔枝龙眼产业技术体系示范园-海口站（20240825）.doc,6,2,8,亩用工
示范园/2024年荔枝龙眼产业技术体系示范园-海口站（20240825）.doc,6,2,9,日工价
示范园/2024年荔枝龙眼产业技术体系示范园-海口站（20240825）.doc,6,2,10,劳动力投入
示范园/2024年荔枝龙眼产业技术体系示范园-海口站（20240825）.doc,6,2,11,示范园投入
示范园/2024年荔枝龙眼产业技术体系示范园-海口站（20240825）.doc,6,2,12,当地平均投入
示范园/2024年荔枝龙眼产业技术体系示范园-海口站（20240825）.doc,6,2,13,示范园产出
示范园/2024年荔枝龙眼产业技术体系示范园-海口站（20240825）.doc,6,2,14,当地平均产出
示范园/2024年荔枝龙眼产业技术体系示范园-海口站（20240825）.doc,6,2,15,示范园亩利润
示范园/2024年荔枝龙眼产业技术体系示范园-海口站（20240825）.doc,6,2,16,当地平均利润
示范园/2024年荔枝龙眼产业技术体系示范园-海口站（20240825）.doc,6,3,1,办内果园
示范园/2024年荔枝龙眼产业技术体系示范园-海口站（20240825）.doc,6,3,2,0
示范园/2024年荔枝龙眼产业技术体系示范园-海口站（20240825）.doc,6,3,3,800
示范园/2024年荔枝龙眼产业技术体系示范园-海口站（20240825）.doc,6,3,4,380
示范园/2024年荔枝龙眼产业技术体系示范园-海口站（20240825）.doc,6,3,5,280
示范园/2024年荔枝龙眼产业技术体系示范园-海口站（20240825）.doc,6,3,6,890
示范园/2024年荔枝龙眼产业技术体系示范园-海口站（20240825）.doc,6,3,7,150
示范园/2024年荔枝龙眼产业技术体系示范园-海口站（20240825）.doc,6,3,8,15
示范园/2024年荔枝龙眼产业技术体系示范园-海口站（20240825）.doc,6,3,9,120
示范园/2024年荔枝龙眼产业技术体系示范园-海口站（20240825）.doc,6,3,10,1875
示范园/2024年荔枝龙眼产业技术体系示范园-海口站（20240825）.doc,6,3,11,4375
示范园/2024年荔枝龙眼产业技术体系示范园-海口站（20240825）.doc,6,3,12,4300
示范园/2024年荔枝龙眼产业技术体系示范园-海口站（20240825）.doc,6,3,13,8768
示范园/2024年荔枝龙眼产业技术体系示范园-海口站（20240825）.doc,6,3,14,6800
示范园/2024年荔枝龙眼产业技术体系示范园-海口站（20240825）.doc,6,3,15,4393
示范园/2024年荔枝龙眼产业技术体系示范园-海口站（20240825）.doc,6,3,16,2500 
示范园/2024年荔枝龙眼产业技术体系示范园-海口站（20240825）.doc,6,4,1,会华果园
示范园/2024年荔枝龙眼产业技术体系示范园-海口站（20240825）.doc,6,4,2,2000
示范园/2024年荔枝龙眼产业技术体系示范园-海口站（20240825）.doc,6,4,3,0
示范园/2024年荔枝龙眼产业技术体系示范园-海口站（20240825）.doc,6,4,4,250
示范园/2024年荔枝龙眼产业技术体系示范园-海口站（20240825）.doc,6,4,5,0
示范园/2024年荔枝龙眼产业技术体系示范园-海口站（20240825）.doc,6,4,6,839
示范园/2024年荔枝龙眼产业技术体系示范园-海口站（20240825）.doc,6,4,7,50
示范园/2024年荔枝龙眼产业技术体系示范园-海口站（20240825）.doc,6,4,8,20
示范园/2024年荔枝龙眼产业技术体系示范园-海口站（20240825）.doc,6,4,9,150
示范园/2024年荔枝龙眼产业技术体系示范园-海口站（20240825）.doc,6,4,10,1500
示范园/2024年荔枝龙眼产业技术体系示范园-海口站（20240825）.doc,6,4,11,4639
示范园/2024年荔枝龙眼产业技术体系示范园-海口站（20240825）.doc,6,4,12,6500
示范园/2024年荔枝龙眼产业技术体系示范园-海口站（20240825）.doc,6,4,13,1711 
示范园/2024年荔枝龙眼产业技术体系示范园-海口站（20240825）.doc,6,4,14,7000
示范园/2024年荔枝龙眼产业技术体系示范园-海口站（20240825）.doc,6,4,15,-2928
示范园/2024年荔枝龙眼产业技术体系示范园-海口站（20240825）.doc,6,4,16,500 
示范园/2024年荔枝龙眼产业技术体系示范园-海口站（20240825）.doc,6,5,1,永发果园
示范园/2024年荔枝龙眼产业技术体系示范园-海口站（20240825）.doc,6,5,2,0
示范园/2024年荔枝龙眼产业技术体系示范园-海口站（20240825）.doc,6,5,3,650
示范园/2024年荔枝龙眼产业技术体系示范园-海口站（20240825）.doc,6,5,4,668
示范园/2024年荔枝龙眼产业技术体系示范园-海口站（20240825）.doc,6,5,5,980
示范园/2024年荔枝龙眼产业技术体系示范园-海口站（20240825）.doc,6,5,6,900
示范园/2024年荔枝龙眼产业技术体系示范园-海口站（20240825）.doc,6,5,7,300
示范园/2024年荔枝龙眼产业技术体系示范园-海口站（20240825）.doc,6,5,8,16
示范园/2024年荔枝龙眼产业技术体系示范园-海口站（20240825）.doc,6,5,9,130
示范园/2024年荔枝龙眼产业技术体系示范园-海口站（20240825）.doc,6,5,10,2080
示范园/2024年荔枝龙眼产业技术体系示范园-海口站（20240825）.doc,6,5,11,5658
示范园/2024年荔枝龙眼产业技术体系示范园-海口站（20240825）.doc,6,5,12,5500
示范园/2024年荔枝龙眼产业技术体系示范园-海口站（20240825）.doc,6,5,13,6158
示范园/2024年荔枝龙眼产业技术体系示范园-海口站（20240825）.doc,6,5,14,5500
示范园/2024年荔枝龙眼产业技术体系示范园-海口站（20240825）.doc,6,5,15,500
示范园/2024年荔枝龙眼产业技术体系示范园-海口站（20240825）.doc,6,5,16,0 
示范园/2024年荔枝龙眼产业技术体系示范园-海口站（20240825）.doc,6,6,1,龙元果园
示范园/2024年荔枝龙眼产业技术体系示范园-海口站（20240825）.doc,6,6,2,2000
示范园/2024年荔枝龙眼产业技术体系示范园-海口站（20240825）.doc,6,6,3,0
示范园/2024年荔枝龙眼产业技术体系示范园-海口站（20240825）.doc,6,6,4,510
示范园/2024年荔枝龙眼产业技术体系示范园-海口站（20240825）.doc,6,6,5,0
示范园/2024年荔枝龙眼产业技术体系示范园-海口站（20240825）.doc,6,6,6,600
示范园/2024年荔枝龙眼产业技术体系示范园-海口站（20240825）.doc,6,6,7,150
示范园/2024年荔枝龙眼产业技术体系示范园-海口站（20240825）.doc,6,6,8,16
示范园/2024年荔枝龙眼产业技术体系示范园-海口站（20240825）.doc,6,6,9,200
示范园/2024年荔枝龙眼产业技术体系示范园-海口站（20240825）.doc,6,6,10,1500
示范园/2024年荔枝龙眼产业技术体系示范园-海口站（20240825）.doc,6,6,11,4610
示范园/2024年荔枝龙眼产业技术体系示范园-海口站（20240825）.doc,6,6,12,5200
示范园/2024年荔枝龙眼产业技术体系示范园-海口站（20240825）.doc,6,6,13,8888
示范园/2024年荔枝龙眼产业技术体系示范园-海口站（20240825）.doc,6,6,14,6500
示范园/2024年荔枝龙眼产业技术体系示范园-海口站（20240825）.doc,6,6,15,4278 
示范园/2024年荔枝龙眼产业技术体系示范园-海口站（20240825）.doc,6,6,16,1300 
示范园/2024年荔枝龙眼产业技术体系示范园-海口站（20240825）.doc,6,7,1,世武果园
示范园/2024年荔枝龙眼产业技术体系示范园-海口站（20240825）.doc,6,7,2,0
示范园/2024年荔枝龙眼产业技术体系示范园-海口站（20240825）.doc,6,7,3,200
示范园/2024年荔枝龙眼产业技术体系示范园-海口站（20240825）.doc,6,7,4,350
示范园/2024年荔枝龙眼产业技术体系示范园-海口站（20240825）.doc,6,7,5,330
示范园/2024年荔枝龙眼产业技术体系示范园-海口站（20240825）.doc,6,7,6,883
示范园/2024年荔枝龙眼产业技术体系示范园-海口站（20240825）.doc,6,7,7,200
示范园/2024年荔枝龙眼产业技术体系示范园-海口站（20240825）.doc,6,7,8,13
示范园/2024年荔枝龙眼产业技术体系示范园-海口站（20240825）.doc,6,7,9,160
示范园/2024年荔枝龙眼产业技术体系示范园-海口站（20240825）.doc,6,7,10,1800
示范园/2024年荔枝龙眼产业技术体系示范园-海口站（20240825）.doc,6,7,11,3763
示范园/2024年荔枝龙眼产业技术体系示范园-海口站（20240825）.doc,6,7,12,5400
示范园/2024年荔枝龙眼产业技术体系示范园-海口站（20240825）.doc,6,7,13,20000
示范园/2024年荔枝龙眼产业技术体系示范园-海口站（20240825）.doc,6,7,14,8000
示范园/2024年荔枝龙眼产业技术体系示范园-海口站（20240825）.doc,6,7,15,16237
示范园/2024年荔枝龙眼产业技术体系示范园-海口站（20240825）.doc,6,7,16,4800 
示范园/2024年荔枝龙眼产业技术体系示范园-海口站（20240825）.doc,6,8,1,鲁宏果园
示范园/2024年荔枝龙眼产业技术体系示范园-海口站（20240825）.doc,6,8,2,2222
示范园/2024年荔枝龙眼产业技术体系示范园-海口站（20240825）.doc,6,8,3,0
示范园/2024年荔枝龙眼产业技术体系示范园-海口站（20240825）.doc,6,8,4,437
示范园/2024年荔枝龙眼产业技术体系示范园-海口站（20240825）.doc,6,8,5,495
示范园/2024年荔枝龙眼产业技术体系示范园-海口站（20240825）.doc,6,8,6,2556
示范园/2024年荔枝龙眼产业技术体系示范园-海口站（20240825）.doc,6,8,7,192
示范园/2024年荔枝龙眼产业技术体系示范园-海口站（20240825）.doc,6,8,8,11
示范园/2024年荔枝龙眼产业技术体系示范园-海口站（20240825）.doc,6,8,9,200
示范园/2024年荔枝龙眼产业技术体系示范园-海口站（20240825）.doc,6,8,10,3661
示范园/2024年荔枝龙眼产业技术体系示范园-海口站（20240825）.doc,6,8,11,9564
示范园/2024年荔枝龙眼产业技术体系示范园-海口站（20240825）.doc,6,8,12,11000
示范园/2024年荔枝龙眼产业技术体系示范园-海口站（20240825）.doc,6,8,13,17111 
示范园/2024年荔枝龙眼产业技术体系示范园-海口站（20240825）.doc,6,8,14,13000
示范园/2024年荔枝龙眼产业技术体系示范园-海口站（20240825）.doc,6,8,15,8082 
示范园/2024年荔枝龙眼产业技术体系示范园-海口站（20240825）.doc,6,8,16,2000 
示范园/2025年荔枝龙眼产业技术体系示范园-海口站（20250827）.doc,1,1,1,"示范果园
（编号）"
示范园/2025年荔枝龙眼产业技术体系示范园-海口站（20250827）.doc,1,1,2,面积（亩）
示范园/2025年荔枝龙眼产业技术体系示范园-海口站（20250827）.doc,1,1,3,种植年份
示范园/2025年荔枝龙眼产业技术体系示范园-海口站（20250827）.doc,1,1,4,改造年份
示范园/2025年荔枝龙眼产业技术体系示范园-海口站（20250827）.doc,1,1,5,品种
示范园/2025年荔枝龙眼产业技术体系示范园-海口站（20250827）.doc,1,1,6,株数
示范园/2025年荔枝龙眼产业技术体系示范园-海口站（20250827）.doc,1,1,7,株距×行距（m）
示范园/2025年荔枝龙眼产业技术体系示范园-海口站（20250827）.doc,1,1,8,农场主
示范园/2025年荔枝龙眼产业技术体系示范园-海口站（20250827）.doc,1,1,9,经纬度
示范园/2025年荔枝龙眼产业技术体系示范园-海口站（20250827）.doc,1,2,1,"办内果园
CARS-33-46-01"
示范园/2025年荔枝龙眼产业技术体系示范园-海口站（20250827）.doc,1,2,2,80
示范园/2025年荔枝龙眼产业技术体系示范园-海口站（20250827）.doc,1,2,3,2002年
示范园/2025年荔枝龙眼产业技术体系示范园-海口站（20250827）.doc,1,2,4,2015重回缩
示范园/2025年荔枝龙眼产业技术体系示范园-海口站（20250827）.doc,1,2,5,妃子笑
示范园/2025年荔枝龙眼产业技术体系示范园-海口站（20250827）.doc,1,2,6,4000
示范园/2025年荔枝龙眼产业技术体系示范园-海口站（20250827）.doc,1,2,7,4×5
示范园/2025年荔枝龙眼产业技术体系示范园-海口站（20250827）.doc,1,2,8,周永岛
示范园/2025年荔枝龙眼产业技术体系示范园-海口站（20250827）.doc,1,2,9,"N 19° 53' 57.63""
E 110° 29' 58.18"""
示范园/2025年荔枝龙眼产业技术体系示范园-海口站（20250827）.doc,1,3,1,"红明农场
CARS-33-46-02"
示范园/2025年荔枝龙眼产业技术体系示范园-海口站（20250827）.doc,1,3,2,70
示范园/2025年荔枝龙眼产业技术体系示范园-海口站（20250827）.doc,1,3,3,2000年
示范园/2025年荔枝龙眼产业技术体系示范园-海口站（20250827）.doc,1,3,4,"2010间伐
2018年重回缩"
示范园/2025年荔枝龙眼产业技术体系示范园-海口站（20250827）.doc,1,3,5,白糖罂
示范园/2025年荔枝龙眼产业技术体系示范园-海口站（20250827）.doc,1,3,6,970
示范园/2025年荔枝龙眼产业技术体系示范园-海口站（20250827）.doc,1,3,7,6×8
示范园/2025年荔枝龙眼产业技术体系示范园-海口站（20250827）.doc,1,3,8,陈会华
示范园/2025年荔枝龙眼产业技术体系示范园-海口站（20250827）.doc,1,3,9,"N 19° 41' 54.98""
E 110° 34' 49.95"""
示范园/2025年荔枝龙眼产业技术体系示范园-海口站（20250827）.doc,1,4,1,"永发果园
CARS-33-46-03"
示范园/2025年荔枝龙眼产业技术体系示范园-海口站（20250827）.doc,1,4,2,25
示范园/2025年荔枝龙眼产业技术体系示范园-海口站（20250827）.doc,1,4,3,1995年
示范园/2025年荔枝龙眼产业技术体系示范园-海口站（20250827）.doc,1,4,4,"2013间伐
2014重回缩"
示范园/2025年荔枝龙眼产业技术体系示范园-海口站（20250827）.doc,1,4,5,妃子笑
示范园/2025年荔枝龙眼产业技术体系示范园-海口站（20250827）.doc,1,4,6,550
示范园/2025年荔枝龙眼产业技术体系示范园-海口站（20250827）.doc,1,4,7,4×6
示范园/2025年荔枝龙眼产业技术体系示范园-海口站（20250827）.doc,1,4,8,洪世聪
示范园/2025年荔枝龙眼产业技术体系示范园-海口站（20250827）.doc,1,4,9,"N 19° 45' 30.91""
E 110° 12' 13.96"""
示范园/2025年荔枝龙眼产业技术体系示范园-海口站（20250827）.doc,1,5,1,"龙元果园
CARS-33-46-04"
示范园/2025年荔枝龙眼产业技术体系示范园-海口站（20250827）.doc,1,5,2,200
示范园/2025年荔枝龙眼产业技术体系示范园-海口站（20250827）.doc,1,5,3,2002年
示范园/2025年荔枝龙眼产业技术体系示范园-海口站（20250827）.doc,1,5,4,2019重回缩
示范园/2025年荔枝龙眼产业技术体系示范园-海口站（20250827）.doc,1,5,5,妃子笑
示范园/2025年荔枝龙眼产业技术体系示范园-海口站（20250827）.doc,1,5,6,7400
示范园/2025年荔枝龙眼产业技术体系示范园-海口站（20250827）.doc,1,5,7,4×4.5
示范园/2025年荔枝龙眼产业技术体系示范园-海口站（20250827）.doc,1,5,8,黄龙腾
示范园/2025年荔枝龙眼产业技术体系示范园-海口站（20250827）.doc,1,5,9,"N 19° 27′ 11.83""
E 110° 19' 42.84"""
示范园/2025年荔枝龙眼产业技术体系示范园-海口站（20250827）.doc,1,6,1,"世武果园
CARS-33-46-05"
示范园/2025年荔枝龙眼产业技术体系示范园-海口站（20250827）.doc,1,6,2,30
示范园/2025年荔枝龙眼产业技术体系示范园-海口站（20250827）.doc,1,6,3,2001年
示范园/2025年荔枝龙眼产业技术体系示范园-海口站（20250827）.doc,1,6,4,2018重回缩
示范园/2025年荔枝龙眼产业技术体系示范园-海口站（20250827）.doc,1,6,5,妃子笑
示范园/2025年荔枝龙眼产业技术体系示范园-海口站（20250827）.doc,1,6,6,990
示范园/2025年荔枝龙眼产业技术体系示范园-海口站（20250827）.doc,1,6,7,4×5
示范园/2025年荔枝龙眼产业技术体系示范园-海口站（20250827）.doc,1,6,8,李世武
示范园/2025年荔枝龙眼产业技术体系示范园-海口站（20250827）.doc,1,6,9,"N 19° 10' 27.53""
E 110° 26' 54.70"""
示范园/2025年荔枝龙眼产业技术体系示范园-海口站（20250827）.doc,1,7,1,"鲁宏果园
CARS-33-46-06"
示范园/2025年荔枝龙眼产业技术体系示范园-海口站（20250827）.doc,1,7,2,300
示范园/2025年荔枝龙眼产业技术体系示范园-海口站（20250827）.doc,1,7,3,1999年
示范园/2025年荔枝龙眼产业技术体系示范园-海口站（20250827）.doc,1,7,4,2012间伐
示范园/2025年荔枝龙眼产业技术体系示范园-海口站（20250827）.doc,1,7,5,妃子笑
示范园/2025年荔枝龙眼产业技术体系示范园-海口站（20250827）.doc,1,7,6,5000
示范园/2025年荔枝龙眼产业技术体系示范园-海口站（20250827）.doc,1,7,7,5×8
示范园/2025年荔枝龙眼产业技术体系示范园-海口站（20250827）.doc,1,7,8,周军峰
示范园/2025年荔枝龙眼产业技术体系示范园-海口站（20250827）.doc,1,7,9,"N18° 36' 34.77""
E109° 56' 32.26"""
示范园/2025年荔枝龙眼产业技术体系示范园-海口站（20250827）.doc,2,1,1,示范果园
示范园/2025年荔枝龙眼产业技术体系示范园-海口站（20250827）.doc,2,1,2,果园坡度（°）
示范园/2025年荔枝龙眼产业技术体系示范园-海口站（20250827）.doc,2,1,3,土壤类型
示范园/2025年荔枝龙眼产业技术体系示范园-海口站（20250827）.doc,2,1,4,灌溉方式
示范园/2025年荔枝龙眼产业技术体系示范园-海口站（20250827）.doc,2,1,5,年份
示范园/2025年荔枝龙眼产业技术体系示范园-海口站（20250827）.doc,2,1,6,"株产
（公斤）"
示范园/2025年荔枝龙眼产业技术体系示范园-海口站（20250827）.doc,2,1,7,"售价
（元/公斤）"
示范园/2025年荔枝龙眼产业技术体系示范园-海口站（20250827）.doc,2,1,8,成花率（%）
示范园/2025年荔枝龙眼产业技术体系示范园-海口站（20250827）.doc,2,1,9,"收益
（万元）"
示范园/2025年荔枝龙眼产业技术体系示范园-海口站（20250827）.doc,2,2,1,办内果园
示范园/2025年荔枝龙眼产业技术体系示范园-海口站（20250827）.doc,2,2,2,0～5
示范园/2025年荔枝龙眼产业技术体系示范园-海口站（20250827）.doc,2,2,3,红壤土
示范园/2025年荔枝龙眼产业技术体系示范园-海口站（20250827）.doc,2,2,4,微喷灌
示范园/2025年荔枝龙眼产业技术体系示范园-海口站（20250827）.doc,2,2,5,2021
示范园/2025年荔枝龙眼产业技术体系示范园-海口站（20250827）.doc,2,2,6,30.50
示范园/2025年荔枝龙眼产业技术体系示范园-海口站（20250827）.doc,2,2,7,8.00
示范园/2025年荔枝龙眼产业技术体系示范园-海口站（20250827）.doc,2,2,8,100
示范园/2025年荔枝龙眼产业技术体系示范园-海口站（20250827）.doc,2,2,9,48.80
示范园/2025年荔枝龙眼产业技术体系示范园-海口站（20250827）.doc,2,3,5,2022
示范园/2025年荔枝龙眼产业技术体系示范园-海口站（20250827）.doc,2,3,6,30.00
示范园/2025年荔枝龙眼产业技术体系示范园-海口站（20250827）.doc,2,3,7,12.6
示范园/2025年荔枝龙眼产业技术体系示范园-海口站（20250827）.doc,2,3,8,100
示范园/2025年荔枝龙眼产业技术体系示范园-海口站（20250827）.doc,2,3,9,90.60
示范园/2025年荔枝龙眼产业技术体系示范园-海口站（20250827）.doc,2,4,5,2023
示范园/2025年荔枝龙眼产业技术体系示范园-海口站（20250827）.doc,2,4,6,32.15
示范园/2025年荔枝龙眼产业技术体系示范园-海口站（20250827）.doc,2,4,7,9.60
示范园/2025年荔枝龙眼产业技术体系示范园-海口站（20250827）.doc,2,4,8,100
示范园/2025年荔枝龙眼产业技术体系示范园-海口站（20250827）.doc,2,4,9,40.60
示范园/2025年荔枝龙眼产业技术体系示范园-海口站（20250827）.doc,2,5,5,2024
示范园/2025年荔枝龙眼产业技术体系示范园-海口站（20250827）.doc,2,5,6,21.78
示范园/2025年荔枝龙眼产业技术体系示范园-海口站（20250827）.doc,2,5,7,12.2
示范园/2025年荔枝龙眼产业技术体系示范园-海口站（20250827）.doc,2,5,8,90
示范园/2025年荔枝龙眼产业技术体系示范园-海口站（20250827）.doc,2,5,9,35.15
示范园/2025年荔枝龙眼产业技术体系示范园-海口站（20250827）.doc,2,6,5,2025
示范园/2025年荔枝龙眼产业技术体系示范园-海口站（20250827）.doc,2,6,6,0
示范园/2025年荔枝龙眼产业技术体系示范园-海口站（20250827）.doc,2,6,7,0
示范园/2025年荔枝龙眼产业技术体系示范园-海口站（20250827）.doc,2,6,8,60
示范园/2025年荔枝龙眼产业技术体系示范园-海口站（20250827）.doc,2,6,9,-15.76
示范园/2025年荔枝龙眼产业技术体系示范园-海口站（20250827）.doc,2,7,1,红明农场
示范园/2025年荔枝龙眼产业技术体系示范园-海口站（20250827）.doc,2,7,2,15～30
示范园/2025年荔枝龙眼产业技术体系示范园-海口站（20250827）.doc,2,7,3,红壤土
示范园/2025年荔枝龙眼产业技术体系示范园-海口站（20250827）.doc,2,7,4,管道淋灌
示范园/2025年荔枝龙眼产业技术体系示范园-海口站（20250827）.doc,2,7,5,2021
示范园/2025年荔枝龙眼产业技术体系示范园-海口站（20250827）.doc,2,7,6,66.20
示范园/2025年荔枝龙眼产业技术体系示范园-海口站（20250827）.doc,2,7,7,9.00
示范园/2025年荔枝龙眼产业技术体系示范园-海口站（20250827）.doc,2,7,8,100
示范园/2025年荔枝龙眼产业技术体系示范园-海口站（20250827）.doc,2,7,9,14.45
示范园/2025年荔枝龙眼产业技术体系示范园-海口站（20250827）.doc,2,8,5,2022
示范园/2025年荔枝龙眼产业技术体系示范园-海口站（20250827）.doc,2,8,6,65.00
示范园/2025年荔枝龙眼产业技术体系示范园-海口站（20250827）.doc,2,8,7,16.00
示范园/2025年荔枝龙眼产业技术体系示范园-海口站（20250827）.doc,2,8,8,100
示范园/2025年荔枝龙眼产业技术体系示范园-海口站（20250827）.doc,2,8,9,38.20
示范园/2025年荔枝龙眼产业技术体系示范园-海口站（20250827）.doc,2,9,5,2023
示范园/2025年荔枝龙眼产业技术体系示范园-海口站（20250827）.doc,2,9,6,52.00
示范园/2025年荔枝龙眼产业技术体系示范园-海口站（20250827）.doc,2,9,7,12.00
示范园/2025年荔枝龙眼产业技术体系示范园-海口站（20250827）.doc,2,9,8,98
示范园/2025年荔枝龙眼产业技术体系示范园-海口站（20250827）.doc,2,9,9,16.80
示范园/2025年荔枝龙眼产业技术体系示范园-海口站（20250827）.doc,2,10,5,2024
示范园/2025年荔枝龙眼产业技术体系示范园-海口站（20250827）.doc,2,10,6,7.71
示范园/2025年荔枝龙眼产业技术体系示范园-海口站（20250827）.doc,2,10,7,16.00
示范园/2025年荔枝龙眼产业技术体系示范园-海口站（20250827）.doc,2,10,8,20
示范园/2025年荔枝龙眼产业技术体系示范园-海口站（20250827）.doc,2,10,9,-20.50
示范园/2025年荔枝龙眼产业技术体系示范园-海口站（20250827）.doc,2,11,5,2025
示范园/2025年荔枝龙眼产业技术体系示范园-海口站（20250827）.doc,2,11,6,32.15
示范园/2025年荔枝龙眼产业技术体系示范园-海口站（20250827）.doc,2,11,7,10.00
示范园/2025年荔枝龙眼产业技术体系示范园-海口站（20250827）.doc,2,11,8,50
示范园/2025年荔枝龙眼产业技术体系示范园-海口站（20250827）.doc,2,11,9,-7.50
示范园/2025年荔枝龙眼产业技术体系示范园-海口站（20250827）.doc,2,12,1,永发果园
示范园/2025年荔枝龙眼产业技术体系示范园-海口站（20250827）.doc,2,12,2,0～5
示范园/2025年荔枝龙眼产业技术体系示范园-海口站（20250827）.doc,2,12,3,红壤土
示范园/2025年荔枝龙眼产业技术体系示范园-海口站（20250827）.doc,2,12,4,微喷灌
示范园/2025年荔枝龙眼产业技术体系示范园-海口站（20250827）.doc,2,12,5,2021
示范园/2025年荔枝龙眼产业技术体系示范园-海口站（20250827）.doc,2,12,6,25.80
示范园/2025年荔枝龙眼产业技术体系示范园-海口站（20250827）.doc,2,12,7,7.60
示范园/2025年荔枝龙眼产业技术体系示范园-海口站（20250827）.doc,2,12,8,100
示范园/2025年荔枝龙眼产业技术体系示范园-海口站（20250827）.doc,2,12,9,3.23
示范园/2025年荔枝龙眼产业技术体系示范园-海口站（20250827）.doc,2,13,5,2022
示范园/2025年荔枝龙眼产业技术体系示范园-海口站（20250827）.doc,2,13,6,28.60
示范园/2025年荔枝龙眼产业技术体系示范园-海口站（20250827）.doc,2,13,7,11.80
示范园/2025年荔枝龙眼产业技术体系示范园-海口站（20250827）.doc,2,13,8,100
示范园/2025年荔枝龙眼产业技术体系示范园-海口站（20250827）.doc,2,13,9,5.80
示范园/2025年荔枝龙眼产业技术体系示范园-海口站（20250827）.doc,2,14,5,2023
示范园/2025年荔枝龙眼产业技术体系示范园-海口站（20250827）.doc,2,14,6,35.25
示范园/2025年荔枝龙眼产业技术体系示范园-海口站（20250827）.doc,2,14,7,9.60
示范园/2025年荔枝龙眼产业技术体系示范园-海口站（20250827）.doc,2,14,8,99
示范园/2025年荔枝龙眼产业技术体系示范园-海口站（20250827）.doc,2,14,9,7.50
示范园/2025年荔枝龙眼产业技术体系示范园-海口站（20250827）.doc,2,15,5,2024
示范园/2025年荔枝龙眼产业技术体系示范园-海口站（20250827）.doc,2,15,6,22.36
示范园/2025年荔枝龙眼产业技术体系示范园-海口站（20250827）.doc,2,15,7,10.20
示范园/2025年荔枝龙眼产业技术体系示范园-海口站（20250827）.doc,2,15,8,75
示范园/2025年荔枝龙眼产业技术体系示范园-海口站（20250827）.doc,2,15,9,3.93
示范园/2025年荔枝龙眼产业技术体系示范园-海口站（20250827）.doc,2,16,5,2025
示范园/2025年荔枝龙眼产业技术体系示范园-海口站（20250827）.doc,2,16,6,22.16
示范园/2025年荔枝龙眼产业技术体系示范园-海口站（20250827）.doc,2,16,7,9.30
示范园/2025年荔枝龙眼产业技术体系示范园-海口站（20250827）.doc,2,16,8,80
示范园/2025年荔枝龙眼产业技术体系示范园-海口站（20250827）.doc,2,16,9,-2.86
示范园/2025年荔枝龙眼产业技术体系示范园-海口站（20250827）.doc,2,17,1,龙元果园
示范园/2025年荔枝龙眼产业技术体系示范园-海口站（20250827）.doc,2,17,2,0
示范园/2025年荔枝龙眼产业技术体系示范园-海口站（20250827）.doc,2,17,3,红壤土
示范园/2025年荔枝龙眼产业技术体系示范园-海口站（20250827）.doc,2,17,4,喷灌
示范园/2025年荔枝龙眼产业技术体系示范园-海口站（20250827）.doc,2,17,5,2021
示范园/2025年荔枝龙眼产业技术体系示范园-海口站（20250827）.doc,2,17,6,14.80
示范园/2025年荔枝龙眼产业技术体系示范园-海口站（20250827）.doc,2,17,7,9.0
示范园/2025年荔枝龙眼产业技术体系示范园-海口站（20250827）.doc,2,17,8,95
示范园/2025年荔枝龙眼产业技术体系示范园-海口站（20250827）.doc,2,17,9,2.00
示范园/2025年荔枝龙眼产业技术体系示范园-海口站（20250827）.doc,2,18,5,2022
示范园/2025年荔枝龙眼产业技术体系示范园-海口站（20250827）.doc,2,18,6,24.30
示范园/2025年荔枝龙眼产业技术体系示范园-海口站（20250827）.doc,2,18,7,11.20
示范园/2025年荔枝龙眼产业技术体系示范园-海口站（20250827）.doc,2,18,8,100
示范园/2025年荔枝龙眼产业技术体系示范园-海口站（20250827）.doc,2,18,9,49.60
示范园/2025年荔枝龙眼产业技术体系示范园-海口站（20250827）.doc,2,19,5,2023
示范园/2025年荔枝龙眼产业技术体系示范园-海口站（20250827）.doc,2,19,6,32.00
示范园/2025年荔枝龙眼产业技术体系示范园-海口站（20250827）.doc,2,19,7,10.00
示范园/2025年荔枝龙眼产业技术体系示范园-海口站（20250827）.doc,2,19,8,100
示范园/2025年荔枝龙眼产业技术体系示范园-海口站（20250827）.doc,2,19,9,53.33
示范园/2025年荔枝龙眼产业技术体系示范园-海口站（20250827）.doc,2,20,5,2024
示范园/2025年荔枝龙眼产业技术体系示范园-海口站（20250827）.doc,2,20,6,20.00
示范园/2025年荔枝龙眼产业技术体系示范园-海口站（20250827）.doc,2,20,7,12.00
示范园/2025年荔枝龙眼产业技术体系示范园-海口站（20250827）.doc,2,20,8,95
示范园/2025年荔枝龙眼产业技术体系示范园-海口站（20250827）.doc,2,20,9,85.56
示范园/2025年荔枝龙眼产业技术体系示范园-海口站（20250827）.doc,2,21,5,2025
示范园/2025年荔枝龙眼产业技术体系示范园-海口站（20250827）.doc,2,21,6,27.16
示范园/2025年荔枝龙眼产业技术体系示范园-海口站（20250827）.doc,2,21,7,9.40
示范园/2025年荔枝龙眼产业技术体系示范园-海口站（20250827）.doc,2,21,8,95
示范园/2025年荔枝龙眼产业技术体系示范园-海口站（20250827）.doc,2,21,9,96.36
示范园/2025年荔枝龙眼产业技术体系示范园-海口站（20250827）.doc,2,22,1,世武果园
示范园/2025年荔枝龙眼产业技术体系示范园-海口站（20250827）.doc,2,22,2,0～5
示范园/2025年荔枝龙眼产业技术体系示范园-海口站（20250827）.doc,2,22,3,砂壤土
示范园/2025年荔枝龙眼产业技术体系示范园-海口站（20250827）.doc,2,22,4,喷灌
示范园/2025年荔枝龙眼产业技术体系示范园-海口站（20250827）.doc,2,22,5,2021
示范园/2025年荔枝龙眼产业技术体系示范园-海口站（20250827）.doc,2,22,6,30.30
示范园/2025年荔枝龙眼产业技术体系示范园-海口站（20250827）.doc,2,22,7,16.00
示范园/2025年荔枝龙眼产业技术体系示范园-海口站（20250827）.doc,2,22,8,100
示范园/2025年荔枝龙眼产业技术体系示范园-海口站（20250827）.doc,2,22,9,39.00
示范园/2025年荔枝龙眼产业技术体系示范园-海口站（20250827）.doc,2,23,5,2022
示范园/2025年荔枝龙眼产业技术体系示范园-海口站（20250827）.doc,2,23,6,32.20
示范园/2025年荔枝龙眼产业技术体系示范园-海口站（20250827）.doc,2,23,7,15.60
示范园/2025年荔枝龙眼产业技术体系示范园-海口站（20250827）.doc,2,23,8,100
示范园/2025年荔枝龙眼产业技术体系示范园-海口站（20250827）.doc,2,23,9,39.87
示范园/2025年荔枝龙眼产业技术体系示范园-海口站（20250827）.doc,2,24,5,2023
示范园/2025年荔枝龙眼产业技术体系示范园-海口站（20250827）.doc,2,24,6,27.08
示范园/2025年荔枝龙眼产业技术体系示范园-海口站（20250827）.doc,2,24,7,16.00
示范园/2025年荔枝龙眼产业技术体系示范园-海口站（20250827）.doc,2,24,8,100
示范园/2025年荔枝龙眼产业技术体系示范园-海口站（20250827）.doc,2,24,9,25.11
示范园/2025年荔枝龙眼产业技术体系示范园-海口站（20250827）.doc,2,25,5,2024
示范园/2025年荔枝龙眼产业技术体系示范园-海口站（20250827）.doc,2,25,6,30.55
示范园/2025年荔枝龙眼产业技术体系示范园-海口站（20250827）.doc,2,25,7,18.00
示范园/2025年荔枝龙眼产业技术体系示范园-海口站（20250827）.doc,2,25,8,90
示范园/2025年荔枝龙眼产业技术体系示范园-海口站（20250827）.doc,2,25,9,48.71
示范园/2025年荔枝龙眼产业技术体系示范园-海口站（20250827）.doc,2,26,5,2025
示范园/2025年荔枝龙眼产业技术体系示范园-海口站（20250827）.doc,2,26,6,36.57
示范园/2025年荔枝龙眼产业技术体系示范园-海口站（20250827）.doc,2,26,7,20.00
示范园/2025年荔枝龙眼产业技术体系示范园-海口站（20250827）.doc,2,26,8,95
示范园/2025年荔枝龙眼产业技术体系示范园-海口站（20250827）.doc,2,26,9,50.25
示范园/2025年荔枝龙眼产业技术体系示范园-海口站（20250827）.doc,2,27,1,鲁宏果园
示范园/2025年荔枝龙眼产业技术体系示范园-海口站（20250827）.doc,2,27,2,10～15
示范园/2025年荔枝龙眼产业技术体系示范园-海口站（20250827）.doc,2,27,3,砂壤土
示范园/2025年荔枝龙眼产业技术体系示范园-海口站（20250827）.doc,2,27,4,喷灌
示范园/2025年荔枝龙眼产业技术体系示范园-海口站（20250827）.doc,2,27,5,2021
示范园/2025年荔枝龙眼产业技术体系示范园-海口站（20250827）.doc,2,27,6,48.50
示范园/2025年荔枝龙眼产业技术体系示范园-海口站（20250827）.doc,2,27,7,15.00
示范园/2025年荔枝龙眼产业技术体系示范园-海口站（20250827）.doc,2,27,8,95
示范园/2025年荔枝龙眼产业技术体系示范园-海口站（20250827）.doc,2,27,9,163.75
示范园/2025年荔枝龙眼产业技术体系示范园-海口站（20250827）.doc,2,28,5,2022
示范园/2025年荔枝龙眼产业技术体系示范园-海口站（20250827）.doc,2,28,6,50.80
示范园/2025年荔枝龙眼产业技术体系示范园-海口站（20250827）.doc,2,28,7,20.00
示范园/2025年荔枝龙眼产业技术体系示范园-海口站（20250827）.doc,2,28,8,95
示范园/2025年荔枝龙眼产业技术体系示范园-海口站（20250827）.doc,2,28,9,276.16
示范园/2025年荔枝龙眼产业技术体系示范园-海口站（20250827）.doc,2,29,5,2023
示范园/2025年荔枝龙眼产业技术体系示范园-海口站（20250827）.doc,2,29,6,47.06
示范园/2025年荔枝龙眼产业技术体系示范园-海口站（20250827）.doc,2,29,7,23.00
示范园/2025年荔枝龙眼产业技术体系示范园-海口站（20250827）.doc,2,29,8,98
示范园/2025年荔枝龙眼产业技术体系示范园-海口站（20250827）.doc,2,29,9,216.00
示范园/2025年荔枝龙眼产业技术体系示范园-海口站（20250827）.doc,2,30,5,2024
示范园/2025年荔枝龙眼产业技术体系示范园-海口站（20250827）.doc,2,30,6,61.73
示范园/2025年荔枝龙眼产业技术体系示范园-海口站（20250827）.doc,2,30,7,30.40
示范园/2025年荔枝龙眼产业技术体系示范园-海口站（20250827）.doc,2,30,8,85
示范园/2025年荔枝龙眼产业技术体系示范园-海口站（20250827）.doc,2,30,9,287.91
示范园/2025年荔枝龙眼产业技术体系示范园-海口站（20250827）.doc,2,31,5,2025
示范园/2025年荔枝龙眼产业技术体系示范园-海口站（20250827）.doc,2,31,6,70.93
示范园/2025年荔枝龙眼产业技术体系示范园-海口站（20250827）.doc,2,31,7,20.00
示范园/2025年荔枝龙眼产业技术体系示范园-海口站（20250827）.doc,2,31,8,98
示范园/2025年荔枝龙眼产业技术体系示范园-海口站（20250827）.doc,2,31,9,356.00
示范园/2025年荔枝龙眼产业技术体系示范园-海口站（20250827）.doc,3,1,1,示范园
示范园/2025年荔枝龙眼产业技术体系示范园-海口站（20250827）.doc,3,1,2,品种
示范园/2025年荔枝龙眼产业技术体系示范园-海口站（20250827）.doc,3,1,3,面积（株）
示范园/2025年荔枝龙眼产业技术体系示范园-海口站（20250827）.doc,3,1,4,秋梢老熟期
示范园/2025年荔枝龙眼产业技术体系示范园-海口站（20250827）.doc,3,1,5,露白点期
示范园/2025年荔枝龙眼产业技术体系示范园-海口站（20250827）.doc,3,1,6,抽穗期
示范园/2025年荔枝龙眼产业技术体系示范园-海口站（20250827）.doc,3,1,7,初花期
示范园/2025年荔枝龙眼产业技术体系示范园-海口站（20250827）.doc,3,1,8,盛花期
示范园/2025年荔枝龙眼产业技术体系示范园-海口站（20250827）.doc,3,1,9,谢花期
示范园/2025年荔枝龙眼产业技术体系示范园-海口站（20250827）.doc,3,1,10,初始坐果期
示范园/2025年荔枝龙眼产业技术体系示范园-海口站（20250827）.doc,3,1,11,第1次生理落果期
示范园/2025年荔枝龙眼产业技术体系示范园-海口站（20250827）.doc,3,1,12,第2次生理落果期
示范园/2025年荔枝龙眼产业技术体系示范园-海口站（20250827）.doc,3,1,13,采前落果期
示范园/2025年荔枝龙眼产业技术体系示范园-海口站（20250827）.doc,3,1,14,果实着色期
示范园/2025年荔枝龙眼产业技术体系示范园-海口站（20250827）.doc,3,1,15,果实成熟期
示范园/2025年荔枝龙眼产业技术体系示范园-海口站（20250827）.doc,3,2,1,办内果园
示范园/2025年荔枝龙眼产业技术体系示范园-海口站（20250827）.doc,3,2,2,妃子笑
示范园/2025年荔枝龙眼产业技术体系示范园-海口站（20250827）.doc,3,2,3,"80
（4000）"
示范园/2025年荔枝龙眼产业技术体系示范园-海口站（20250827）.doc,3,2,4,9-25
示范园/2025年荔枝龙眼产业技术体系示范园-海口站（20250827）.doc,3,2,5,1-12
示范园/2025年荔枝龙眼产业技术体系示范园-海口站（20250827）.doc,3,2,6,2-1
示范园/2025年荔枝龙眼产业技术体系示范园-海口站（20250827）.doc,3,2,7,2-28
示范园/2025年荔枝龙眼产业技术体系示范园-海口站（20250827）.doc,3,2,8,-
示范园/2025年荔枝龙眼产业技术体系示范园-海口站（20250827）.doc,3,2,9,-
示范园/2025年荔枝龙眼产业技术体系示范园-海口站（20250827）.doc,3,2,10,-
示范园/2025年荔枝龙眼产业技术体系示范园-海口站（20250827）.doc,3,2,11,-
示范园/2025年荔枝龙眼产业技术体系示范园-海口站（20250827）.doc,3,2,12,-
示范园/2025年荔枝龙眼产业技术体系示范园-海口站（20250827）.doc,3,2,13,——
示范园/2025年荔枝龙眼产业技术体系示范园-海口站（20250827）.doc,3,2,14,-
示范园/2025年荔枝龙眼产业技术体系示范园-海口站（20250827）.doc,3,2,15,-
示范园/2025年荔枝龙眼产业技术体系示范园-海口站（20250827）.doc,3,3,1,红明农场
示范园/2025年荔枝龙眼产业技术体系示范园-海口站（20250827）.doc,3,3,2,白糖罂
示范园/2025年荔枝龙眼产业技术体系示范园-海口站（20250827）.doc,3,3,3,"70
（970）"
示范园/2025年荔枝龙眼产业技术体系示范园-海口站（20250827）.doc,3,3,4,9-20
示范园/2025年荔枝龙眼产业技术体系示范园-海口站（20250827）.doc,3,3,5,1-20
示范园/2025年荔枝龙眼产业技术体系示范园-海口站（20250827）.doc,3,3,6,1-25
示范园/2025年荔枝龙眼产业技术体系示范园-海口站（20250827）.doc,3,3,7,3-1
示范园/2025年荔枝龙眼产业技术体系示范园-海口站（20250827）.doc,3,3,8,3-10
示范园/2025年荔枝龙眼产业技术体系示范园-海口站（20250827）.doc,3,3,9,3-20
示范园/2025年荔枝龙眼产业技术体系示范园-海口站（20250827）.doc,3,3,10,3-15
示范园/2025年荔枝龙眼产业技术体系示范园-海口站（20250827）.doc,3,3,11,3-18
示范园/2025年荔枝龙眼产业技术体系示范园-海口站（20250827）.doc,3,3,12,4-10
示范园/2025年荔枝龙眼产业技术体系示范园-海口站（20250827）.doc,3,3,13,——
示范园/2025年荔枝龙眼产业技术体系示范园-海口站（20250827）.doc,3,3,14,5-1
示范园/2025年荔枝龙眼产业技术体系示范园-海口站（20250827）.doc,3,3,15,5-25
示范园/2025年荔枝龙眼产业技术体系示范园-海口站（20250827）.doc,3,4,1,永发果园
示范园/2025年荔枝龙眼产业技术体系示范园-海口站（20250827）.doc,3,4,2,妃子笑
示范园/2025年荔枝龙眼产业技术体系示范园-海口站（20250827）.doc,3,4,3,"25
（550）"
示范园/2025年荔枝龙眼产业技术体系示范园-海口站（20250827）.doc,3,4,4,10-25
示范园/2025年荔枝龙眼产业技术体系示范园-海口站（20250827）.doc,3,4,5,1-13
示范园/2025年荔枝龙眼产业技术体系示范园-海口站（20250827）.doc,3,4,6,2-1
示范园/2025年荔枝龙眼产业技术体系示范园-海口站（20250827）.doc,3,4,7,2-22
示范园/2025年荔枝龙眼产业技术体系示范园-海口站（20250827）.doc,3,4,8,3-1
示范园/2025年荔枝龙眼产业技术体系示范园-海口站（20250827）.doc,3,4,9,3-9
示范园/2025年荔枝龙眼产业技术体系示范园-海口站（20250827）.doc,3,4,10,3-16
示范园/2025年荔枝龙眼产业技术体系示范园-海口站（20250827）.doc,3,4,11,3-10
示范园/2025年荔枝龙眼产业技术体系示范园-海口站（20250827）.doc,3,4,12,4-3
示范园/2025年荔枝龙眼产业技术体系示范园-海口站（20250827）.doc,3,4,13,——
示范园/2025年荔枝龙眼产业技术体系示范园-海口站（20250827）.doc,3,4,14,5-1
示范园/2025年荔枝龙眼产业技术体系示范园-海口站（20250827）.doc,3,4,15,5-23
示范园/2025年荔枝龙眼产业技术体系示范园-海口站（20250827）.doc,3,5,1,龙元果园
示范园/2025年荔枝龙眼产业技术体系示范园-海口站（20250827）.doc,3,5,2,妃子笑
示范园/2025年荔枝龙眼产业技术体系示范园-海口站（20250827）.doc,3,5,3,"200
（7400）"
示范园/2025年荔枝龙眼产业技术体系示范园-海口站（20250827）.doc,3,5,4,8-25
示范园/2025年荔枝龙眼产业技术体系示范园-海口站（20250827）.doc,3,5,5,12-25
示范园/2025年荔枝龙眼产业技术体系示范园-海口站（20250827）.doc,3,5,6,1-18
示范园/2025年荔枝龙眼产业技术体系示范园-海口站（20250827）.doc,3,5,7,2-18
示范园/2025年荔枝龙眼产业技术体系示范园-海口站（20250827）.doc,3,5,8,2-25
示范园/2025年荔枝龙眼产业技术体系示范园-海口站（20250827）.doc,3,5,9,3-1
示范园/2025年荔枝龙眼产业技术体系示范园-海口站（20250827）.doc,3,5,10,2-27
示范园/2025年荔枝龙眼产业技术体系示范园-海口站（20250827）.doc,3,5,11,2-26
示范园/2025年荔枝龙眼产业技术体系示范园-海口站（20250827）.doc,3,5,12,4-1
示范园/2025年荔枝龙眼产业技术体系示范园-海口站（20250827）.doc,3,5,13,——
示范园/2025年荔枝龙眼产业技术体系示范园-海口站（20250827）.doc,3,5,14,4-28
示范园/2025年荔枝龙眼产业技术体系示范园-海口站（20250827）.doc,3,5,15,5-18
示范园/2025年荔枝龙眼产业技术体系示范园-海口站（20250827）.doc,3,6,1,世武果园
示范园/2025年荔枝龙眼产业技术体系示范园-海口站（20250827）.doc,3,6,2,妃子笑
示范园/2025年荔枝龙眼产业技术体系示范园-海口站（20250827）.doc,3,6,3,"30
（990）"
示范园/2025年荔枝龙眼产业技术体系示范园-海口站（20250827）.doc,3,6,4,9-15
示范园/2025年荔枝龙眼产业技术体系示范园-海口站（20250827）.doc,3,6,5,12-31
示范园/2025年荔枝龙眼产业技术体系示范园-海口站（20250827）.doc,3,6,6,1-15
示范园/2025年荔枝龙眼产业技术体系示范园-海口站（20250827）.doc,3,6,7,2-15
示范园/2025年荔枝龙眼产业技术体系示范园-海口站（20250827）.doc,3,6,8,2-20
示范园/2025年荔枝龙眼产业技术体系示范园-海口站（20250827）.doc,3,6,9,3-1
示范园/2025年荔枝龙眼产业技术体系示范园-海口站（20250827）.doc,3,6,10,2-26
示范园/2025年荔枝龙眼产业技术体系示范园-海口站（20250827）.doc,3,6,11,3-13
示范园/2025年荔枝龙眼产业技术体系示范园-海口站（20250827）.doc,3,6,12,4-9
示范园/2025年荔枝龙眼产业技术体系示范园-海口站（20250827）.doc,3,6,13,——
示范园/2025年荔枝龙眼产业技术体系示范园-海口站（20250827）.doc,3,6,14,4-23
示范园/2025年荔枝龙眼产业技术体系示范园-海口站（20250827）.doc,3,6,15,5-15
示范园/2025年荔枝龙眼产业技术体系示范园-海口站（20250827）.doc,3,7,1,鲁宏果园
示范园/2025年荔枝龙眼产业技术体系示范园-海口站（20250827）.doc,3,7,2,妃子笑
示范园/2025年荔枝龙眼产业技术体系示范园-海口站（20250827）.doc,3,7,3,"300
（5000）"
示范园/2025年荔枝龙眼产业技术体系示范园-海口站（20250827）.doc,3,7,4,9-5
示范园/2025年荔枝龙眼产业技术体系示范园-海口站（20250827）.doc,3,7,5,12-28
示范园/2025年荔枝龙眼产业技术体系示范园-海口站（20250827）.doc,3,7,6,1-16
示范园/2025年荔枝龙眼产业技术体系示范园-海口站（20250827）.doc,3,7,7,2-1
示范园/2025年荔枝龙眼产业技术体系示范园-海口站（20250827）.doc,3,7,8,2-15
示范园/2025年荔枝龙眼产业技术体系示范园-海口站（20250827）.doc,3,7,9,3-10
示范园/2025年荔枝龙眼产业技术体系示范园-海口站（20250827）.doc,3,7,10,2-25
示范园/2025年荔枝龙眼产业技术体系示范园-海口站（20250827）.doc,3,7,11,3-10
示范园/2025年荔枝龙眼产业技术体系示范园-海口站（20250827）.doc,3,7,12,4-7
示范园/2025年荔枝龙眼产业技术体系示范园-海口站（20250827）.doc,3,7,13,——
示范园/2025年荔枝龙眼产业技术体系示范园-海口站（20250827）.doc,3,7,14,4-20
示范园/2025年荔枝龙眼产业技术体系示范园-海口站（20250827）.doc,3,7,15,5-5
示范园/2025年荔枝龙眼产业技术体系示范园-海口站（20250827）.doc,4,1,1,示范园
示范园/2025年荔枝龙眼产业技术体系示范园-海口站（20250827）.doc,4,1,2,品种
示范园/2025年荔枝龙眼产业技术体系示范园-海口站（20250827）.doc,4,1,3,测花类别
示范园/2025年荔枝龙眼产业技术体系示范园-海口站（20250827）.doc,4,1,4,测花株数
示范园/2025年荔枝龙眼产业技术体系示范园-海口站（20250827）.doc,4,1,5,比例（%）
示范园/2025年荔枝龙眼产业技术体系示范园-海口站（20250827）.doc,4,1,6,成花率（%）
示范园/2025年荔枝龙眼产业技术体系示范园-海口站（20250827）.doc,4,2,1,办内果园
示范园/2025年荔枝龙眼产业技术体系示范园-海口站（20250827）.doc,4,2,2,妃子笑
示范园/2025年荔枝龙眼产业技术体系示范园-海口站（20250827）.doc,4,2,3,A（75-100%）
示范园/2025年荔枝龙眼产业技术体系示范园-海口站（20250827）.doc,4,2,4,120
示范园/2025年荔枝龙眼产业技术体系示范园-海口站（20250827）.doc,4,2,5,60
示范园/2025年荔枝龙眼产业技术体系示范园-海口站（20250827）.doc,4,2,6,60
示范园/2025年荔枝龙眼产业技术体系示范园-海口站（20250827）.doc,4,3,3,B（25-75%）
示范园/2025年荔枝龙眼产业技术体系示范园-海口站（20250827）.doc,4,3,4,80
示范园/2025年荔枝龙眼产业技术体系示范园-海口站（20250827）.doc,4,3,5,40
示范园/2025年荔枝龙眼产业技术体系示范园-海口站（20250827）.doc,4,4,3,C（0-25%）
示范园/2025年荔枝龙眼产业技术体系示范园-海口站（20250827）.doc,4,4,4,0
示范园/2025年荔枝龙眼产业技术体系示范园-海口站（20250827）.doc,4,4,5,0
示范园/2025年荔枝龙眼产业技术体系示范园-海口站（20250827）.doc,4,5,1,红明农场会华果园
示范园/2025年荔枝龙眼产业技术体系示范园-海口站（20250827）.doc,4,5,2,白糖罂
示范园/2025年荔枝龙眼产业技术体系示范园-海口站（20250827）.doc,4,5,3,A（75-100%）
示范园/2025年荔枝龙眼产业技术体系示范园-海口站（20250827）.doc,4,5,4,100
示范园/2025年荔枝龙眼产业技术体系示范园-海口站（20250827）.doc,4,5,5,50
示范园/2025年荔枝龙眼产业技术体系示范园-海口站（20250827）.doc,4,5,6,50
示范园/2025年荔枝龙眼产业技术体系示范园-海口站（20250827）.doc,4,6,3,B（25-75%）
示范园/2025年荔枝龙眼产业技术体系示范园-海口站（20250827）.doc,4,6,4,83
示范园/2025年荔枝龙眼产业技术体系示范园-海口站（20250827）.doc,4,6,5,41.5
示范园/2025年荔枝龙眼产业技术体系示范园-海口站（20250827）.doc,4,7,3,C（0-25%）
示范园/2025年荔枝龙眼产业技术体系示范园-海口站（20250827）.doc,4,7,4,17
示范园/2025年荔枝龙眼产业技术体系示范园-海口站（20250827）.doc,4,7,5,8.5
示范园/2025年荔枝龙眼产业技术体系示范园-海口站（20250827）.doc,4,8,1,永发果园
示范园/2025年荔枝龙眼产业技术体系示范园-海口站（20250827）.doc,4,8,2,妃子笑
示范园/2025年荔枝龙眼产业技术体系示范园-海口站（20250827）.doc,4,8,3,A（75-100%）
示范园/2025年荔枝龙眼产业技术体系示范园-海口站（20250827）.doc,4,8,4,150
示范园/2025年荔枝龙眼产业技术体系示范园-海口站（20250827）.doc,4,8,5,75
示范园/2025年荔枝龙眼产业技术体系示范园-海口站（20250827）.doc,4,8,6,80
示范园/2025年荔枝龙眼产业技术体系示范园-海口站（20250827）.doc,4,9,3,B（25-75%）
示范园/2025年荔枝龙眼产业技术体系示范园-海口站（20250827）.doc,4,9,4,50
示范园/2025年荔枝龙眼产业技术体系示范园-海口站（20250827）.doc,4,9,5,25
示范园/2025年荔枝龙眼产业技术体系示范园-海口站（20250827）.doc,4,10,3,C（0-25%）
示范园/2025年荔枝龙眼产业技术体系示范园-海口站（20250827）.doc,4,10,4,0
示范园/2025年荔枝龙眼产业技术体系示范园-海口站（20250827）.doc,4,10,5,0
示范园/2025年荔枝龙眼产业技术体系示范园-海口站（20250827）.doc,4,11,2,白糖罂
示范园/2025年荔枝龙眼产业技术体系示范园-海口站（20250827）.doc,4,11,3,A（75-100%）
示范园/2025年荔枝龙眼产业技术体系示范园-海口站（20250827）.doc,4,11,4,50
示范园/2025年荔枝龙眼产业技术体系示范园-海口站（20250827）.doc,4,11,5,25
示范园/2025年荔枝龙眼产业技术体系示范园-海口站（20250827）.doc,4,11,6,25
示范园/2025年荔枝龙眼产业技术体系示范园-海口站（20250827）.doc,4,12,3,B（25-75%）
示范园/2025年荔枝龙眼产业技术体系示范园-海口站（20250827）.doc,4,12,4,145
示范园/2025年荔枝龙眼产业技术体系示范园-海口站（20250827）.doc,4,12,5,72.5
示范园/2025年荔枝龙眼产业技术体系示范园-海口站（20250827）.doc,4,13,3,C（0-25%）
示范园/2025年荔枝龙眼产业技术体系示范园-海口站（20250827）.doc,4,13,4,5
示范园/2025年荔枝龙眼产业技术体系示范园-海口站（20250827）.doc,4,13,5,2.5
示范园/2025年荔枝龙眼产业技术体系示范园-海口站（20250827）.doc,4,14,1,龙元果园
示范园/2025年荔枝龙眼产业技术体系示范园-海口站（20250827）.doc,4,14,2,妃子笑
示范园/2025年荔枝龙眼产业技术体系示范园-海口站（20250827）.doc,4,14,3,A（75-100%）
示范园/2025年荔枝龙眼产业技术体系示范园-海口站（20250827）.doc,4,14,4,190
示范园/2025年荔枝龙眼产业技术体系示范园-海口站（20250827）.doc,4,14,5,95
示范园/2025年荔枝龙眼产业技术体系示范园-海口站（20250827）.doc,4,14,6,95
示范园/2025年荔枝龙眼产业技术体系示范园-海口站（20250827）.doc,4,15,3,B（25-75%）
示范园/2025年荔枝龙眼产业技术体系示范园-海口站（20250827）.doc,4,15,4,10
示范园/2025年荔枝龙眼产业技术体系示范园-海口站（20250827）.doc,4,15,5,5
示范园/2025年荔枝龙眼产业技术体系示范园-海口站（20250827）.doc,4,16,3,C（0-25%）
示范园/2025年荔枝龙眼产业技术体系示范园-海口站（20250827）.doc,4,16,4,0
示范园/2025年荔枝龙眼产业技术体系示范园-海口站（20250827）.doc,4,16,5,0
示范园/2025年荔枝龙眼产业技术体系示范园-海口站（20250827）.doc,4,17,1,世武果园
示范园/2025年荔枝龙眼产业技术体系示范园-海口站（20250827）.doc,4,17,2,妃子笑
示范园/2025年荔枝龙眼产业技术体系示范园-海口站（20250827）.doc,4,17,3,A（75-100%）
示范园/2025年荔枝龙眼产业技术体系示范园-海口站（20250827）.doc,4,17,4,190
示范园/2025年荔枝龙眼产业技术体系示范园-海口站（20250827）.doc,4,17,5,95
示范园/2025年荔枝龙眼产业技术体系示范园-海口站（20250827）.doc,4,17,6,95
示范园/2025年荔枝龙眼产业技术体系示范园-海口站（20250827）.doc,4,18,3,B（25-75%）
示范园/2025年荔枝龙眼产业技术体系示范园-海口站（20250827）.doc,4,18,4,10
示范园/2025年荔枝龙眼产业技术体系示范园-海口站（20250827）.doc,4,18,5,5
示范园/2025年荔枝龙眼产业技术体系示范园-海口站（20250827）.doc,4,19,3,C（0-25%）
示范园/2025年荔枝龙眼产业技术体系示范园-海口站（20250827）.doc,4,19,4,0
示范园/2025年荔枝龙眼产业技术体系示范园-海口站（20250827）.doc,4,19,5,0
示范园/2025年荔枝龙眼产业技术体系示范园-海口站（20250827）.doc,4,20,1,鲁宏果园
示范园/2025年荔枝龙眼产业技术体系示范园-海口站（20250827）.doc,4,20,2,妃子笑
示范园/2025年荔枝龙眼产业技术体系示范园-海口站（20250827）.doc,4,20,3,A（75-100%）
示范园/2025年荔枝龙眼产业技术体系示范园-海口站（20250827）.doc,4,20,4,196
示范园/2025年荔枝龙眼产业技术体系示范园-海口站（20250827）.doc,4,20,5,98
示范园/2025年荔枝龙眼产业技术体系示范园-海口站（20250827）.doc,4,20,6,98
示范园/2025年荔枝龙眼产业技术体系示范园-海口站（20250827）.doc,4,21,3,B（25-75%）
示范园/2025年荔枝龙眼产业技术体系示范园-海口站（20250827）.doc,4,21,4,4
示范园/2025年荔枝龙眼产业技术体系示范园-海口站（20250827）.doc,4,21,5,2
示范园/2025年荔枝龙眼产业技术体系示范园-海口站（20250827）.doc,4,22,3,C（0-25%）
示范园/2025年荔枝龙眼产业技术体系示范园-海口站（20250827）.doc,4,22,4,0
示范园/2025年荔枝龙眼产业技术体系示范园-海口站（20250827）.doc,4,22,5,0
示范园/2025年荔枝龙眼产业技术体系示范园-海口站（20250827）.doc,5,1,1,示范园
示范园/2025年荔枝龙眼产业技术体系示范园-海口站（20250827）.doc,5,1,2,植株类别
示范园/2025年荔枝龙眼产业技术体系示范园-海口站（20250827）.doc,5,1,3,株数
示范园/2025年荔枝龙眼产业技术体系示范园-海口站（20250827）.doc,5,1,4,单株产量（公斤）
示范园/2025年荔枝龙眼产业技术体系示范园-海口站（20250827）.doc,5,1,5,单果重（g）
示范园/2025年荔枝龙眼产业技术体系示范园-海口站（20250827）.doc,5,1,6,病虫果率（%）
示范园/2025年荔枝龙眼产业技术体系示范园-海口站（20250827）.doc,5,1,7,平均株产（公斤）
示范园/2025年荔枝龙眼产业技术体系示范园-海口站（20250827）.doc,5,1,8,平均亩产（公斤/亩）
示范园/2025年荔枝龙眼产业技术体系示范园-海口站（20250827）.doc,5,1,9,测产组长及小组成员
示范园/2025年荔枝龙眼产业技术体系示范园-海口站（20250827）.doc,5,2,4,①
示范园/2025年荔枝龙眼产业技术体系示范园-海口站（20250827）.doc,5,2,5,②
示范园/2025年荔枝龙眼产业技术体系示范园-海口站（20250827）.doc,5,2,6,③
示范园/2025年荔枝龙眼产业技术体系示范园-海口站（20250827）.doc,5,3,1,办内果园
示范园/2025年荔枝龙眼产业技术体系示范园-海口站（20250827）.doc,5,3,2,A
示范园/2025年荔枝龙眼产业技术体系示范园-海口站（20250827）.doc,5,3,3,-
示范园/2025年荔枝龙眼产业技术体系示范园-海口站（20250827）.doc,5,3,4,-
示范园/2025年荔枝龙眼产业技术体系示范园-海口站（20250827）.doc,5,3,5,-
示范园/2025年荔枝龙眼产业技术体系示范园-海口站（20250827）.doc,5,3,6,-
示范园/2025年荔枝龙眼产业技术体系示范园-海口站（20250827）.doc,5,3,7,-
示范园/2025年荔枝龙眼产业技术体系示范园-海口站（20250827）.doc,5,3,8,-
示范园/2025年荔枝龙眼产业技术体系示范园-海口站（20250827）.doc,5,3,9,-
示范园/2025年荔枝龙眼产业技术体系示范园-海口站（20250827）.doc,5,3,10,0.00
示范园/2025年荔枝龙眼产业技术体系示范园-海口站（20250827）.doc,5,3,11,
示范园/2025年荔枝龙眼产业技术体系示范园-海口站（20250827）.doc,5,4,2,B
示范园/2025年荔枝龙眼产业技术体系示范园-海口站（20250827）.doc,5,4,3,-
示范园/2025年荔枝龙眼产业技术体系示范园-海口站（20250827）.doc,5,4,4,-
示范园/2025年荔枝龙眼产业技术体系示范园-海口站（20250827）.doc,5,4,5,-
示范园/2025年荔枝龙眼产业技术体系示范园-海口站（20250827）.doc,5,4,6,-
示范园/2025年荔枝龙眼产业技术体系示范园-海口站（20250827）.doc,5,4,7,-
示范园/2025年荔枝龙眼产业技术体系示范园-海口站（20250827）.doc,5,4,8,-
示范园/2025年荔枝龙眼产业技术体系示范园-海口站（20250827）.doc,5,4,9,- 
示范园/2025年荔枝龙眼产业技术体系示范园-海口站（20250827）.doc,5,5,2,C
示范园/2025年荔枝龙眼产业技术体系示范园-海口站（20250827）.doc,5,5,3,-
示范园/2025年荔枝龙眼产业技术体系示范园-海口站（20250827）.doc,5,5,4, -
示范园/2025年荔枝龙眼产业技术体系示范园-海口站（20250827）.doc,5,5,5,- 
示范园/2025年荔枝龙眼产业技术体系示范园-海口站（20250827）.doc,5,5,6,-
示范园/2025年荔枝龙眼产业技术体系示范园-海口站（20250827）.doc,5,5,7,  -
示范园/2025年荔枝龙眼产业技术体系示范园-海口站（20250827）.doc,5,5,8,-
示范园/2025年荔枝龙眼产业技术体系示范园-海口站（20250827）.doc,5,5,9, -
示范园/2025年荔枝龙眼产业技术体系示范园-海口站（20250827）.doc,5,6,1,红明农场
示范园/2025年荔枝龙眼产业技术体系示范园-海口站（20250827）.doc,5,6,2,A
示范园/2025年荔枝龙眼产业技术体系示范园-海口站（20250827）.doc,5,6,3,40
示范园/2025年荔枝龙眼产业技术体系示范园-海口站（20250827）.doc,5,6,4,34.26
示范园/2025年荔枝龙眼产业技术体系示范园-海口站（20250827）.doc,5,6,5,33.54
示范园/2025年荔枝龙眼产业技术体系示范园-海口站（20250827）.doc,5,6,6,32.85
示范园/2025年荔枝龙眼产业技术体系示范园-海口站（20250827）.doc,5,6,7,23.20
示范园/2025年荔枝龙眼产业技术体系示范园-海口站（20250827）.doc,5,6,8,0
示范园/2025年荔枝龙眼产业技术体系示范园-海口站（20250827）.doc,5,6,9,33.55
示范园/2025年荔枝龙眼产业技术体系示范园-海口站（20250827）.doc,5,6,10,450.14
示范园/2025年荔枝龙眼产业技术体系示范园-海口站（20250827）.doc,5,6,11,"组长：王祥和
组员：胡福初、陈哲、陈会华"
示范园/2025年荔枝龙眼产业技术体系示范园-海口站（20250827）.doc,5,7,2,B
示范园/2025年荔枝龙眼产业技术体系示范园-海口站（20250827）.doc,5,7,3,140
示范园/2025年荔枝龙眼产业技术体系示范园-海口站（20250827）.doc,5,7,4,30.69
示范园/2025年荔枝龙眼产业技术体系示范园-海口站（20250827）.doc,5,7,5,32.45
示范园/2025年荔枝龙眼产业技术体系示范园-海口站（20250827）.doc,5,7,6,30.22
示范园/2025年荔枝龙眼产业技术体系示范园-海口站（20250827）.doc,5,7,7,22.74
示范园/2025年荔枝龙眼产业技术体系示范园-海口站（20250827）.doc,5,7,8,0
示范园/2025年荔枝龙眼产业技术体系示范园-海口站（20250827）.doc,5,7,9,31.12 
示范园/2025年荔枝龙眼产业技术体系示范园-海口站（20250827）.doc,5,8,2,C
示范园/2025年荔枝龙眼产业技术体系示范园-海口站（20250827）.doc,5,8,3,20
示范园/2025年荔枝龙眼产业技术体系示范园-海口站（20250827）.doc,5,8,4,33.12
示范园/2025年荔枝龙眼产业技术体系示范园-海口站（20250827）.doc,5,8,5,29.86
示范园/2025年荔枝龙眼产业技术体系示范园-海口站（20250827）.doc,5,8,6,32.36
示范园/2025年荔枝龙眼产业技术体系示范园-海口站（20250827）.doc,5,8,7,24.57
示范园/2025年荔枝龙眼产业技术体系示范园-海口站（20250827）.doc,5,8,8,
示范园/2025年荔枝龙眼产业技术体系示范园-海口站（20250827）.doc,5,8,9,31.78
示范园/2025年荔枝龙眼产业技术体系示范园-海口站（20250827）.doc,5,9,1,永发果园
示范园/2025年荔枝龙眼产业技术体系示范园-海口站（20250827）.doc,5,9,2,A
示范园/2025年荔枝龙眼产业技术体系示范园-海口站（20250827）.doc,5,9,3,150
示范园/2025年荔枝龙眼产业技术体系示范园-海口站（20250827）.doc,5,9,4,24.14
示范园/2025年荔枝龙眼产业技术体系示范园-海口站（20250827）.doc,5,9,5,19.97
示范园/2025年荔枝龙眼产业技术体系示范园-海口站（20250827）.doc,5,9,6,23.03
示范园/2025年荔枝龙眼产业技术体系示范园-海口站（20250827）.doc,5,9,7,21.40
示范园/2025年荔枝龙眼产业技术体系示范园-海口站（20250827）.doc,5,9,8,3
示范园/2025年荔枝龙眼产业技术体系示范园-海口站（20250827）.doc,5,9,9,23.14
示范园/2025年荔枝龙眼产业技术体系示范园-海口站（20250827）.doc,5,9,10,620.49
示范园/2025年荔枝龙眼产业技术体系示范园-海口站（20250827）.doc,5,9,11,"组长：王祥和
组员：胡福初、陈哲、洪世聪"
示范园/2025年荔枝龙眼产业技术体系示范园-海口站（20250827）.doc,5,10,2,B
示范园/2025年荔枝龙眼产业技术体系示范园-海口站（20250827）.doc,5,10,3,50
示范园/2025年荔枝龙眼产业技术体系示范园-海口站（20250827）.doc,5,10,4,19.34
示范园/2025年荔枝龙眼产业技术体系示范园-海口站（20250827）.doc,5,10,5,23.88
示范园/2025年荔枝龙眼产业技术体系示范园-海口站（20250827）.doc,5,10,6,23.65
示范园/2025年荔枝龙眼产业技术体系示范园-海口站（20250827）.doc,5,10,7,21.35 
示范园/2025年荔枝龙眼产业技术体系示范园-海口站（20250827）.doc,5,10,8,1
示范园/2025年荔枝龙眼产业技术体系示范园-海口站（20250827）.doc,5,10,9,21.18
示范园/2025年荔枝龙眼产业技术体系示范园-海口站（20250827）.doc,5,11,2,C
示范园/2025年荔枝龙眼产业技术体系示范园-海口站（20250827）.doc,5,11,3,-
示范园/2025年荔枝龙眼产业技术体系示范园-海口站（20250827）.doc,5,11,4,-
示范园/2025年荔枝龙眼产业技术体系示范园-海口站（20250827）.doc,5,11,5,-
示范园/2025年荔枝龙眼产业技术体系示范园-海口站（20250827）.doc,5,11,6,-
示范园/2025年荔枝龙眼产业技术体系示范园-海口站（20250827）.doc,5,11,7,-
示范园/2025年荔枝龙眼产业技术体系示范园-海口站（20250827）.doc,5,11,8,-
示范园/2025年荔枝龙眼产业技术体系示范园-海口站（20250827）.doc,5,11,9,-
示范园/2025年荔枝龙眼产业技术体系示范园-海口站（20250827）.doc,5,12,1,龙元果园
示范园/2025年荔枝龙眼产业技术体系示范园-海口站（20250827）.doc,5,12,2,A
示范园/2025年荔枝龙眼产业技术体系示范园-海口站（20250827）.doc,5,12,3,132
示范园/2025年荔枝龙眼产业技术体系示范园-海口站（20250827）.doc,5,12,4,30.74
示范园/2025年荔枝龙眼产业技术体系示范园-海口站（20250827）.doc,5,12,5,28.54
示范园/2025年荔枝龙眼产业技术体系示范园-海口站（20250827）.doc,5,12,6,26.94
示范园/2025年荔枝龙眼产业技术体系示范园-海口站（20250827）.doc,5,12,7,21.37
示范园/2025年荔枝龙眼产业技术体系示范园-海口站（20250827）.doc,5,12,8,0
示范园/2025年荔枝龙眼产业技术体系示范园-海口站（20250827）.doc,5,12,9, 28.74
示范园/2025年荔枝龙眼产业技术体系示范园-海口站（20250827）.doc,5,12,10,1005.00
示范园/2025年荔枝龙眼产业技术体系示范园-海口站（20250827）.doc,5,12,11,"组长：王祥和
组员：黄龙腾、周文静、陈丁"
示范园/2025年荔枝龙眼产业技术体系示范园-海口站（20250827）.doc,5,13,2,B
示范园/2025年荔枝龙眼产业技术体系示范园-海口站（20250827）.doc,5,13,3,68
示范园/2025年荔枝龙眼产业技术体系示范园-海口站（20250827）.doc,5,13,4,23.65
示范园/2025年荔枝龙眼产业技术体系示范园-海口站（20250827）.doc,5,13,5,26.93
示范园/2025年荔枝龙眼产业技术体系示范园-海口站（20250827）.doc,5,13,6,26.16
示范园/2025年荔枝龙眼产业技术体系示范园-海口站（20250827）.doc,5,13,7,21.64
示范园/2025年荔枝龙眼产业技术体系示范园-海口站（20250827）.doc,5,13,8,0
示范园/2025年荔枝龙眼产业技术体系示范园-海口站（20250827）.doc,5,13,9, 25.58
示范园/2025年荔枝龙眼产业技术体系示范园-海口站（20250827）.doc,5,14,2,C
示范园/2025年荔枝龙眼产业技术体系示范园-海口站（20250827）.doc,5,14,3,-
示范园/2025年荔枝龙眼产业技术体系示范园-海口站（20250827）.doc,5,14,4,-
示范园/2025年荔枝龙眼产业技术体系示范园-海口站（20250827）.doc,5,14,5, -
示范园/2025年荔枝龙眼产业技术体系示范园-海口站（20250827）.doc,5,14,6,-
示范园/2025年荔枝龙眼产业技术体系示范园-海口站（20250827）.doc,5,14,7,- 
示范园/2025年荔枝龙眼产业技术体系示范园-海口站（20250827）.doc,5,14,8,-
示范园/2025年荔枝龙眼产业技术体系示范园-海口站（20250827）.doc,5,14,9,- 
示范园/2025年荔枝龙眼产业技术体系示范园-海口站（20250827）.doc,5,15,1,世武果园
示范园/2025年荔枝龙眼产业技术体系示范园-海口站（20250827）.doc,5,15,2,A
示范园/2025年荔枝龙眼产业技术体系示范园-海口站（20250827）.doc,5,15,3,190
示范园/2025年荔枝龙眼产业技术体系示范园-海口站（20250827）.doc,5,15,4,36.32
示范园/2025年荔枝龙眼产业技术体系示范园-海口站（20250827）.doc,5,15,5,37.43
示范园/2025年荔枝龙眼产业技术体系示范园-海口站（20250827）.doc,5,15,6,37.19
示范园/2025年荔枝龙眼产业技术体系示范园-海口站（20250827）.doc,5,15,7,26.70
示范园/2025年荔枝龙眼产业技术体系示范园-海口站（20250827）.doc,5,15,8,0
示范园/2025年荔枝龙眼产业技术体系示范园-海口站（20250827）.doc,5,15,9, 36.98
示范园/2025年荔枝龙眼产业技术体系示范园-海口站（20250827）.doc,5,15,10,1206.90 
示范园/2025年荔枝龙眼产业技术体系示范园-海口站（20250827）.doc,5,15,11,"组长：王祥和
组员：胡福初、严婷婷、李世武"
示范园/2025年荔枝龙眼产业技术体系示范园-海口站（20250827）.doc,5,16,2,B
示范园/2025年荔枝龙眼产业技术体系示范园-海口站（20250827）.doc,5,16,3,10
示范园/2025年荔枝龙眼产业技术体系示范园-海口站（20250827）.doc,5,16,4,37.08
示范园/2025年荔枝龙眼产业技术体系示范园-海口站（20250827）.doc,5,16,5,36.42
示范园/2025年荔枝龙眼产业技术体系示范园-海口站（20250827）.doc,5,16,6,34.98
示范园/2025年荔枝龙眼产业技术体系示范园-海口站（20250827）.doc,5,16,7,25.55
示范园/2025年荔枝龙眼产业技术体系示范园-海口站（20250827）.doc,5,16,8,0
示范园/2025年荔枝龙眼产业技术体系示范园-海口站（20250827）.doc,5,16,9, 36.16 
示范园/2025年荔枝龙眼产业技术体系示范园-海口站（20250827）.doc,5,17,2,C
示范园/2025年荔枝龙眼产业技术体系示范园-海口站（20250827）.doc,5,17,3,-
示范园/2025年荔枝龙眼产业技术体系示范园-海口站（20250827）.doc,5,17,4,-
示范园/2025年荔枝龙眼产业技术体系示范园-海口站（20250827）.doc,5,17,5,-
示范园/2025年荔枝龙眼产业技术体系示范园-海口站（20250827）.doc,5,17,6,-
示范园/2025年荔枝龙眼产业技术体系示范园-海口站（20250827）.doc,5,17,7,- 
示范园/2025年荔枝龙眼产业技术体系示范园-海口站（20250827）.doc,5,17,8,-
示范园/2025年荔枝龙眼产业技术体系示范园-海口站（20250827）.doc,5,17,9, -
示范园/2025年荔枝龙眼产业技术体系示范园-海口站（20250827）.doc,5,18,1,鲁宏果园
示范园/2025年荔枝龙眼产业技术体系示范园-海口站（20250827）.doc,5,18,2,A
示范园/2025年荔枝龙眼产业技术体系示范园-海口站（20250827）.doc,5,18,3,170
示范园/2025年荔枝龙眼产业技术体系示范园-海口站（20250827）.doc,5,18,4,70.63
示范园/2025年荔枝龙眼产业技术体系示范园-海口站（20250827）.doc,5,18,5,69.35
示范园/2025年荔枝龙眼产业技术体系示范园-海口站（20250827）.doc,5,18,6,75.3
示范园/2025年荔枝龙眼产业技术体系示范园-海口站（20250827）.doc,5,18,7,23.43
示范园/2025年荔枝龙眼产业技术体系示范园-海口站（20250827）.doc,5,18,8,0
示范园/2025年荔枝龙眼产业技术体系示范园-海口站（20250827）.doc,5,18,9,71.76
示范园/2025年荔枝龙眼产业技术体系示范园-海口站（20250827）.doc,5,18,10,1205.88
示范园/2025年荔枝龙眼产业技术体系示范园-海口站（20250827）.doc,5,18,11,"组长：王祥和
组员：胡福初、张留才"
示范园/2025年荔枝龙眼产业技术体系示范园-海口站（20250827）.doc,5,19,2,B
示范园/2025年荔枝龙眼产业技术体系示范园-海口站（20250827）.doc,5,19,3,30
示范园/2025年荔枝龙眼产业技术体系示范园-海口站（20250827）.doc,5,19,4,69.87
示范园/2025年荔枝龙眼产业技术体系示范园-海口站（20250827）.doc,5,19,5,72.14
示范园/2025年荔枝龙眼产业技术体系示范园-海口站（20250827）.doc,5,19,6,68.29
示范园/2025年荔枝龙眼产业技术体系示范园-海口站（20250827）.doc,5,19,7,24.65
示范园/2025年荔枝龙眼产业技术体系示范园-海口站（20250827）.doc,5,19,8,0
示范园/2025年荔枝龙眼产业技术体系示范园-海口站（20250827）.doc,5,19,9,70.10
示范园/2025年荔枝龙眼产业技术体系示范园-海口站（20250827）.doc,5,20,2,C
示范园/2025年荔枝龙眼产业技术体系示范园-海口站（20250827）.doc,5,20,3,-
示范园/2025年荔枝龙眼产业技术体系示范园-海口站（20250827）.doc,5,20,4,-
示范园/2025年荔枝龙眼产业技术体系示范园-海口站（20250827）.doc,5,20,5,-
示范园/2025年荔枝龙眼产业技术体系示范园-海口站（20250827）.doc,5,20,6,-
示范园/2025年荔枝龙眼产业技术体系示范园-海口站（20250827）.doc,5,20,7, -
示范园/2025年荔枝龙眼产业技术体系示范园-海口站（20250827）.doc,5,20,8,-
示范园/2025年荔枝龙眼产业技术体系示范园-海口站（20250827）.doc,5,20,9,-
示范园/2025年荔枝龙眼产业技术体系示范园-海口站（20250827）.doc,6,1,1,示范园
示范园/2025年荔枝龙眼产业技术体系示范园-海口站（20250827）.doc,6,1,2,土地费用
示范园/2025年荔枝龙眼产业技术体系示范园-海口站（20250827）.doc,6,1,3,肥料费用
示范园/2025年荔枝龙眼产业技术体系示范园-海口站（20250827）.doc,6,1,4,农药费用
示范园/2025年荔枝龙眼产业技术体系示范园-海口站（20250827）.doc,6,1,5,固定资产折旧
示范园/2025年荔枝龙眼产业技术体系示范园-海口站（20250827）.doc,6,1,6,劳动投入
示范园/2025年荔枝龙眼产业技术体系示范园-海口站（20250827）.doc,6,1,7,亩投入
示范园/2025年荔枝龙眼产业技术体系示范园-海口站（20250827）.doc,6,1,8,亩产出
示范园/2025年荔枝龙眼产业技术体系示范园-海口站（20250827）.doc,6,1,9,亩利润
示范园/2025年荔枝龙眼产业技术体系示范园-海口站（20250827）.doc,6,2,2,租金
示范园/2025年荔枝龙眼产业技术体系示范园-海口站（20250827）.doc,6,2,3,自营地折价
示范园/2025年荔枝龙眼产业技术体系示范园-海口站（20250827）.doc,6,2,4,化肥
示范园/2025年荔枝龙眼产业技术体系示范园-海口站（20250827）.doc,6,2,5,有机肥
示范园/2025年荔枝龙眼产业技术体系示范园-海口站（20250827）.doc,6,2,8,亩用工
示范园/2025年荔枝龙眼产业技术体系示范园-海口站（20250827）.doc,6,2,9,日工价
示范园/2025年荔枝龙眼产业技术体系示范园-海口站（20250827）.doc,6,2,10,劳动力投入
示范园/2025年荔枝龙眼产业技术体系示范园-海口站（20250827）.doc,6,2,11,示范园投入
示范园/2025年荔枝龙眼产业技术体系示范园-海口站（20250827）.doc,6,2,12,当地平均投入
示范园/2025年荔枝龙眼产业技术体系示范园-海口站（20250827）.doc,6,2,13,示范园产出
示范园/2025年荔枝龙眼产业技术体系示范园-海口站（20250827）.doc,6,2,14,当地平均产出
示范园/2025年荔枝龙眼产业技术体系示范园-海口站（20250827）.doc,6,2,15,示范园亩利润
示范园/2025年荔枝龙眼产业技术体系示范园-海口站（20250827）.doc,6,2,16,当地平均利润
示范园/2025年荔枝龙眼产业技术体系示范园-海口站（20250827）.doc,6,3,1,办内果园
示范园/2025年荔枝龙眼产业技术体系示范园-海口站（20250827）.doc,6,3,2,0
示范园/2025年荔枝龙眼产业技术体系示范园-海口站（20250827）.doc,6,3,3,800
示范园/2025年荔枝龙眼产业技术体系示范园-海口站（20250827）.doc,6,3,4,380
示范园/2025年荔枝龙眼产业技术体系示范园-海口站（20250827）.doc,6,3,5,280
示范园/2025年荔枝龙眼产业技术体系示范园-海口站（20250827）.doc,6,3,6,290
示范园/2025年荔枝龙眼产业技术体系示范园-海口站（20250827）.doc,6,3,7,10
示范园/2025年荔枝龙眼产业技术体系示范园-海口站（20250827）.doc,6,3,8,5
示范园/2025年荔枝龙眼产业技术体系示范园-海口站（20250827）.doc,6,3,9,120
示范园/2025年荔枝龙眼产业技术体系示范园-海口站（20250827）.doc,6,3,10,600
示范园/2025年荔枝龙眼产业技术体系示范园-海口站（20250827）.doc,6,3,11,-
示范园/2025年荔枝龙眼产业技术体系示范园-海口站（20250827）.doc,6,3,12,-
示范园/2025年荔枝龙眼产业技术体系示范园-海口站（20250827）.doc,6,3,13,-
示范园/2025年荔枝龙眼产业技术体系示范园-海口站（20250827）.doc,6,3,14,-
示范园/2025年荔枝龙眼产业技术体系示范园-海口站（20250827）.doc,6,3,15,-1970
示范园/2025年荔枝龙眼产业技术体系示范园-海口站（20250827）.doc,6,3,16,- 
示范园/2025年荔枝龙眼产业技术体系示范园-海口站（20250827）.doc,6,4,1,会华果园
示范园/2025年荔枝龙眼产业技术体系示范园-海口站（20250827）.doc,6,4,2,2000
示范园/2025年荔枝龙眼产业技术体系示范园-海口站（20250827）.doc,6,4,3,0
示范园/2025年荔枝龙眼产业技术体系示范园-海口站（20250827）.doc,6,4,4,250
示范园/2025年荔枝龙眼产业技术体系示范园-海口站（20250827）.doc,6,4,5,0
示范园/2025年荔枝龙眼产业技术体系示范园-海口站（20250827）.doc,6,4,6,800
示范园/2025年荔枝龙眼产业技术体系示范园-海口站（20250827）.doc,6,4,7,50
示范园/2025年荔枝龙眼产业技术体系示范园-海口站（20250827）.doc,6,4,8,10
示范园/2025年荔枝龙眼产业技术体系示范园-海口站（20250827）.doc,6,4,9,150
示范园/2025年荔枝龙眼产业技术体系示范园-海口站（20250827）.doc,6,4,10,1500
示范园/2025年荔枝龙眼产业技术体系示范园-海口站（20250827）.doc,6,4,11,4550
示范园/2025年荔枝龙眼产业技术体系示范园-海口站（20250827）.doc,6,4,12,3500
示范园/2025年荔枝龙眼产业技术体系示范园-海口站（20250827）.doc,6,4,13,3200 
示范园/2025年荔枝龙眼产业技术体系示范园-海口站（20250827）.doc,6,4,14,2000
示范园/2025年荔枝龙眼产业技术体系示范园-海口站（20250827）.doc,6,4,15,-1350
示范园/2025年荔枝龙眼产业技术体系示范园-海口站（20250827）.doc,6,4,16,-1500 
示范园/2025年荔枝龙眼产业技术体系示范园-海口站（20250827）.doc,6,5,1,永发果园
示范园/2025年荔枝龙眼产业技术体系示范园-海口站（20250827）.doc,6,5,2,0
示范园/2025年荔枝龙眼产业技术体系示范园-海口站（20250827）.doc,6,5,3,650
示范园/2025年荔枝龙眼产业技术体系示范园-海口站（20250827）.doc,6,5,4,668
示范园/2025年荔枝龙眼产业技术体系示范园-海口站（20250827）.doc,6,5,5,980
示范园/2025年荔枝龙眼产业技术体系示范园-海口站（20250827）.doc,6,5,6,900
示范园/2025年荔枝龙眼产业技术体系示范园-海口站（20250827）.doc,6,5,7,300
示范园/2025年荔枝龙眼产业技术体系示范园-海口站（20250827）.doc,6,5,8,16
示范园/2025年荔枝龙眼产业技术体系示范园-海口站（20250827）.doc,6,5,9,130
示范园/2025年荔枝龙眼产业技术体系示范园-海口站（20250827）.doc,6,5,10,2080
示范园/2025年荔枝龙眼产业技术体系示范园-海口站（20250827）.doc,6,5,11,5658
示范园/2025年荔枝龙眼产业技术体系示范园-海口站（20250827）.doc,6,5,12,5500
示范园/2025年荔枝龙眼产业技术体系示范园-海口站（20250827）.doc,6,5,13,6158
示范园/2025年荔枝龙眼产业技术体系示范园-海口站（20250827）.doc,6,5,14,5500
示范园/2025年荔枝龙眼产业技术体系示范园-海口站（20250827）.doc,6,5,15,500
示范园/2025年荔枝龙眼产业技术体系示范园-海口站（20250827）.doc,6,5,16,0 
示范园/2025年荔枝龙眼产业技术体系示范园-海口站（20250827）.doc,6,6,1,龙元果园
示范园/2025年荔枝龙眼产业技术体系示范园-海口站（20250827）.doc,6,6,2,2000
示范园/2025年荔枝龙眼产业技术体系示范园-海口站（20250827）.doc,6,6,3,0
示范园/2025年荔枝龙眼产业技术体系示范园-海口站（20250827）.doc,6,6,4,2000
示范园/2025年荔枝龙眼产业技术体系示范园-海口站（20250827）.doc,6,6,5,0
示范园/2025年荔枝龙眼产业技术体系示范园-海口站（20250827）.doc,6,6,6,1200
示范园/2025年荔枝龙眼产业技术体系示范园-海口站（20250827）.doc,6,6,7,150
示范园/2025年荔枝龙眼产业技术体系示范园-海口站（20250827）.doc,6,6,8,5
示范园/2025年荔枝龙眼产业技术体系示范园-海口站（20250827）.doc,6,6,9,30
示范园/2025年荔枝龙眼产业技术体系示范园-海口站（20250827）.doc,6,6,10,1500
示范园/2025年荔枝龙眼产业技术体系示范园-海口站（20250827）.doc,6,6,11,6850
示范园/2025年荔枝龙眼产业技术体系示范园-海口站（20250827）.doc,6,6,12,5200
示范园/2025年荔枝龙眼产业技术体系示范园-海口站（20250827）.doc,6,6,13,9400
示范园/2025年荔枝龙眼产业技术体系示范园-海口站（20250827）.doc,6,6,14,6500
示范园/2025年荔枝龙眼产业技术体系示范园-海口站（20250827）.doc,6,6,15,2550 
示范园/2025年荔枝龙眼产业技术体系示范园-海口站（20250827）.doc,6,6,16,1300 
示范园/2025年荔枝龙眼产业技术体系示范园-海口站（20250827）.doc,6,7,1,世武果园
示范园/2025年荔枝龙眼产业技术体系示范园-海口站（20250827）.doc,6,7,2,0
示范园/2025年荔枝龙眼产业技术体系示范园-海口站（20250827）.doc,6,7,3,200
示范园/2025年荔枝龙眼产业技术体系示范园-海口站（20250827）.doc,6,7,4,967
示范园/2025年荔枝龙眼产业技术体系示范园-海口站（20250827）.doc,6,7,5,0
示范园/2025年荔枝龙眼产业技术体系示范园-海口站（20250827）.doc,6,7,6,556
示范园/2025年荔枝龙眼产业技术体系示范园-海口站（20250827）.doc,6,7,7,100
示范园/2025年荔枝龙眼产业技术体系示范园-海口站（20250827）.doc,6,7,8,12
示范园/2025年荔枝龙眼产业技术体系示范园-海口站（20250827）.doc,6,7,9,160
示范园/2025年荔枝龙眼产业技术体系示范园-海口站（20250827）.doc,6,7,10,1353
示范园/2025年荔枝龙眼产业技术体系示范园-海口站（20250827）.doc,6,7,11,3076
示范园/2025年荔枝龙眼产业技术体系示范园-海口站（20250827）.doc,6,7,12,5400
示范园/2025年荔枝龙眼产业技术体系示范园-海口站（20250827）.doc,6,7,13,20625
示范园/2025年荔枝龙眼产业技术体系示范园-海口站（20250827）.doc,6,7,14,8000
示范园/2025年荔枝龙眼产业技术体系示范园-海口站（20250827）.doc,6,7,15,17549
示范园/2025年荔枝龙眼产业技术体系示范园-海口站（20250827）.doc,6,7,16,4800 
示范园/2025年荔枝龙眼产业技术体系示范园-海口站（20250827）.doc,6,8,1,鲁宏果园
示范园/2025年荔枝龙眼产业技术体系示范园-海口站（20250827）.doc,6,8,2,2222
示范园/2025年荔枝龙眼产业技术体系示范园-海口站（20250827）.doc,6,8,3,0
示范园/2025年荔枝龙眼产业技术体系示范园-海口站（20250827）.doc,6,8,4,437
示范园/2025年荔枝龙眼产业技术体系示范园-海口站（20250827）.doc,6,8,5,695
示范园/2025年荔枝龙眼产业技术体系示范园-海口站（20250827）.doc,6,8,6,2154
示范园/2025年荔枝龙眼产业技术体系示范园-海口站（20250827）.doc,6,8,7,300
示范园/2025年荔枝龙眼产业技术体系示范园-海口站（20250827）.doc,6,8,8,10
示范园/2025年荔枝龙眼产业技术体系示范园-海口站（20250827）.doc,6,8,9,200
示范园/2025年荔枝龙眼产业技术体系示范园-海口站（20250827）.doc,6,8,10,2000
示范园/2025年荔枝龙眼产业技术体系示范园-海口站（20250827）.doc,6,8,11,5586
示范园/2025年荔枝龙眼产业技术体系示范园-海口站（20250827）.doc,6,8,12,5000
示范园/2025年荔枝龙眼产业技术体系示范园-海口站（20250827）.doc,6,8,13,18800 
示范园/2025年荔枝龙眼产业技术体系示范园-海口站（20250827）.doc,6,8,14,15000
示范园/2025年荔枝龙眼产业技术体系示范园-海口站（20250827）.doc,6,8,15,13214 
示范园/2025年荔枝龙眼产业技术体系示范园-海口站（20250827）.doc,6,8,16,10000
示范园/2026年荔枝龙眼产业技术体系示范园-海口站（20260825）.doc,1,1,1,"示范果园
（编号）"
示范园/2026年荔枝龙眼产业技术体系示范园-海口站（20260825）.doc,1,1,2,面积（亩）
示范园/2026年荔枝龙眼产业技术体系示范园-海口站（20260825）.doc,1,1,3,种植年份
示范园/2026年荔枝龙眼产业技术体系示范园-海口站（20260825）.doc,1,1,4,改造年份
示范园/2026年荔枝龙眼产业技术体系示范园-海口站（20260825）.doc,1,1,5,品种
示范园/2026年荔枝龙眼产业技术体系示范园-海口站（20260825）.doc,1,1,6,株数
示范园/2026年荔枝龙眼产业技术体系示范园-海口站（20260825）.doc,1,1,7,株距×行距（m）
示范园/2026年荔枝龙眼产业技术体系示范园-海口站（20260825）.doc,1,1,8,农场主
示范园/2026年荔枝龙眼产业技术体系示范园-海口站（20260825）.doc,1,1,9,经纬度
示范园/2026年荔枝龙眼产业技术体系示范园-海口站（20260825）.doc,1,2,1,"办内果园
CARS-33-46-01"
示范园/2026年荔枝龙眼产业技术体系示范园-海口站（20260825）.doc,1,2,2,80
示范园/2026年荔枝龙眼产业技术体系示范园-海口站（20260825）.doc,1,2,3,2002年
示范园/2026年荔枝龙眼产业技术体系示范园-海口站（20260825）.doc,1,2,4,每年回缩修剪
示范园/2026年荔枝龙眼产业技术体系示范园-海口站（20260825）.doc,1,2,5,妃子笑
示范园/2026年荔枝龙眼产业技术体系示范园-海口站（20260825）.doc,1,2,6,4000
示范园/2026年荔枝龙眼产业技术体系示范园-海口站（20260825）.doc,1,2,7,4×5
示范园/2026年荔枝龙眼产业技术体系示范园-海口站（20260825）.doc,1,2,8,周永岛
示范园/2026年荔枝龙眼产业技术体系示范园-海口站（20260825）.doc,1,2,9,"N 19° 53' 57.63""
E 110° 29' 58.18"""
示范园/2026年荔枝龙眼产业技术体系示范园-海口站（20260825）.doc,1,3,1,"红明农场
CARS-33-46-02"
示范园/2026年荔枝龙眼产业技术体系示范园-海口站（20260825）.doc,1,3,2,70
示范园/2026年荔枝龙眼产业技术体系示范园-海口站（20260825）.doc,1,3,3,2000年
示范园/2026年荔枝龙眼产业技术体系示范园-海口站（20260825）.doc,1,3,4,"2010间伐
"
示范园/2026年荔枝龙眼产业技术体系示范园-海口站（20260825）.doc,1,3,5,白糖罂
示范园/2026年荔枝龙眼产业技术体系示范园-海口站（20260825）.doc,1,3,6,970
示范园/2026年荔枝龙眼产业技术体系示范园-海口站（20260825）.doc,1,3,7,6×8
示范园/2026年荔枝龙眼产业技术体系示范园-海口站（20260825）.doc,1,3,8,陈会华
示范园/2026年荔枝龙眼产业技术体系示范园-海口站（20260825）.doc,1,3,9,"N 19° 41' 54.98""
E 110° 34' 49.95"""
示范园/2026年荔枝龙眼产业技术体系示范园-海口站（20260825）.doc,1,4,1,"永发果园
CARS-33-46-03"
示范园/2026年荔枝龙眼产业技术体系示范园-海口站（20260825）.doc,1,4,2,25
示范园/2026年荔枝龙眼产业技术体系示范园-海口站（20260825）.doc,1,4,3,1995年
示范园/2026年荔枝龙眼产业技术体系示范园-海口站（20260825）.doc,1,4,4,"2013间伐
每年回缩修剪"
示范园/2026年荔枝龙眼产业技术体系示范园-海口站（20260825）.doc,1,4,5,妃子笑
示范园/2026年荔枝龙眼产业技术体系示范园-海口站（20260825）.doc,1,4,6,550
示范园/2026年荔枝龙眼产业技术体系示范园-海口站（20260825）.doc,1,4,7,4×6
示范园/2026年荔枝龙眼产业技术体系示范园-海口站（20260825）.doc,1,4,8,洪世聪
示范园/2026年荔枝龙眼产业技术体系示范园-海口站（20260825）.doc,1,4,9,"N 19° 45' 30.91""
E 110° 12' 13.96"""
示范园/2026年荔枝龙眼产业技术体系示范园-海口站（20260825）.doc,1,5,1,"龙元果园
CARS-33-46-04"
示范园/2026年荔枝龙眼产业技术体系示范园-海口站（20260825）.doc,1,5,2,200
示范园/2026年荔枝龙眼产业技术体系示范园-海口站（20260825）.doc,1,5,3,2002年
示范园/2026年荔枝龙眼产业技术体系示范园-海口站（20260825）.doc,1,5,4,"2019重回缩
隔年采取开天窗"
示范园/2026年荔枝龙眼产业技术体系示范园-海口站（20260825）.doc,1,5,5,妃子笑
示范园/2026年荔枝龙眼产业技术体系示范园-海口站（20260825）.doc,1,5,6,7400
示范园/2026年荔枝龙眼产业技术体系示范园-海口站（20260825）.doc,1,5,7,4×4.5
示范园/2026年荔枝龙眼产业技术体系示范园-海口站（20260825）.doc,1,5,8,黄龙腾
示范园/2026年荔枝龙眼产业技术体系示范园-海口站（20260825）.doc,1,5,9,"N 19° 27′ 11.83""
E 110° 19' 42.84"""
示范园/2026年荔枝龙眼产业技术体系示范园-海口站（20260825）.doc,1,6,1,"世武果园
CARS-33-46-05"
示范园/2026年荔枝龙眼产业技术体系示范园-海口站（20260825）.doc,1,6,2,30
示范园/2026年荔枝龙眼产业技术体系示范园-海口站（20260825）.doc,1,6,3,2001年
示范园/2026年荔枝龙眼产业技术体系示范园-海口站（20260825）.doc,1,6,4,每年回缩修剪
示范园/2026年荔枝龙眼产业技术体系示范园-海口站（20260825）.doc,1,6,5,妃子笑
示范园/2026年荔枝龙眼产业技术体系示范园-海口站（20260825）.doc,1,6,6,990
示范园/2026年荔枝龙眼产业技术体系示范园-海口站（20260825）.doc,1,6,7,4×5
示范园/2026年荔枝龙眼产业技术体系示范园-海口站（20260825）.doc,1,6,8,李世武
示范园/2026年荔枝龙眼产业技术体系示范园-海口站（20260825）.doc,1,6,9,"N 19° 10' 27.53""
E 110° 26' 54.70"""
示范园/2026年荔枝龙眼产业技术体系示范园-海口站（20260825）.doc,1,7,1,"鲁宏果园
CARS-33-46-06"
示范园/2026年荔枝龙眼产业技术体系示范园-海口站（20260825）.doc,1,7,2,300
示范园/2026年荔枝龙眼产业技术体系示范园-海口站（20260825）.doc,1,7,3,1999年
示范园/2026年荔枝龙眼产业技术体系示范园-海口站（20260825）.doc,1,7,4,"2012间伐
隔年采取开天窗"
示范园/2026年荔枝龙眼产业技术体系示范园-海口站（20260825）.doc,1,7,5,妃子笑
示范园/2026年荔枝龙眼产业技术体系示范园-海口站（20260825）.doc,1,7,6,5000
示范园/2026年荔枝龙眼产业技术体系示范园-海口站（20260825）.doc,1,7,7,5×8
示范园/2026年荔枝龙眼产业技术体系示范园-海口站（20260825）.doc,1,7,8,周军峰
示范园/2026年荔枝龙眼产业技术体系示范园-海口站（20260825）.doc,1,7,9,"N18° 36' 34.77""
E109° 56' 32.26"""
示范园/2026年荔枝龙眼产业技术体系示范园-海口站（20260825）.doc,2,1,1,示范果园
示范园/2026年荔枝龙眼产业技术体系示范园-海口站（20260825）.doc,2,1,2,果园坡度（°）
示范园/2026年荔枝龙眼产业技术体系示范园-海口站（20260825）.doc,2,1,3,土壤类型
示范园/2026年荔枝龙眼产业技术体系示范园-海口站（20260825）.doc,2,1,4,灌溉方式
示范园/2026年荔枝龙眼产业技术体系示范园-海口站（20260825）.doc,2,1,5,年份
示范园/2026年荔枝龙眼产业技术体系示范园-海口站（20260825）.doc,2,1,6,"株产
（公斤）"
示范园/2026年荔枝龙眼产业技术体系示范园-海口站（20260825）.doc,2,1,7,"售价
（元/公斤）"
示范园/2026年荔枝龙眼产业技术体系示范园-海口站（20260825）.doc,2,1,8,成花率（%）
示范园/2026年荔枝龙眼产业技术体系示范园-海口站（20260825）.doc,2,1,9,"收益
（万元）"
示范园/2026年荔枝龙眼产业技术体系示范园-海口站（20260825）.doc,2,2,1,办内果园
示范园/2026年荔枝龙眼产业技术体系示范园-海口站（20260825）.doc,2,2,2,0～5
示范园/2026年荔枝龙眼产业技术体系示范园-海口站（20260825）.doc,2,2,3,红壤土
示范园/2026年荔枝龙眼产业技术体系示范园-海口站（20260825）.doc,2,2,4,微喷灌
示范园/2026年荔枝龙眼产业技术体系示范园-海口站（20260825）.doc,2,2,5,2022
示范园/2026年荔枝龙眼产业技术体系示范园-海口站（20260825）.doc,2,2,6,30.00
示范园/2026年荔枝龙眼产业技术体系示范园-海口站（20260825）.doc,2,2,7,12.6
示范园/2026年荔枝龙眼产业技术体系示范园-海口站（20260825）.doc,2,2,8,100
示范园/2026年荔枝龙眼产业技术体系示范园-海口站（20260825）.doc,2,2,9,90.60
示范园/2026年荔枝龙眼产业技术体系示范园-海口站（20260825）.doc,2,3,5,2023
示范园/2026年荔枝龙眼产业技术体系示范园-海口站（20260825）.doc,2,3,6,32.15
示范园/2026年荔枝龙眼产业技术体系示范园-海口站（20260825）.doc,2,3,7,9.60
示范园/2026年荔枝龙眼产业技术体系示范园-海口站（20260825）.doc,2,3,8,100
示范园/2026年荔枝龙眼产业技术体系示范园-海口站（20260825）.doc,2,3,9,40.60
示范园/2026年荔枝龙眼产业技术体系示范园-海口站（20260825）.doc,2,4,5,2024
示范园/2026年荔枝龙眼产业技术体系示范园-海口站（20260825）.doc,2,4,6,21.78
示范园/2026年荔枝龙眼产业技术体系示范园-海口站（20260825）.doc,2,4,7,12.2
示范园/2026年荔枝龙眼产业技术体系示范园-海口站（20260825）.doc,2,4,8,90
示范园/2026年荔枝龙眼产业技术体系示范园-海口站（20260825）.doc,2,4,9,35.15
示范园/2026年荔枝龙眼产业技术体系示范园-海口站（20260825）.doc,2,5,5,2025
示范园/2026年荔枝龙眼产业技术体系示范园-海口站（20260825）.doc,2,5,6,0
示范园/2026年荔枝龙眼产业技术体系示范园-海口站（20260825）.doc,2,5,7,0
示范园/2026年荔枝龙眼产业技术体系示范园-海口站（20260825）.doc,2,5,8,60
示范园/2026年荔枝龙眼产业技术体系示范园-海口站（20260825）.doc,2,5,9,-15.76
示范园/2026年荔枝龙眼产业技术体系示范园-海口站（20260825）.doc,2,6,5,2026
示范园/2026年荔枝龙眼产业技术体系示范园-海口站（20260825）.doc,2,6,6,37.88
示范园/2026年荔枝龙眼产业技术体系示范园-海口站（20260825）.doc,2,6,7,11.00
示范园/2026年荔枝龙眼产业技术体系示范园-海口站（20260825）.doc,2,6,8,90
示范园/2026年荔枝龙眼产业技术体系示范园-海口站（20260825）.doc,2,6,9,62.00
示范园/2026年荔枝龙眼产业技术体系示范园-海口站（20260825）.doc,2,7,1,红明农场
示范园/2026年荔枝龙眼产业技术体系示范园-海口站（20260825）.doc,2,7,2,15～30
示范园/2026年荔枝龙眼产业技术体系示范园-海口站（20260825）.doc,2,7,3,红壤土
示范园/2026年荔枝龙眼产业技术体系示范园-海口站（20260825）.doc,2,7,4,管道淋灌
示范园/2026年荔枝龙眼产业技术体系示范园-海口站（20260825）.doc,2,7,5,2022
示范园/2026年荔枝龙眼产业技术体系示范园-海口站（20260825）.doc,2,7,6,65.00
示范园/2026年荔枝龙眼产业技术体系示范园-海口站（20260825）.doc,2,7,7,16.00
示范园/2026年荔枝龙眼产业技术体系示范园-海口站（20260825）.doc,2,7,8,100
示范园/2026年荔枝龙眼产业技术体系示范园-海口站（20260825）.doc,2,7,9,38.20
示范园/2026年荔枝龙眼产业技术体系示范园-海口站（20260825）.doc,2,8,5,2023
示范园/2026年荔枝龙眼产业技术体系示范园-海口站（20260825）.doc,2,8,6,52.00
示范园/2026年荔枝龙眼产业技术体系示范园-海口站（20260825）.doc,2,8,7,12.00
示范园/2026年荔枝龙眼产业技术体系示范园-海口站（20260825）.doc,2,8,8,98
示范园/2026年荔枝龙眼产业技术体系示范园-海口站（20260825）.doc,2,8,9,16.80
示范园/2026年荔枝龙眼产业技术体系示范园-海口站（20260825）.doc,2,9,5,2024
示范园/2026年荔枝龙眼产业技术体系示范园-海口站（20260825）.doc,2,9,6,7.71
示范园/2026年荔枝龙眼产业技术体系示范园-海口站（20260825）.doc,2,9,7,16.00
示范园/2026年荔枝龙眼产业技术体系示范园-海口站（20260825）.doc,2,9,8,20
示范园/2026年荔枝龙眼产业技术体系示范园-海口站（20260825）.doc,2,9,9,-20.50
示范园/2026年荔枝龙眼产业技术体系示范园-海口站（20260825）.doc,2,10,5,2025
示范园/2026年荔枝龙眼产业技术体系示范园-海口站（20260825）.doc,2,10,6,32.15
示范园/2026年荔枝龙眼产业技术体系示范园-海口站（20260825）.doc,2,10,7,10.00
示范园/2026年荔枝龙眼产业技术体系示范园-海口站（20260825）.doc,2,10,8,50
示范园/2026年荔枝龙眼产业技术体系示范园-海口站（20260825）.doc,2,10,9,-7.50
示范园/2026年荔枝龙眼产业技术体系示范园-海口站（20260825）.doc,2,11,5,2026
示范园/2026年荔枝龙眼产业技术体系示范园-海口站（20260825）.doc,2,11,6,41.67
示范园/2026年荔枝龙眼产业技术体系示范园-海口站（20260825）.doc,2,11,7,11.00
示范园/2026年荔枝龙眼产业技术体系示范园-海口站（20260825）.doc,2,11,8,80
示范园/2026年荔枝龙眼产业技术体系示范园-海口站（20260825）.doc,2,11,9,14.35
示范园/2026年荔枝龙眼产业技术体系示范园-海口站（20260825）.doc,2,12,1,永发果园
示范园/2026年荔枝龙眼产业技术体系示范园-海口站（20260825）.doc,2,12,2,0～5
示范园/2026年荔枝龙眼产业技术体系示范园-海口站（20260825）.doc,2,12,3,红壤土
示范园/2026年荔枝龙眼产业技术体系示范园-海口站（20260825）.doc,2,12,4,微喷灌
示范园/2026年荔枝龙眼产业技术体系示范园-海口站（20260825）.doc,2,12,5,2022
示范园/2026年荔枝龙眼产业技术体系示范园-海口站（20260825）.doc,2,12,6,28.60
示范园/2026年荔枝龙眼产业技术体系示范园-海口站（20260825）.doc,2,12,7,11.80
示范园/2026年荔枝龙眼产业技术体系示范园-海口站（20260825）.doc,2,12,8,100
示范园/2026年荔枝龙眼产业技术体系示范园-海口站（20260825）.doc,2,12,9,5.80
示范园/2026年荔枝龙眼产业技术体系示范园-海口站（20260825）.doc,2,13,5,2023
示范园/2026年荔枝龙眼产业技术体系示范园-海口站（20260825）.doc,2,13,6,35.25
示范园/2026年荔枝龙眼产业技术体系示范园-海口站（20260825）.doc,2,13,7,9.60
示范园/2026年荔枝龙眼产业技术体系示范园-海口站（20260825）.doc,2,13,8,99
示范园/2026年荔枝龙眼产业技术体系示范园-海口站（20260825）.doc,2,13,9,7.50
示范园/2026年荔枝龙眼产业技术体系示范园-海口站（20260825）.doc,2,14,5,2024
示范园/2026年荔枝龙眼产业技术体系示范园-海口站（20260825）.doc,2,14,6,22.36
示范园/2026年荔枝龙眼产业技术体系示范园-海口站（20260825）.doc,2,14,7,10.20
示范园/2026年荔枝龙眼产业技术体系示范园-海口站（20260825）.doc,2,14,8,75
示范园/2026年荔枝龙眼产业技术体系示范园-海口站（20260825）.doc,2,14,9,3.93
示范园/2026年荔枝龙眼产业技术体系示范园-海口站（20260825）.doc,2,15,5,2025
示范园/2026年荔枝龙眼产业技术体系示范园-海口站（20260825）.doc,2,15,6,22.16
示范园/2026年荔枝龙眼产业技术体系示范园-海口站（20260825）.doc,2,15,7,9.30
示范园/2026年荔枝龙眼产业技术体系示范园-海口站（20260825）.doc,2,15,8,80
示范园/2026年荔枝龙眼产业技术体系示范园-海口站（20260825）.doc,2,15,9,-2.86
示范园/2026年荔枝龙眼产业技术体系示范园-海口站（20260825）.doc,2,16,5,2026
示范园/2026年荔枝龙眼产业技术体系示范园-海口站（20260825）.doc,2,16,6,18.52
示范园/2026年荔枝龙眼产业技术体系示范园-海口站（20260825）.doc,2,16,7,
示范园/2026年荔枝龙眼产业技术体系示范园-海口站（20260825）.doc,2,16,8,70
示范园/2026年荔枝龙眼产业技术体系示范园-海口站（20260825）.doc,2,16,9,
示范园/2026年荔枝龙眼产业技术体系示范园-海口站（20260825）.doc,2,17,1,龙元果园
示范园/2026年荔枝龙眼产业技术体系示范园-海口站（20260825）.doc,2,17,2,0
示范园/2026年荔枝龙眼产业技术体系示范园-海口站（20260825）.doc,2,17,3,红壤土
示范园/2026年荔枝龙眼产业技术体系示范园-海口站（20260825）.doc,2,17,4,喷灌
示范园/2026年荔枝龙眼产业技术体系示范园-海口站（20260825）.doc,2,17,5,2022
示范园/2026年荔枝龙眼产业技术体系示范园-海口站（20260825）.doc,2,17,6,24.30
示范园/2026年荔枝龙眼产业技术体系示范园-海口站（20260825）.doc,2,17,7,11.20
示范园/2026年荔枝龙眼产业技术体系示范园-海口站（20260825）.doc,2,17,8,100
示范园/2026年荔枝龙眼产业技术体系示范园-海口站（20260825）.doc,2,17,9,49.60
示范园/2026年荔枝龙眼产业技术体系示范园-海口站（20260825）.doc,2,18,5,2023
示范园/2026年荔枝龙眼产业技术体系示范园-海口站（20260825）.doc,2,18,6,32.00
示范园/2026年荔枝龙眼产业技术体系示范园-海口站（20260825）.doc,2,18,7,10.00
示范园/2026年荔枝龙眼产业技术体系示范园-海口站（20260825）.doc,2,18,8,100
示范园/2026年荔枝龙眼产业技术体系示范园-海口站（20260825）.doc,2,18,9,53.33
示范园/2026年荔枝龙眼产业技术体系示范园-海口站（20260825）.doc,2,19,5,2024
示范园/2026年荔枝龙眼产业技术体系示范园-海口站（20260825）.doc,2,19,6,20.00
示范园/2026年荔枝龙眼产业技术体系示范园-海口站（20260825）.doc,2,19,7,12.00
示范园/2026年荔枝龙眼产业技术体系示范园-海口站（20260825）.doc,2,19,8,95
示范园/2026年荔枝龙眼产业技术体系示范园-海口站（20260825）.doc,2,19,9,85.56
示范园/2026年荔枝龙眼产业技术体系示范园-海口站（20260825）.doc,2,20,5,2025
示范园/2026年荔枝龙眼产业技术体系示范园-海口站（20260825）.doc,2,20,6,27.16
示范园/2026年荔枝龙眼产业技术体系示范园-海口站（20260825）.doc,2,20,7,9.40
示范园/2026年荔枝龙眼产业技术体系示范园-海口站（20260825）.doc,2,20,8,95
示范园/2026年荔枝龙眼产业技术体系示范园-海口站（20260825）.doc,2,20,9,96.36
示范园/2026年荔枝龙眼产业技术体系示范园-海口站（20260825）.doc,2,21,5,2026
示范园/2026年荔枝龙眼产业技术体系示范园-海口站（20260825）.doc,2,21,6,25.30
示范园/2026年荔枝龙眼产业技术体系示范园-海口站（20260825）.doc,2,21,7,9.60
示范园/2026年荔枝龙眼产业技术体系示范园-海口站（20260825）.doc,2,21,8,95
示范园/2026年荔枝龙眼产业技术体系示范园-海口站（20260825）.doc,2,21,9,90.10
示范园/2026年荔枝龙眼产业技术体系示范园-海口站（20260825）.doc,2,22,1,世武果园
示范园/2026年荔枝龙眼产业技术体系示范园-海口站（20260825）.doc,2,22,2,0～5
示范园/2026年荔枝龙眼产业技术体系示范园-海口站（20260825）.doc,2,22,3,砂壤土
示范园/2026年荔枝龙眼产业技术体系示范园-海口站（20260825）.doc,2,22,4,喷灌
示范园/2026年荔枝龙眼产业技术体系示范园-海口站（20260825）.doc,2,22,5,2022
示范园/2026年荔枝龙眼产业技术体系示范园-海口站（20260825）.doc,2,22,6,32.20
示范园/2026年荔枝龙眼产业技术体系示范园-海口站（20260825）.doc,2,22,7,15.60
示范园/2026年荔枝龙眼产业技术体系示范园-海口站（20260825）.doc,2,22,8,100
示范园/2026年荔枝龙眼产业技术体系示范园-海口站（20260825）.doc,2,22,9,39.87
示范园/2026年荔枝龙眼产业技术体系示范园-海口站（20260825）.doc,2,23,5,2023
示范园/2026年荔枝龙眼产业技术体系示范园-海口站（20260825）.doc,2,23,6,27.08
示范园/2026年荔枝龙眼产业技术体系示范园-海口站（20260825）.doc,2,23,7,16.00
示范园/2026年荔枝龙眼产业技术体系示范园-海口站（20260825）.doc,2,23,8,100
示范园/2026年荔枝龙眼产业技术体系示范园-海口站（20260825）.doc,2,23,9,25.11
示范园/2026年荔枝龙眼产业技术体系示范园-海口站（20260825）.doc,2,24,5,2024
示范园/2026年荔枝龙眼产业技术体系示范园-海口站（20260825）.doc,2,24,6,30.55
示范园/2026年荔枝龙眼产业技术体系示范园-海口站（20260825）.doc,2,24,7,18.00
示范园/2026年荔枝龙眼产业技术体系示范园-海口站（20260825）.doc,2,24,8,90
示范园/2026年荔枝龙眼产业技术体系示范园-海口站（20260825）.doc,2,24,9,48.71
示范园/2026年荔枝龙眼产业技术体系示范园-海口站（20260825）.doc,2,25,5,2025
示范园/2026年荔枝龙眼产业技术体系示范园-海口站（20260825）.doc,2,25,6,36.57
示范园/2026年荔枝龙眼产业技术体系示范园-海口站（20260825）.doc,2,25,7,20.00
示范园/2026年荔枝龙眼产业技术体系示范园-海口站（20260825）.doc,2,25,8,95
示范园/2026年荔枝龙眼产业技术体系示范园-海口站（20260825）.doc,2,25,9,50.25
示范园/2026年荔枝龙眼产业技术体系示范园-海口站（20260825）.doc,2,26,5,2026
示范园/2026年荔枝龙眼产业技术体系示范园-海口站（20260825）.doc,2,26,6,35.86
示范园/2026年荔枝龙眼产业技术体系示范园-海口站（20260825）.doc,2,26,7,11.2
示范园/2026年荔枝龙眼产业技术体系示范园-海口站（20260825）.doc,2,26,8,95
示范园/2026年荔枝龙眼产业技术体系示范园-海口站（20260825）.doc,2,26,9,18.15
示范园/2026年荔枝龙眼产业技术体系示范园-海口站（20260825）.doc,2,27,1,鲁宏果园
示范园/2026年荔枝龙眼产业技术体系示范园-海口站（20260825）.doc,2,27,2,10～15
示范园/2026年荔枝龙眼产业技术体系示范园-海口站（20260825）.doc,2,27,3,砂壤土
示范园/2026年荔枝龙眼产业技术体系示范园-海口站（20260825）.doc,2,27,4,喷灌
示范园/2026年荔枝龙眼产业技术体系示范园-海口站（20260825）.doc,2,27,5,2022
示范园/2026年荔枝龙眼产业技术体系示范园-海口站（20260825）.doc,2,27,6,50.80
示范园/2026年荔枝龙眼产业技术体系示范园-海口站（20260825）.doc,2,27,7,20.00
示范园/2026年荔枝龙眼产业技术体系示范园-海口站（20260825）.doc,2,27,8,95
示范园/2026年荔枝龙眼产业技术体系示范园-海口站（20260825）.doc,2,27,9,276.16
示范园/2026年荔枝龙眼产业技术体系示范园-海口站（20260825）.doc,2,28,5,2023
示范园/2026年荔枝龙眼产业技术体系示范园-海口站（20260825）.doc,2,28,6,47.06
示范园/2026年荔枝龙眼产业技术体系示范园-海口站（20260825）.doc,2,28,7,23.00
示范园/2026年荔枝龙眼产业技术体系示范园-海口站（20260825）.doc,2,28,8,98
示范园/2026年荔枝龙眼产业技术体系示范园-海口站（20260825）.doc,2,28,9,216.00
示范园/2026年荔枝龙眼产业技术体系示范园-海口站（20260825）.doc,2,29,5,2024
示范园/2026年荔枝龙眼产业技术体系示范园-海口站（20260825）.doc,2,29,6,61.73
示范园/2026年荔枝龙眼产业技术体系示范园-海口站（20260825）.doc,2,29,7,30.40
示范园/2026年荔枝龙眼产业技术体系示范园-海口站（20260825）.doc,2,29,8,85
示范园/2026年荔枝龙眼产业技术体系示范园-海口站（20260825）.doc,2,29,9,287.91
示范园/2026年荔枝龙眼产业技术体系示范园-海口站（20260825）.doc,2,30,5,2025
示范园/2026年荔枝龙眼产业技术体系示范园-海口站（20260825）.doc,2,30,6,70.93
示范园/2026年荔枝龙眼产业技术体系示范园-海口站（20260825）.doc,2,30,7,20.00
示范园/2026年荔枝龙眼产业技术体系示范园-海口站（20260825）.doc,2,30,8,98
示范园/2026年荔枝龙眼产业技术体系示范园-海口站（20260825）.doc,2,30,9,356.00
示范园/2026年荔枝龙眼产业技术体系示范园-海口站（20260825）.doc,2,31,5,2026
示范园/2026年荔枝龙眼产业技术体系示范园-海口站（20260825）.doc,2,31,6,61.11
示范园/2026年荔枝龙眼产业技术体系示范园-海口站（20260825）.doc,2,31,7,10.60
示范园/2026年荔枝龙眼产业技术体系示范园-海口站（20260825）.doc,2,31,8,80
示范园/2026年荔枝龙眼产业技术体系示范园-海口站（20260825）.doc,2,31,9,-61.76
示范园/2026年荔枝龙眼产业技术体系示范园-海口站（20260825）.doc,3,1,1,示范园
示范园/2026年荔枝龙眼产业技术体系示范园-海口站（20260825）.doc,3,1,2,品种
示范园/2026年荔枝龙眼产业技术体系示范园-海口站（20260825）.doc,3,1,3,面积（株）
示范园/2026年荔枝龙眼产业技术体系示范园-海口站（20260825）.doc,3,1,4,秋梢老熟期
示范园/2026年荔枝龙眼产业技术体系示范园-海口站（20260825）.doc,3,1,5,露白点期
示范园/2026年荔枝龙眼产业技术体系示范园-海口站（20260825）.doc,3,1,6,抽穗期
示范园/2026年荔枝龙眼产业技术体系示范园-海口站（20260825）.doc,3,1,7,初花期
示范园/2026年荔枝龙眼产业技术体系示范园-海口站（20260825）.doc,3,1,8,盛花期
示范园/2026年荔枝龙眼产业技术体系示范园-海口站（20260825）.doc,3,1,9,谢花期
示范园/2026年荔枝龙眼产业技术体系示范园-海口站（20260825）.doc,3,1,10,初始坐果期
示范园/2026年荔枝龙眼产业技术体系示范园-海口站（20260825）.doc,3,1,11,第1次生理落果期
示范园/2026年荔枝龙眼产业技术体系示范园-海口站（20260825）.doc,3,1,12,第2次生理落果期
示范园/2026年荔枝龙眼产业技术体系示范园-海口站（20260825）.doc,3,1,13,采前落果期
示范园/2026年荔枝龙眼产业技术体系示范园-海口站（20260825）.doc,3,1,14,果实着色期
示范园/2026年荔枝龙眼产业技术体系示范园-海口站（20260825）.doc,3,1,15,果实成熟期
示范园/2026年荔枝龙眼产业技术体系示范园-海口站（20260825）.doc,3,2,1,办内果园
示范园/2026年荔枝龙眼产业技术体系示范园-海口站（20260825）.doc,3,2,2,妃子笑
示范园/2026年荔枝龙眼产业技术体系示范园-海口站（20260825）.doc,3,2,3,"80
（4000）"
示范园/2026年荔枝龙眼产业技术体系示范园-海口站（20260825）.doc,3,2,4,9-25
示范园/2026年荔枝龙眼产业技术体系示范园-海口站（20260825）.doc,3,2,5,12-25
示范园/2026年荔枝龙眼产业技术体系示范园-海口站（20260825）.doc,3,2,6,1-10
示范园/2026年荔枝龙眼产业技术体系示范园-海口站（20260825）.doc,3,2,7,2-12
示范园/2026年荔枝龙眼产业技术体系示范园-海口站（20260825）.doc,3,2,8,2-24
示范园/2026年荔枝龙眼产业技术体系示范园-海口站（20260825）.doc,3,2,9,3-1
示范园/2026年荔枝龙眼产业技术体系示范园-海口站（20260825）.doc,3,2,10,3-5
示范园/2026年荔枝龙眼产业技术体系示范园-海口站（20260825）.doc,3,2,11,3-18
示范园/2026年荔枝龙眼产业技术体系示范园-海口站（20260825）.doc,3,2,12,4-15
示范园/2026年荔枝龙眼产业技术体系示范园-海口站（20260825）.doc,3,2,13,——
示范园/2026年荔枝龙眼产业技术体系示范园-海口站（20260825）.doc,3,2,14,4-22
示范园/2026年荔枝龙眼产业技术体系示范园-海口站（20260825）.doc,3,2,15,5-2
示范园/2026年荔枝龙眼产业技术体系示范园-海口站（20260825）.doc,3,3,1,红明农场
示范园/2026年荔枝龙眼产业技术体系示范园-海口站（20260825）.doc,3,3,2,白糖罂
示范园/2026年荔枝龙眼产业技术体系示范园-海口站（20260825）.doc,3,3,3,"70
（970）"
示范园/2026年荔枝龙眼产业技术体系示范园-海口站（20260825）.doc,3,3,4,9-20
示范园/2026年荔枝龙眼产业技术体系示范园-海口站（20260825）.doc,3,3,5,1-5
示范园/2026年荔枝龙眼产业技术体系示范园-海口站（20260825）.doc,3,3,6,1-28
示范园/2026年荔枝龙眼产业技术体系示范园-海口站（20260825）.doc,3,3,7,2-20
示范园/2026年荔枝龙眼产业技术体系示范园-海口站（20260825）.doc,3,3,8,2-28
示范园/2026年荔枝龙眼产业技术体系示范园-海口站（20260825）.doc,3,3,9,3-5
示范园/2026年荔枝龙眼产业技术体系示范园-海口站（20260825）.doc,3,3,10,3-8
示范园/2026年荔枝龙眼产业技术体系示范园-海口站（20260825）.doc,3,3,11,3-18
示范园/2026年荔枝龙眼产业技术体系示范园-海口站（20260825）.doc,3,3,12,4-18
示范园/2026年荔枝龙眼产业技术体系示范园-海口站（20260825）.doc,3,3,13,——
示范园/2026年荔枝龙眼产业技术体系示范园-海口站（20260825）.doc,3,3,14,5-1
示范园/2026年荔枝龙眼产业技术体系示范园-海口站（20260825）.doc,3,3,15,5-6
示范园/2026年荔枝龙眼产业技术体系示范园-海口站（20260825）.doc,3,4,1,永发果园
示范园/2026年荔枝龙眼产业技术体系示范园-海口站（20260825）.doc,3,4,2,妃子笑
示范园/2026年荔枝龙眼产业技术体系示范园-海口站（20260825）.doc,3,4,3,"25
（550）"
示范园/2026年荔枝龙眼产业技术体系示范园-海口站（20260825）.doc,3,4,4,10-25
示范园/2026年荔枝龙眼产业技术体系示范园-海口站（20260825）.doc,3,4,5,1-5
示范园/2026年荔枝龙眼产业技术体系示范园-海口站（20260825）.doc,3,4,6,1-25
示范园/2026年荔枝龙眼产业技术体系示范园-海口站（20260825）.doc,3,4,7,2-15
示范园/2026年荔枝龙眼产业技术体系示范园-海口站（20260825）.doc,3,4,8,2-25
示范园/2026年荔枝龙眼产业技术体系示范园-海口站（20260825）.doc,3,4,9,3-5
示范园/2026年荔枝龙眼产业技术体系示范园-海口站（20260825）.doc,3,4,10,3-16
示范园/2026年荔枝龙眼产业技术体系示范园-海口站（20260825）.doc,3,4,11,3-25
示范园/2026年荔枝龙眼产业技术体系示范园-海口站（20260825）.doc,3,4,12,4-3
示范园/2026年荔枝龙眼产业技术体系示范园-海口站（20260825）.doc,3,4,13,——
示范园/2026年荔枝龙眼产业技术体系示范园-海口站（20260825）.doc,3,4,14,4-25
示范园/2026年荔枝龙眼产业技术体系示范园-海口站（20260825）.doc,3,4,15,5-2
示范园/2026年荔枝龙眼产业技术体系示范园-海口站（20260825）.doc,3,5,1,龙元果园
示范园/2026年荔枝龙眼产业技术体系示范园-海口站（20260825）.doc,3,5,2,妃子笑
示范园/2026年荔枝龙眼产业技术体系示范园-海口站（20260825）.doc,3,5,3,"200
（7400）"
示范园/2026年荔枝龙眼产业技术体系示范园-海口站（20260825）.doc,3,5,4,8-25
示范园/2026年荔枝龙眼产业技术体系示范园-海口站（20260825）.doc,3,5,5,12-15
示范园/2026年荔枝龙眼产业技术体系示范园-海口站（20260825）.doc,3,5,6,1-1
示范园/2026年荔枝龙眼产业技术体系示范园-海口站（20260825）.doc,3,5,7,2-1
示范园/2026年荔枝龙眼产业技术体系示范园-海口站（20260825）.doc,3,5,8,2-15
示范园/2026年荔枝龙眼产业技术体系示范园-海口站（20260825）.doc,3,5,9,2-28
示范园/2026年荔枝龙眼产业技术体系示范园-海口站（20260825）.doc,3,5,10,2-22
示范园/2026年荔枝龙眼产业技术体系示范园-海口站（20260825）.doc,3,5,11,2-25
示范园/2026年荔枝龙眼产业技术体系示范园-海口站（20260825）.doc,3,5,12,4-1
示范园/2026年荔枝龙眼产业技术体系示范园-海口站（20260825）.doc,3,5,13,——
示范园/2026年荔枝龙眼产业技术体系示范园-海口站（20260825）.doc,3,5,14,4-20
示范园/2026年荔枝龙眼产业技术体系示范园-海口站（20260825）.doc,3,5,15,4-28
示范园/2026年荔枝龙眼产业技术体系示范园-海口站（20260825）.doc,3,6,1,世武果园
示范园/2026年荔枝龙眼产业技术体系示范园-海口站（20260825）.doc,3,6,2,妃子笑
示范园/2026年荔枝龙眼产业技术体系示范园-海口站（20260825）.doc,3,6,3,"30
（990）"
示范园/2026年荔枝龙眼产业技术体系示范园-海口站（20260825）.doc,3,6,4,9-15
示范园/2026年荔枝龙眼产业技术体系示范园-海口站（20260825）.doc,3,6,5,12-22
示范园/2026年荔枝龙眼产业技术体系示范园-海口站（20260825）.doc,3,6,6,1-5
示范园/2026年荔枝龙眼产业技术体系示范园-海口站（20260825）.doc,3,6,7,2-5
示范园/2026年荔枝龙眼产业技术体系示范园-海口站（20260825）.doc,3,6,8,2-20
示范园/2026年荔枝龙眼产业技术体系示范园-海口站（20260825）.doc,3,6,9,3-1
示范园/2026年荔枝龙眼产业技术体系示范园-海口站（20260825）.doc,3,6,10,2-26
示范园/2026年荔枝龙眼产业技术体系示范园-海口站（20260825）.doc,3,6,11,3-13
示范园/2026年荔枝龙眼产业技术体系示范园-海口站（20260825）.doc,3,6,12,4-9
示范园/2026年荔枝龙眼产业技术体系示范园-海口站（20260825）.doc,3,6,13,——
示范园/2026年荔枝龙眼产业技术体系示范园-海口站（20260825）.doc,3,6,14,4-22
示范园/2026年荔枝龙眼产业技术体系示范园-海口站（20260825）.doc,3,6,15,4-30
示范园/2026年荔枝龙眼产业技术体系示范园-海口站（20260825）.doc,3,7,1,鲁宏果园
示范园/2026年荔枝龙眼产业技术体系示范园-海口站（20260825）.doc,3,7,2,妃子笑
示范园/2026年荔枝龙眼产业技术体系示范园-海口站（20260825）.doc,3,7,3,"300
（5000）"
示范园/2026年荔枝龙眼产业技术体系示范园-海口站（20260825）.doc,3,7,4,8-25
示范园/2026年荔枝龙眼产业技术体系示范园-海口站（20260825）.doc,3,7,5,12-28
示范园/2026年荔枝龙眼产业技术体系示范园-海口站（20260825）.doc,3,7,6,1-1
示范园/2026年荔枝龙眼产业技术体系示范园-海口站（20260825）.doc,3,7,7,2-5
示范园/2026年荔枝龙眼产业技术体系示范园-海口站（20260825）.doc,3,7,8,2-15
示范园/2026年荔枝龙眼产业技术体系示范园-海口站（20260825）.doc,3,7,9,3-15
示范园/2026年荔枝龙眼产业技术体系示范园-海口站（20260825）.doc,3,7,10,3-12
示范园/2026年荔枝龙眼产业技术体系示范园-海口站（20260825）.doc,3,7,11,3-10
示范园/2026年荔枝龙眼产业技术体系示范园-海口站（20260825）.doc,3,7,12,4-10
示范园/2026年荔枝龙眼产业技术体系示范园-海口站（20260825）.doc,3,7,13,——
示范园/2026年荔枝龙眼产业技术体系示范园-海口站（20260825）.doc,3,7,14,4-28
示范园/2026年荔枝龙眼产业技术体系示范园-海口站（20260825）.doc,3,7,15,5-10
示范园/2026年荔枝龙眼产业技术体系示范园-海口站（20260825）.doc,4,1,1,示范园
示范园/2026年荔枝龙眼产业技术体系示范园-海口站（20260825）.doc,4,1,2,品种
示范园/2026年荔枝龙眼产业技术体系示范园-海口站（20260825）.doc,4,1,3,测花类别
示范园/2026年荔枝龙眼产业技术体系示范园-海口站（20260825）.doc,4,1,4,测花株数
示范园/2026年荔枝龙眼产业技术体系示范园-海口站（20260825）.doc,4,1,5,比例（%）
示范园/2026年荔枝龙眼产业技术体系示范园-海口站（20260825）.doc,4,1,6,成花率（%）
示范园/2026年荔枝龙眼产业技术体系示范园-海口站（20260825）.doc,4,2,1,办内果园
示范园/2026年荔枝龙眼产业技术体系示范园-海口站（20260825）.doc,4,2,2,妃子笑
示范园/2026年荔枝龙眼产业技术体系示范园-海口站（20260825）.doc,4,2,3,A（75-100%）
示范园/2026年荔枝龙眼产业技术体系示范园-海口站（20260825）.doc,4,2,4,180
示范园/2026年荔枝龙眼产业技术体系示范园-海口站（20260825）.doc,4,2,5,90
示范园/2026年荔枝龙眼产业技术体系示范园-海口站（20260825）.doc,4,2,6,90
示范园/2026年荔枝龙眼产业技术体系示范园-海口站（20260825）.doc,4,3,3,B（25-75%）
示范园/2026年荔枝龙眼产业技术体系示范园-海口站（20260825）.doc,4,3,4,20
示范园/2026年荔枝龙眼产业技术体系示范园-海口站（20260825）.doc,4,3,5,10
示范园/2026年荔枝龙眼产业技术体系示范园-海口站（20260825）.doc,4,4,3,C（0-25%）
示范园/2026年荔枝龙眼产业技术体系示范园-海口站（20260825）.doc,4,4,4,0
示范园/2026年荔枝龙眼产业技术体系示范园-海口站（20260825）.doc,4,4,5,0
示范园/2026年荔枝龙眼产业技术体系示范园-海口站（20260825）.doc,4,5,1,红明农场会华果园
示范园/2026年荔枝龙眼产业技术体系示范园-海口站（20260825）.doc,4,5,2,白糖罂
示范园/2026年荔枝龙眼产业技术体系示范园-海口站（20260825）.doc,4,5,3,A（75-100%）
示范园/2026年荔枝龙眼产业技术体系示范园-海口站（20260825）.doc,4,5,4,160
示范园/2026年荔枝龙眼产业技术体系示范园-海口站（20260825）.doc,4,5,5,80
示范园/2026年荔枝龙眼产业技术体系示范园-海口站（20260825）.doc,4,5,6,80
示范园/2026年荔枝龙眼产业技术体系示范园-海口站（20260825）.doc,4,6,3,B（25-75%）
示范园/2026年荔枝龙眼产业技术体系示范园-海口站（20260825）.doc,4,6,4,23
示范园/2026年荔枝龙眼产业技术体系示范园-海口站（20260825）.doc,4,6,5,11.5
示范园/2026年荔枝龙眼产业技术体系示范园-海口站（20260825）.doc,4,7,3,C（0-25%）
示范园/2026年荔枝龙眼产业技术体系示范园-海口站（20260825）.doc,4,7,4,17
示范园/2026年荔枝龙眼产业技术体系示范园-海口站（20260825）.doc,4,7,5,8.5
示范园/2026年荔枝龙眼产业技术体系示范园-海口站（20260825）.doc,4,8,1,永发果园
示范园/2026年荔枝龙眼产业技术体系示范园-海口站（20260825）.doc,4,8,2,妃子笑
示范园/2026年荔枝龙眼产业技术体系示范园-海口站（20260825）.doc,4,8,3,A（75-100%）
示范园/2026年荔枝龙眼产业技术体系示范园-海口站（20260825）.doc,4,8,4,140
示范园/2026年荔枝龙眼产业技术体系示范园-海口站（20260825）.doc,4,8,5,70
示范园/2026年荔枝龙眼产业技术体系示范园-海口站（20260825）.doc,4,8,6,70
示范园/2026年荔枝龙眼产业技术体系示范园-海口站（20260825）.doc,4,9,3,B（25-75%）
示范园/2026年荔枝龙眼产业技术体系示范园-海口站（20260825）.doc,4,9,4,40
示范园/2026年荔枝龙眼产业技术体系示范园-海口站（20260825）.doc,4,9,5,20
示范园/2026年荔枝龙眼产业技术体系示范园-海口站（20260825）.doc,4,10,3,C（0-25%）
示范园/2026年荔枝龙眼产业技术体系示范园-海口站（20260825）.doc,4,10,4,20
示范园/2026年荔枝龙眼产业技术体系示范园-海口站（20260825）.doc,4,10,5,10
示范园/2026年荔枝龙眼产业技术体系示范园-海口站（20260825）.doc,4,11,3,B（25-75%）
示范园/2026年荔枝龙眼产业技术体系示范园-海口站（20260825）.doc,4,11,4,145
示范园/2026年荔枝龙眼产业技术体系示范园-海口站（20260825）.doc,4,11,5,72.5
示范园/2026年荔枝龙眼产业技术体系示范园-海口站（20260825）.doc,4,12,3,C（0-25%）
示范园/2026年荔枝龙眼产业技术体系示范园-海口站（20260825）.doc,4,12,4,5
示范园/2026年荔枝龙眼产业技术体系示范园-海口站（20260825）.doc,4,12,5,2.5
示范园/2026年荔枝龙眼产业技术体系示范园-海口站（20260825）.doc,4,13,1,龙元果园
示范园/2026年荔枝龙眼产业技术体系示范园-海口站（20260825）.doc,4,13,2,妃子笑
示范园/2026年荔枝龙眼产业技术体系示范园-海口站（20260825）.doc,4,13,3,A（75-100%）
示范园/2026年荔枝龙眼产业技术体系示范园-海口站（20260825）.doc,4,13,4,190
示范园/2026年荔枝龙眼产业技术体系示范园-海口站（20260825）.doc,4,13,5,95
示范园/2026年荔枝龙眼产业技术体系示范园-海口站（20260825）.doc,4,13,6,95
示范园/2026年荔枝龙眼产业技术体系示范园-海口站（20260825）.doc,4,14,3,B（25-75%）
示范园/2026年荔枝龙眼产业技术体系示范园-海口站（20260825）.doc,4,14,4,10
示范园/2026年荔枝龙眼产业技术体系示范园-海口站（20260825）.doc,4,14,5,5
示范园/2026年荔枝龙眼产业技术体系示范园-海口站（20260825）.doc,4,15,3,C（0-25%）
示范园/2026年荔枝龙眼产业技术体系示范园-海口站（20260825）.doc,4,15,4,0
示范园/2026年荔枝龙眼产业技术体系示范园-海口站（20260825）.doc,4,15,5,0
示范园/2026年荔枝龙眼产业技术体系示范园-海口站（20260825）.doc,4,16,1,世武果园
示范园/2026年荔枝龙眼产业技术体系示范园-海口站（20260825）.doc,4,16,2,妃子笑
示范园/2026年荔枝龙眼产业技术体系示范园-海口站（20260825）.doc,4,16,3,A（75-100%）
示范园/2026年荔枝龙眼产业技术体系示范园-海口站（20260825）.doc,4,16,4,190
示范园/2026年荔枝龙眼产业技术体系示范园-海口站（20260825）.doc,4,16,5,95
示范园/2026年荔枝龙眼产业技术体系示范园-海口站（20260825）.doc,4,16,6,95
示范园/2026年荔枝龙眼产业技术体系示范园-海口站（20260825）.doc,4,17,3,B（25-75%）
示范园/2026年荔枝龙眼产业技术体系示范园-海口站（20260825）.doc,4,17,4,10
示范园/2026年荔枝龙眼产业技术体系示范园-海口站（20260825）.doc,4,17,5,5
示范园/2026年荔枝龙眼产业技术体系示范园-海口站（20260825）.doc,4,18,3,C（0-25%）
示范园/2026年荔枝龙眼产业技术体系示范园-海口站（20260825）.doc,4,18,4,0
示范园/2026年荔枝龙眼产业技术体系示范园-海口站（20260825）.doc,4,18,5,0
示范园/2026年荔枝龙眼产业技术体系示范园-海口站（20260825）.doc,4,19,1,鲁宏果园
示范园/2026年荔枝龙眼产业技术体系示范园-海口站（20260825）.doc,4,19,2,妃子笑
示范园/2026年荔枝龙眼产业技术体系示范园-海口站（20260825）.doc,4,19,3,A（75-100%）
示范园/2026年荔枝龙眼产业技术体系示范园-海口站（20260825）.doc,4,19,4,160
示范园/2026年荔枝龙眼产业技术体系示范园-海口站（20260825）.doc,4,19,5,80
示范园/2026年荔枝龙眼产业技术体系示范园-海口站（20260825）.doc,4,19,6,80
示范园/2026年荔枝龙眼产业技术体系示范园-海口站（20260825）.doc,4,20,3,B（25-75%）
示范园/2026年荔枝龙眼产业技术体系示范园-海口站（20260825）.doc,4,20,4,30
示范园/2026年荔枝龙眼产业技术体系示范园-海口站（20260825）.doc,4,20,5,15
示范园/2026年荔枝龙眼产业技术体系示范园-海口站（20260825）.doc,4,21,3,C（0-25%）
示范园/2026年荔枝龙眼产业技术体系示范园-海口站（20260825）.doc,4,21,4,10
示范园/2026年荔枝龙眼产业技术体系示范园-海口站（20260825）.doc,4,21,5,5
示范园/2026年荔枝龙眼产业技术体系示范园-海口站（20260825）.doc,5,1,1,示范园
示范园/2026年荔枝龙眼产业技术体系示范园-海口站（20260825）.doc,5,1,2,植株类别
示范园/2026年荔枝龙眼产业技术体系示范园-海口站（20260825）.doc,5,1,3,株数
示范园/2026年荔枝龙眼产业技术体系示范园-海口站（20260825）.doc,5,1,4,单株产量（公斤）
示范园/2026年荔枝龙眼产业技术体系示范园-海口站（20260825）.doc,5,1,5,单果重（g）
示范园/2026年荔枝龙眼产业技术体系示范园-海口站（20260825）.doc,5,1,6,病虫果率（%）
示范园/2026年荔枝龙眼产业技术体系示范园-海口站（20260825）.doc,5,1,7,平均株产（公斤）
示范园/2026年荔枝龙眼产业技术体系示范园-海口站（20260825）.doc,5,1,8,平均亩产（公斤/亩）
示范园/2026年荔枝龙眼产业技术体系示范园-海口站（20260825）.doc,5,1,9,测产组长及小组成员
示范园/2026年荔枝龙眼产业技术体系示范园-海口站（20260825）.doc,5,2,4,①
示范园/2026年荔枝龙眼产业技术体系示范园-海口站（20260825）.doc,5,2,5,②
示范园/2026年荔枝龙眼产业技术体系示范园-海口站（20260825）.doc,5,2,6,③
示范园/2026年荔枝龙眼产业技术体系示范园-海口站（20260825）.doc,5,3,1,办内果园
示范园/2026年荔枝龙眼产业技术体系示范园-海口站（20260825）.doc,5,3,2,A
示范园/2026年荔枝龙眼产业技术体系示范园-海口站（20260825）.doc,5,3,3,180
示范园/2026年荔枝龙眼产业技术体系示范园-海口站（20260825）.doc,5,3,4,38.45
示范园/2026年荔枝龙眼产业技术体系示范园-海口站（20260825）.doc,5,3,5,44.21
示范园/2026年荔枝龙眼产业技术体系示范园-海口站（20260825）.doc,5,3,6,37.37
示范园/2026年荔枝龙眼产业技术体系示范园-海口站（20260825）.doc,5,3,7,22.18
示范园/2026年荔枝龙眼产业技术体系示范园-海口站（20260825）.doc,5,3,8,0
示范园/2026年荔枝龙眼产业技术体系示范园-海口站（20260825）.doc,5,3,9,40.01
示范园/2026年荔枝龙眼产业技术体系示范园-海口站（20260825）.doc,5,3,10,1306.23
示范园/2026年荔枝龙眼产业技术体系示范园-海口站（20260825）.doc,5,3,11,"组长：王祥和
组员：周永岛、陈哲、陈丁"
示范园/2026年荔枝龙眼产业技术体系示范园-海口站（20260825）.doc,5,4,2,B
示范园/2026年荔枝龙眼产业技术体系示范园-海口站（20260825）.doc,5,4,3,20
示范园/2026年荔枝龙眼产业技术体系示范园-海口站（20260825）.doc,5,4,4,30.98
示范园/2026年荔枝龙眼产业技术体系示范园-海口站（20260825）.doc,5,4,5,35.59
示范园/2026年荔枝龙眼产业技术体系示范园-海口站（20260825）.doc,5,4,6,28.89
示范园/2026年荔枝龙眼产业技术体系示范园-海口站（20260825）.doc,5,4,7,21.05
示范园/2026年荔枝龙眼产业技术体系示范园-海口站（20260825）.doc,5,4,8,0
示范园/2026年荔枝龙眼产业技术体系示范园-海口站（20260825）.doc,5,4,9,31.82
示范园/2026年荔枝龙眼产业技术体系示范园-海口站（20260825）.doc,5,5,2,C
示范园/2026年荔枝龙眼产业技术体系示范园-海口站（20260825）.doc,5,5,3,
示范园/2026年荔枝龙眼产业技术体系示范园-海口站（20260825）.doc,5,5,4, 
示范园/2026年荔枝龙眼产业技术体系示范园-海口站（20260825）.doc,5,5,5,
示范园/2026年荔枝龙眼产业技术体系示范园-海口站（20260825）.doc,5,5,6,
示范园/2026年荔枝龙眼产业技术体系示范园-海口站（20260825）.doc,5,5,7,  
示范园/2026年荔枝龙眼产业技术体系示范园-海口站（20260825）.doc,5,5,8,
示范园/2026年荔枝龙眼产业技术体系示范园-海口站（20260825）.doc,5,5,9,
示范园/2026年荔枝龙眼产业技术体系示范园-海口站（20260825）.doc,5,6,1,红明农场
示范园/2026年荔枝龙眼产业技术体系示范园-海口站（20260825）.doc,5,6,2,A
示范园/2026年荔枝龙眼产业技术体系示范园-海口站（20260825）.doc,5,6,3,40
示范园/2026年荔枝龙眼产业技术体系示范园-海口站（20260825）.doc,5,6,4,60.11
示范园/2026年荔枝龙眼产业技术体系示范园-海口站（20260825）.doc,5,6,5,55.68
示范园/2026年荔枝龙眼产业技术体系示范园-海口站（20260825）.doc,5,6,6,60.04
示范园/2026年荔枝龙眼产业技术体系示范园-海口站（20260825）.doc,5,6,7,18.35
示范园/2026年荔枝龙眼产业技术体系示范园-海口站（20260825）.doc,5,6,8,0
示范园/2026年荔枝龙眼产业技术体系示范园-海口站（20260825）.doc,5,6,9,58.61
示范园/2026年荔枝龙眼产业技术体系示范园-海口站（20260825）.doc,5,6,10,750.25
示范园/2026年荔枝龙眼产业技术体系示范园-海口站（20260825）.doc,5,6,11,"组长：王祥和
组员：胡福初、陈哲、陈会华"
示范园/2026年荔枝龙眼产业技术体系示范园-海口站（20260825）.doc,5,7,2,B
示范园/2026年荔枝龙眼产业技术体系示范园-海口站（20260825）.doc,5,7,3,140
示范园/2026年荔枝龙眼产业技术体系示范园-海口站（20260825）.doc,5,7,4,55.61
示范园/2026年荔枝龙眼产业技术体系示范园-海口站（20260825）.doc,5,7,5,49.98
示范园/2026年荔枝龙眼产业技术体系示范园-海口站（20260825）.doc,5,7,6,52.51
示范园/2026年荔枝龙眼产业技术体系示范园-海口站（20260825）.doc,5,7,7,17.26
示范园/2026年荔枝龙眼产业技术体系示范园-海口站（20260825）.doc,5,7,8,0
示范园/2026年荔枝龙眼产业技术体系示范园-海口站（20260825）.doc,5,7,9,52.70
示范园/2026年荔枝龙眼产业技术体系示范园-海口站（20260825）.doc,5,8,2,C
示范园/2026年荔枝龙眼产业技术体系示范园-海口站（20260825）.doc,5,8,3,-
示范园/2026年荔枝龙眼产业技术体系示范园-海口站（20260825）.doc,5,8,4,
示范园/2026年荔枝龙眼产业技术体系示范园-海口站（20260825）.doc,5,8,5,
示范园/2026年荔枝龙眼产业技术体系示范园-海口站（20260825）.doc,5,8,6,
示范园/2026年荔枝龙眼产业技术体系示范园-海口站（20260825）.doc,5,8,7,
示范园/2026年荔枝龙眼产业技术体系示范园-海口站（20260825）.doc,5,8,8,
示范园/2026年荔枝龙眼产业技术体系示范园-海口站（20260825）.doc,5,8,9,
示范园/2026年荔枝龙眼产业技术体系示范园-海口站（20260825）.doc,5,9,1,永发果园
示范园/2026年荔枝龙眼产业技术体系示范园-海口站（20260825）.doc,5,9,2,A
示范园/2026年荔枝龙眼产业技术体系示范园-海口站（20260825）.doc,5,9,3,150
示范园/2026年荔枝龙眼产业技术体系示范园-海口站（20260825）.doc,5,9,4,16.88
示范园/2026年荔枝龙眼产业技术体系示范园-海口站（20260825）.doc,5,9,5,22.41
示范园/2026年荔枝龙眼产业技术体系示范园-海口站（20260825）.doc,5,9,6,19.06
示范园/2026年荔枝龙眼产业技术体系示范园-海口站（20260825）.doc,5,9,7,22.25
示范园/2026年荔枝龙眼产业技术体系示范园-海口站（20260825）.doc,5,9,8,3
示范园/2026年荔枝龙眼产业技术体系示范园-海口站（20260825）.doc,5,9,9,19.45
示范园/2026年荔枝龙眼产业技术体系示范园-海口站（20260825）.doc,5,9,10,513.93
示范园/2026年荔枝龙眼产业技术体系示范园-海口站（20260825）.doc,5,9,11,"组长：王祥和
组员：胡福初、陈哲、陈丁"
示范园/2026年荔枝龙眼产业技术体系示范园-海口站（20260825）.doc,5,10,2,B
示范园/2026年荔枝龙眼产业技术体系示范园-海口站（20260825）.doc,5,10,3,50
示范园/2026年荔枝龙眼产业技术体系示范园-海口站（20260825）.doc,5,10,4,13.95
示范园/2026年荔枝龙眼产业技术体系示范园-海口站（20260825）.doc,5,10,5,15.49
示范园/2026年荔枝龙眼产业技术体系示范园-海口站（20260825）.doc,5,10,6,17.51
示范园/2026年荔枝龙眼产业技术体系示范园-海口站（20260825）.doc,5,10,7,20.35 
示范园/2026年荔枝龙眼产业技术体系示范园-海口站（20260825）.doc,5,10,8,1
示范园/2026年荔枝龙眼产业技术体系示范园-海口站（20260825）.doc,5,10,9,15.65
示范园/2026年荔枝龙眼产业技术体系示范园-海口站（20260825）.doc,5,11,2,C
示范园/2026年荔枝龙眼产业技术体系示范园-海口站（20260825）.doc,5,11,3,-
示范园/2026年荔枝龙眼产业技术体系示范园-海口站（20260825）.doc,5,11,4,
示范园/2026年荔枝龙眼产业技术体系示范园-海口站（20260825）.doc,5,11,5,
示范园/2026年荔枝龙眼产业技术体系示范园-海口站（20260825）.doc,5,11,6,
示范园/2026年荔枝龙眼产业技术体系示范园-海口站（20260825）.doc,5,11,7,
示范园/2026年荔枝龙眼产业技术体系示范园-海口站（20260825）.doc,5,11,8,
示范园/2026年荔枝龙眼产业技术体系示范园-海口站（20260825）.doc,5,11,9,
示范园/2026年荔枝龙眼产业技术体系示范园-海口站（20260825）.doc,5,12,1,龙元果园
示范园/2026年荔枝龙眼产业技术体系示范园-海口站（20260825）.doc,5,12,2,A
示范园/2026年荔枝龙眼产业技术体系示范园-海口站（20260825）.doc,5,12,3,132
示范园/2026年荔枝龙眼产业技术体系示范园-海口站（20260825）.doc,5,12,4,30.94
示范园/2026年荔枝龙眼产业技术体系示范园-海口站（20260825）.doc,5,12,5,36.79
示范园/2026年荔枝龙眼产业技术体系示范园-海口站（20260825）.doc,5,12,6,37.27
示范园/2026年荔枝龙眼产业技术体系示范园-海口站（20260825）.doc,5,12,7,22.18
示范园/2026年荔枝龙眼产业技术体系示范园-海口站（20260825）.doc,5,12,8,0
示范园/2026年荔枝龙眼产业技术体系示范园-海口站（20260825）.doc,5,12,9,35.11
示范园/2026年荔枝龙眼产业技术体系示范园-海口站（20260825）.doc,5,12,10,1125.00
示范园/2026年荔枝龙眼产业技术体系示范园-海口站（20260825）.doc,5,12,11,"组长：王祥和
组员：黄龙腾、周文静、陈丁"
示范园/2026年荔枝龙眼产业技术体系示范园-海口站（20260825）.doc,5,13,2,B
示范园/2026年荔枝龙眼产业技术体系示范园-海口站（20260825）.doc,5,13,3,68
示范园/2026年荔枝龙眼产业技术体系示范园-海口站（20260825）.doc,5,13,4,19.23
示范园/2026年荔枝龙眼产业技术体系示范园-海口站（20260825）.doc,5,13,5,20.82
示范园/2026年荔枝龙眼产业技术体系示范园-海口站（20260825）.doc,5,13,6,23.49
示范园/2026年荔枝龙眼产业技术体系示范园-海口站（20260825）.doc,5,13,7,20.56
示范园/2026年荔枝龙眼产业技术体系示范园-海口站（20260825）.doc,5,13,8,0
示范园/2026年荔枝龙眼产业技术体系示范园-海口站（20260825）.doc,5,13,9,21.18
示范园/2026年荔枝龙眼产业技术体系示范园-海口站（20260825）.doc,5,14,2,C
示范园/2026年荔枝龙眼产业技术体系示范园-海口站（20260825）.doc,5,14,3,-
示范园/2026年荔枝龙眼产业技术体系示范园-海口站（20260825）.doc,5,14,4,
示范园/2026年荔枝龙眼产业技术体系示范园-海口站（20260825）.doc,5,14,5, 
示范园/2026年荔枝龙眼产业技术体系示范园-海口站（20260825）.doc,5,14,6,
示范园/2026年荔枝龙眼产业技术体系示范园-海口站（20260825）.doc,5,14,7,- 
示范园/2026年荔枝龙眼产业技术体系示范园-海口站（20260825）.doc,5,14,8,-
示范园/2026年荔枝龙眼产业技术体系示范园-海口站（20260825）.doc,5,14,9,
示范园/2026年荔枝龙眼产业技术体系示范园-海口站（20260825）.doc,5,15,1,世武果园
示范园/2026年荔枝龙眼产业技术体系示范园-海口站（20260825）.doc,5,15,2,A
示范园/2026年荔枝龙眼产业技术体系示范园-海口站（20260825）.doc,5,15,3,190
示范园/2026年荔枝龙眼产业技术体系示范园-海口站（20260825）.doc,5,15,4,33.28
示范园/2026年荔枝龙眼产业技术体系示范园-海口站（20260825）.doc,5,15,5,35.77
示范园/2026年荔枝龙眼产业技术体系示范园-海口站（20260825）.doc,5,15,6,39.28
示范园/2026年荔枝龙眼产业技术体系示范园-海口站（20260825）.doc,5,15,7,23.16
示范园/2026年荔枝龙眼产业技术体系示范园-海口站（20260825）.doc,5,15,8,0
示范园/2026年荔枝龙眼产业技术体系示范园-海口站（20260825）.doc,5,15,9,36.11
示范园/2026年荔枝龙眼产业技术体系示范园-海口站（20260825）.doc,5,15,10,1183.33 
示范园/2026年荔枝龙眼产业技术体系示范园-海口站（20260825）.doc,5,15,11,"组长：王祥和
组员：胡福初、严婷婷、李世武"
示范园/2026年荔枝龙眼产业技术体系示范园-海口站（20260825）.doc,5,16,2,B
示范园/2026年荔枝龙眼产业技术体系示范园-海口站（20260825）.doc,5,16,3,10
示范园/2026年荔枝龙眼产业技术体系示范园-海口站（20260825）.doc,5,16,4,20.66
示范园/2026年荔枝龙眼产业技术体系示范园-海口站（20260825）.doc,5,16,5,24.05
示范园/2026年荔枝龙眼产业技术体系示范园-海口站（20260825）.doc,5,16,6,27.23
示范园/2026年荔枝龙眼产业技术体系示范园-海口站（20260825）.doc,5,16,7,22.35
示范园/2026年荔枝龙眼产业技术体系示范园-海口站（20260825）.doc,5,16,8,0
示范园/2026年荔枝龙眼产业技术体系示范园-海口站（20260825）.doc,5,16,9,23.98
示范园/2026年荔枝龙眼产业技术体系示范园-海口站（20260825）.doc,5,17,2,C
示范园/2026年荔枝龙眼产业技术体系示范园-海口站（20260825）.doc,5,17,3,-
示范园/2026年荔枝龙眼产业技术体系示范园-海口站（20260825）.doc,5,17,4,
示范园/2026年荔枝龙眼产业技术体系示范园-海口站（20260825）.doc,5,17,5,
示范园/2026年荔枝龙眼产业技术体系示范园-海口站（20260825）.doc,5,17,6,
示范园/2026年荔枝龙眼产业技术体系示范园-海口站（20260825）.doc,5,17,7,- 
示范园/2026年荔枝龙眼产业技术体系示范园-海口站（20260825）.doc,5,17,8,-
示范园/2026年荔枝龙眼产业技术体系示范园-海口站（20260825）.doc,5,17,9, -
示范园/2026年荔枝龙眼产业技术体系示范园-海口站（20260825）.doc,5,18,1,鲁宏果园
示范园/2026年荔枝龙眼产业技术体系示范园-海口站（20260825）.doc,5,18,2,A
示范园/2026年荔枝龙眼产业技术体系示范园-海口站（20260825）.doc,5,18,3,170
示范园/2026年荔枝龙眼产业技术体系示范园-海口站（20260825）.doc,5,18,4,71.67
示范园/2026年荔枝龙眼产业技术体系示范园-海口站（20260825）.doc,5,18,5,76.23
示范园/2026年荔枝龙眼产业技术体系示范园-海口站（20260825）.doc,5,18,6,77.88
示范园/2026年荔枝龙眼产业技术体系示范园-海口站（20260825）.doc,5,18,7,20.53
示范园/2026年荔枝龙眼产业技术体系示范园-海口站（20260825）.doc,5,18,8,0
示范园/2026年荔枝龙眼产业技术体系示范园-海口站（20260825）.doc,5,18,9,75.26
示范园/2026年荔枝龙眼产业技术体系示范园-海口站（20260825）.doc,5,18,10,1205.88
示范园/2026年荔枝龙眼产业技术体系示范园-海口站（20260825）.doc,5,18,11,"组长：王祥和
组员：胡福初、张留才"
示范园/2026年荔枝龙眼产业技术体系示范园-海口站（20260825）.doc,5,19,2,B
示范园/2026年荔枝龙眼产业技术体系示范园-海口站（20260825）.doc,5,19,3,30
示范园/2026年荔枝龙眼产业技术体系示范园-海口站（20260825）.doc,5,19,4,50.78
示范园/2026年荔枝龙眼产业技术体系示范园-海口站（20260825）.doc,5,19,5,52.88
示范园/2026年荔枝龙眼产业技术体系示范园-海口站（20260825）.doc,5,19,6,63.98
示范园/2026年荔枝龙眼产业技术体系示范园-海口站（20260825）.doc,5,19,7,19.25
示范园/2026年荔枝龙眼产业技术体系示范园-海口站（20260825）.doc,5,19,8,0
示范园/2026年荔枝龙眼产业技术体系示范园-海口站（20260825）.doc,5,19,9,55.88
示范园/2026年荔枝龙眼产业技术体系示范园-海口站（20260825）.doc,5,20,2,C
示范园/2026年荔枝龙眼产业技术体系示范园-海口站（20260825）.doc,5,20,3,-
示范园/2026年荔枝龙眼产业技术体系示范园-海口站（20260825）.doc,5,20,4,
示范园/2026年荔枝龙眼产业技术体系示范园-海口站（20260825）.doc,5,20,5,
示范园/2026年荔枝龙眼产业技术体系示范园-海口站（20260825）.doc,5,20,6,
示范园/2026年荔枝龙眼产业技术体系示范园-海口站（20260825）.doc,5,20,7, -
示范园/2026年荔枝龙眼产业技术体系示范园-海口站（20260825）.doc,5,20,8,-
示范园/2026年荔枝龙眼产业技术体系示范园-海口站（20260825）.doc,5,20,9,-
示范园/2026年荔枝龙眼产业技术体系示范园-海口站（20260825）.doc,6,1,1,示范园
示范园/2026年荔枝龙眼产业技术体系示范园-海口站（20260825）.doc,6,1,2,土地费用
示范园/2026年荔枝龙眼产业技术体系示范园-海口站（20260825）.doc,6,1,3,肥料费用
示范园/2026年荔枝龙眼产业技术体系示范园-海口站（20260825）.doc,6,1,4,农药费用
示范园/2026年荔枝龙眼产业技术体系示范园-海口站（20260825）.doc,6,1,5,固定资产折旧
示范园/2026年荔枝龙眼产业技术体系示范园-海口站（20260825）.doc,6,1,6,劳动投入
示范园/2026年荔枝龙眼产业技术体系示范园-海口站（20260825）.doc,6,1,7,亩投入
示范园/2026年荔枝龙眼产业技术体系示范园-海口站（20260825）.doc,6,1,8,亩产出
示范园/2026年荔枝龙眼产业技术体系示范园-海口站（20260825）.doc,6,1,9,亩利润
示范园/2026年荔枝龙眼产业技术体系示范园-海口站（20260825）.doc,6,2,2,租金
示范园/2026年荔枝龙眼产业技术体系示范园-海口站（20260825）.doc,6,2,3,自营地折价
示范园/2026年荔枝龙眼产业技术体系示范园-海口站（20260825）.doc,6,2,4,化肥
示范园/2026年荔枝龙眼产业技术体系示范园-海口站（20260825）.doc,6,2,5,有机肥
示范园/2026年荔枝龙眼产业技术体系示范园-海口站（20260825）.doc,6,2,8,亩用工
示范园/2026年荔枝龙眼产业技术体系示范园-海口站（20260825）.doc,6,2,9,日工价
示范园/2026年荔枝龙眼产业技术体系示范园-海口站（20260825）.doc,6,2,10,劳动力投入
示范园/2026年荔枝龙眼产业技术体系示范园-海口站（20260825）.doc,6,2,11,示范园投入
示范园/2026年荔枝龙眼产业技术体系示范园-海口站（20260825）.doc,6,2,12,当地平均投入
示范园/2026年荔枝龙眼产业技术体系示范园-海口站（20260825）.doc,6,2,13,示范园产出
示范园/2026年荔枝龙眼产业技术体系示范园-海口站（20260825）.doc,6,2,14,当地平均产出
示范园/2026年荔枝龙眼产业技术体系示范园-海口站（20260825）.doc,6,2,15,示范园亩利润
示范园/2026年荔枝龙眼产业技术体系示范园-海口站（20260825）.doc,6,2,16,当地平均利润
示范园/2026年荔枝龙眼产业技术体系示范园-海口站（20260825）.doc,6,3,1,办内果园
示范园/2026年荔枝龙眼产业技术体系示范园-海口站（20260825）.doc,6,3,2,0
示范园/2026年荔枝龙眼产业技术体系示范园-海口站（20260825）.doc,6,3,3,800
示范园/2026年荔枝龙眼产业技术体系示范园-海口站（20260825）.doc,6,3,4,580
示范园/2026年荔枝龙眼产业技术体系示范园-海口站（20260825）.doc,6,3,5,0
示范园/2026年荔枝龙眼产业技术体系示范园-海口站（20260825）.doc,6,3,6,690
示范园/2026年荔枝龙眼产业技术体系示范园-海口站（20260825）.doc,6,3,7,10
示范园/2026年荔枝龙眼产业技术体系示范园-海口站（20260825）.doc,6,3,8,5
示范园/2026年荔枝龙眼产业技术体系示范园-海口站（20260825）.doc,6,3,9,120
示范园/2026年荔枝龙眼产业技术体系示范园-海口站（20260825）.doc,6,3,10,1300
示范园/2026年荔枝龙眼产业技术体系示范园-海口站（20260825）.doc,6,3,11,3380
示范园/2026年荔枝龙眼产业技术体系示范园-海口站（20260825）.doc,6,3,12,3500
示范园/2026年荔枝龙眼产业技术体系示范园-海口站（20260825）.doc,6,3,13,14368
示范园/2026年荔枝龙眼产业技术体系示范园-海口站（20260825）.doc,6,3,14,12000
示范园/2026年荔枝龙眼产业技术体系示范园-海口站（20260825）.doc,6,3,15,7750
示范园/2026年荔枝龙眼产业技术体系示范园-海口站（20260825）.doc,6,3,16,4300
示范园/2026年荔枝龙眼产业技术体系示范园-海口站（20260825）.doc,6,4,1,会华果园
示范园/2026年荔枝龙眼产业技术体系示范园-海口站（20260825）.doc,6,4,2,2000
示范园/2026年荔枝龙眼产业技术体系示范园-海口站（20260825）.doc,6,4,3,0
示范园/2026年荔枝龙眼产业技术体系示范园-海口站（20260825）.doc,6,4,4,820
示范园/2026年荔枝龙眼产业技术体系示范园-海口站（20260825）.doc,6,4,5,0
示范园/2026年荔枝龙眼产业技术体系示范园-海口站（20260825）.doc,6,4,6,730
示范园/2026年荔枝龙眼产业技术体系示范园-海口站（20260825）.doc,6,4,7,50
示范园/2026年荔枝龙眼产业技术体系示范园-海口站（20260825）.doc,6,4,8,10
示范园/2026年荔枝龙眼产业技术体系示范园-海口站（20260825）.doc,6,4,9,150
示范园/2026年荔枝龙眼产业技术体系示范园-海口站（20260825）.doc,6,4,10,1500
示范园/2026年荔枝龙眼产业技术体系示范园-海口站（20260825）.doc,6,4,11,5050
示范园/2026年荔枝龙眼产业技术体系示范园-海口站（20260825）.doc,6,4,12,4500
示范园/2026年荔枝龙眼产业技术体系示范园-海口站（20260825）.doc,6,4,13,8253 
示范园/2026年荔枝龙眼产业技术体系示范园-海口站（20260825）.doc,6,4,14,6000
示范园/2026年荔枝龙眼产业技术体系示范园-海口站（20260825）.doc,6,4,15,2050
示范园/2026年荔枝龙眼产业技术体系示范园-海口站（20260825）.doc,6,4,16,1500 
示范园/2026年荔枝龙眼产业技术体系示范园-海口站（20260825）.doc,6,5,1,龙元果园
示范园/2026年荔枝龙眼产业技术体系示范园-海口站（20260825）.doc,6,5,2,2000
示范园/2026年荔枝龙眼产业技术体系示范园-海口站（20260825）.doc,6,5,3,0
示范园/2026年荔枝龙眼产业技术体系示范园-海口站（20260825）.doc,6,5,4,845
示范园/2026年荔枝龙眼产业技术体系示范园-海口站（20260825）.doc,6,5,5,600
示范园/2026年荔枝龙眼产业技术体系示范园-海口站（20260825）.doc,6,5,6,1200
示范园/2026年荔枝龙眼产业技术体系示范园-海口站（20260825）.doc,6,5,7,150
示范园/2026年荔枝龙眼产业技术体系示范园-海口站（20260825）.doc,6,5,8,5
示范园/2026年荔枝龙眼产业技术体系示范园-海口站（20260825）.doc,6,5,9,30
示范园/2026年荔枝龙眼产业技术体系示范园-海口站（20260825）.doc,6,5,10,1500
示范园/2026年荔枝龙眼产业技术体系示范园-海口站（20260825）.doc,6,5,11,6295
示范园/2026年荔枝龙眼产业技术体系示范园-海口站（20260825）.doc,6,5,12,4200
示范园/2026年荔枝龙眼产业技术体系示范园-海口站（20260825）.doc,6,5,13,10800
示范园/2026年荔枝龙眼产业技术体系示范园-海口站（20260825）.doc,6,5,14,6500
示范园/2026年荔枝龙眼产业技术体系示范园-海口站（20260825）.doc,6,5,15,4505 
示范园/2026年荔枝龙眼产业技术体系示范园-海口站（20260825）.doc,6,5,16,2300 
示范园/2026年荔枝龙眼产业技术体系示范园-海口站（20260825）.doc,6,6,1,世武果园
示范园/2026年荔枝龙眼产业技术体系示范园-海口站（20260825）.doc,6,6,2,0
示范园/2026年荔枝龙眼产业技术体系示范园-海口站（20260825）.doc,6,6,3,800
示范园/2026年荔枝龙眼产业技术体系示范园-海口站（20260825）.doc,6,6,4,1100
示范园/2026年荔枝龙眼产业技术体系示范园-海口站（20260825）.doc,6,6,5,800
示范园/2026年荔枝龙眼产业技术体系示范园-海口站（20260825）.doc,6,6,6,680
示范园/2026年荔枝龙眼产业技术体系示范园-海口站（20260825）.doc,6,6,7,100
示范园/2026年荔枝龙眼产业技术体系示范园-海口站（20260825）.doc,6,6,8,15
示范园/2026年荔枝龙眼产业技术体系示范园-海口站（20260825）.doc,6,6,9,200
示范园/2026年荔枝龙眼产业技术体系示范园-海口站（20260825）.doc,6,6,10,3000
示范园/2026年荔枝龙眼产业技术体系示范园-海口站（20260825）.doc,6,6,11,7203
示范园/2026年荔枝龙眼产业技术体系示范园-海口站（20260825）.doc,6,6,12,5100
示范园/2026年荔枝龙眼产业技术体系示范园-海口站（20260825）.doc,6,6,13,13253
示范园/2026年荔枝龙眼产业技术体系示范园-海口站（20260825）.doc,6,6,14,10200
示范园/2026年荔枝龙眼产业技术体系示范园-海口站（20260825）.doc,6,6,15,6050
示范园/2026年荔枝龙眼产业技术体系示范园-海口站（20260825）.doc,6,6,16,5100 
示范园/2026年荔枝龙眼产业技术体系示范园-海口站（20260825）.doc,6,7,1,鲁宏果园
示范园/2026年荔枝龙眼产业技术体系示范园-海口站（20260825）.doc,6,7,2,2941
示范园/2026年荔枝龙眼产业技术体系示范园-海口站（20260825）.doc,6,7,3,0
示范园/2026年荔枝龙眼产业技术体系示范园-海口站（20260825）.doc,6,7,4,1585
示范园/2026年荔枝龙眼产业技术体系示范园-海口站（20260825）.doc,6,7,5,0
示范园/2026年荔枝龙眼产业技术体系示范园-海口站（20260825）.doc,6,7,6,3788
示范园/2026年荔枝龙眼产业技术体系示范园-海口站（20260825）.doc,6,7,7,300
示范园/2026年荔枝龙眼产业技术体系示范园-海口站（20260825）.doc,6,7,8,24
示范园/2026年荔枝龙眼产业技术体系示范园-海口站（20260825）.doc,6,7,9,200
示范园/2026年荔枝龙眼产业技术体系示范园-海口站（20260825）.doc,6,7,10,4864
示范园/2026年荔枝龙眼产业技术体系示范园-海口站（20260825）.doc,6,7,11,14839
示范园/2026年荔枝龙眼产业技术体系示范园-海口站（20260825）.doc,6,7,12,14100
示范园/2026年荔枝龙眼产业技术体系示范园-海口站（20260825）.doc,6,7,13,12780 
示范园/2026年荔枝龙眼产业技术体系示范园-海口站（20260825）.doc,6,7,14,9000
示范园/2026年荔枝龙眼产业技术体系示范园-海口站（20260825）.doc,6,7,15,-2059
示范园/2026年荔枝龙眼产业技术体系示范园-海口站（20260825）.doc,6,7,16,-5100
