station_id,region_id,source_station_code,date,source_file,source_sheet,source_row,tmean_c,tmean_c_raw,tmean_c_source_cell,tmin_c,tmin_c_raw,tmin_c_source_cell,tmax_c,tmax_c_raw,tmax_c_source_cell,precip_mm,precip_mm_raw,precip_mm_source_cell,relative_humidity_pct,relative_humidity_pct_raw,relative_humidity_pct_source_cell,sunshine_h,sunshine_h_raw,sunshine_h_source_cell,wind_speed,wind_speed_raw,wind_speed_source_cell
haikou_region_proxy,haikou,NA,2021-10-01,气象数据原/海口市2021-2026气象数据.xlsx,2021年,2,28.4,28.4,G2,24,24,F2,34.6,34.6,E2,0,0,H2,73,73,J2,10.5,10.5,I2,NA,,
haikou_region_proxy,haikou,NA,2021-10-02,气象数据原/海口市2021-2026气象数据.xlsx,2021年,3,28.4,28.4,G3,24.6,24.6,F3,33.7,33.7,E3,0,0,H3,71.8,71.8,J3,10.2,10.2,I3,NA,,
haikou_region_proxy,haikou,NA,2021-10-03,气象数据原/海口市2021-2026气象数据.xlsx,2021年,4,28.4,28.4,G4,25,25,F4,34,34,E4,0,0,H4,76.5,76.5,J4,8.6,8.6,I4,NA,,
haikou_region_proxy,haikou,NA,2021-10-04,气象数据原/海口市2021-2026气象数据.xlsx,2021年,5,27,27,G5,25.3,25.3,F5,32.8,32.8,E5,16.2,16.2,H5,87.5,87.5,J5,4.4,4.4,I5,NA,,
haikou_region_proxy,haikou,NA,2021-10-05,气象数据原/海口市2021-2026气象数据.xlsx,2021年,6,25.5,25.5,G6,23.6,23.6,F6,26.1,26.1,E6,90,90,H6,96.8,96.8,J6,0,0,I6,NA,,
haikou_region_proxy,haikou,NA,2021-10-06,气象数据原/海口市2021-2026气象数据.xlsx,2021年,7,26.9,26.9,G7,24.4,24.4,F7,32.2,32.2,E7,6.1,6.1,H7,88.5,88.5,J7,4,4,I7,NA,,
haikou_region_proxy,haikou,NA,2021-10-07,气象数据原/海口市2021-2026气象数据.xlsx,2021年,8,25.9,25.9,G8,24.6,24.6,F8,28.1,28.1,E8,22.5,22.5,H8,93,93,J8,1.1,1.1,I8,NA,,
haikou_region_proxy,haikou,NA,2021-10-08,气象数据原/海口市2021-2026气象数据.xlsx,2021年,9,25.3,25.3,G9,24.8,24.8,F9,26.2,26.2,E9,216.3,216.3,H9,96.8,96.8,J9,0,0,I9,NA,,
haikou_region_proxy,haikou,NA,2021-10-09,气象数据原/海口市2021-2026气象数据.xlsx,2021年,10,25.6,25.6,G10,24.5,24.5,F10,27,27,E10,72.7,72.7,H10,95.8,95.8,J10,0,0,I10,NA,,
haikou_region_proxy,haikou,NA,2021-10-10,气象数据原/海口市2021-2026气象数据.xlsx,2021年,11,27.2,27.2,G11,24.3,24.3,F11,32.2,32.2,E11,5.1,5.1,H11,83.8,83.8,J11,5.3,5.3,I11,NA,,
haikou_region_proxy,haikou,NA,2021-10-11,气象数据原/海口市2021-2026气象数据.xlsx,2021年,12,26.4,26.4,G12,24.9,24.9,F12,28.9,28.9,E12,3.6,3.6,H12,92,92,J12,3.3,3.3,I12,NA,,
haikou_region_proxy,haikou,NA,2021-10-12,气象数据原/海口市2021-2026气象数据.xlsx,2021年,13,24.7,24.7,G13,22.4,22.4,F13,27.2,27.2,E13,0,0,H13,74.8,74.8,J13,8.8,8.8,I13,NA,,
haikou_region_proxy,haikou,NA,2021-10-13,气象数据原/海口市2021-2026气象数据.xlsx,2021年,14,22.8,22.8,G14,19.4,19.4,F14,24.7,24.7,E14,48.1,48.1,H14,88,88,J14,0,0,I14,NA,,
haikou_region_proxy,haikou,NA,2021-10-14,气象数据原/海口市2021-2026气象数据.xlsx,2021年,15,25.8,25.8,G15,24,24,F15,30.1,30.1,E15,15.2,15.2,H15,86.5,86.5,J15,1,1,I15,NA,,
haikou_region_proxy,haikou,NA,2021-10-15,气象数据原/海口市2021-2026气象数据.xlsx,2021年,16,26.1,26.1,G16,24.3,24.3,F16,29.4,29.4,E16,98.5,98.5,H16,95.8,95.8,J16,0.1,0.1,I16,NA,,
haikou_region_proxy,haikou,NA,2021-10-16,气象数据原/海口市2021-2026气象数据.xlsx,2021年,17,24.8,24.8,G17,22.5,22.5,F17,26.4,26.4,E17,18.2,18.2,H17,91.8,91.8,J17,0,0,I17,NA,,
haikou_region_proxy,haikou,NA,2021-10-17,气象数据原/海口市2021-2026气象数据.xlsx,2021年,18,23.2,23.2,G18,22.7,22.7,F18,24.7,24.7,E18,3.1,3.1,H18,90.2,90.2,J18,0,0,I18,NA,,
haikou_region_proxy,haikou,NA,2021-10-18,气象数据原/海口市2021-2026气象数据.xlsx,2021年,19,23.8,23.8,G19,22.8,22.8,F19,25,25,E19,51.4,51.4,H19,96.5,96.5,J19,0,0,I19,NA,,
haikou_region_proxy,haikou,NA,2021-10-19,气象数据原/海口市2021-2026气象数据.xlsx,2021年,20,25.8,25.8,G20,24.2,24.2,F20,29.6,29.6,E20,7.1,7.1,H20,90,90,J20,0.8,0.8,I20,NA,,
haikou_region_proxy,haikou,NA,2021-10-20,气象数据原/海口市2021-2026气象数据.xlsx,2021年,21,26.2,26.2,G21,24.1,24.1,F21,30.7,30.7,E21,0.1,0.1,H21,88.2,88.2,J21,3.3,3.3,I21,NA,,
haikou_region_proxy,haikou,NA,2021-10-21,气象数据原/海口市2021-2026气象数据.xlsx,2021年,22,27.1,27.1,G22,24.1,24.1,F22,32.8,32.8,E22,5.9,5.9,H22,85.5,85.5,J22,6.3,6.3,I22,NA,,
haikou_region_proxy,haikou,NA,2021-10-22,气象数据原/海口市2021-2026气象数据.xlsx,2021年,23,21.2,21.2,G23,20,20,F23,23.4,23.4,E23,9.5,9.5,H23,95.2,95.2,J23,0,0,I23,NA,,
haikou_region_proxy,haikou,NA,2021-10-23,气象数据原/海口市2021-2026气象数据.xlsx,2021年,24,21.3,21.3,G24,20.1,20.1,F24,23,23,E24,0.9,0.9,H24,85.2,85.2,J24,0,0,I24,NA,,
haikou_region_proxy,haikou,NA,2021-10-24,气象数据原/海口市2021-2026气象数据.xlsx,2021年,25,22.7,22.7,G25,20.4,20.4,F25,26.2,26.2,E25,0.5,0.5,H25,82.8,82.8,J25,4.5,4.5,I25,NA,,
haikou_region_proxy,haikou,NA,2021-10-25,气象数据原/海口市2021-2026气象数据.xlsx,2021年,26,23,23,G26,21.3,21.3,F26,26.6,26.6,E26,0,0,H26,76.5,76.5,J26,8.9,8.9,I26,NA,,
haikou_region_proxy,haikou,NA,2021-10-26,气象数据原/海口市2021-2026气象数据.xlsx,2021年,27,23.1,23.1,G27,20.1,20.1,F27,25.9,25.9,E27,0,0,H27,85.5,85.5,J27,2.5,2.5,I27,NA,,
haikou_region_proxy,haikou,NA,2021-10-27,气象数据原/海口市2021-2026气象数据.xlsx,2021年,28,23.9,23.9,G28,23.3,23.3,F28,24.8,24.8,E28,20.1,20.1,H28,94,94,J28,0,0,I28,NA,,
haikou_region_proxy,haikou,NA,2021-10-28,气象数据原/海口市2021-2026气象数据.xlsx,2021年,29,24.4,24.4,G29,23.6,23.6,F29,25.5,25.5,E29,80.6,80.6,H29,93.8,93.8,J29,0,0,I29,NA,,
haikou_region_proxy,haikou,NA,2021-10-29,气象数据原/海口市2021-2026气象数据.xlsx,2021年,30,25.2,25.2,G30,23.3,23.3,F30,29.3,29.3,E30,3.1,3.1,H30,88,88,J30,2.3,2.3,I30,NA,,
haikou_region_proxy,haikou,NA,2021-10-30,气象数据原/海口市2021-2026气象数据.xlsx,2021年,31,25.2,25.2,G31,23.4,23.4,F31,27.6,27.6,E31,2,2,H31,88.5,88.5,J31,0.2,0.2,I31,NA,,
haikou_region_proxy,haikou,NA,2021-10-31,气象数据原/海口市2021-2026气象数据.xlsx,2021年,32,25.4,25.4,G32,23,23,F32,29.2,29.2,E32,0.5,0.5,H32,85,85,J32,2.4,2.4,I32,NA,,
haikou_region_proxy,haikou,NA,2021-11-01,气象数据原/海口市2021-2026气象数据.xlsx,2021年,33,25,25,G33,22.9,22.9,F33,29.4,29.4,E33,2.6,2.6,H33,90.5,90.5,J33,1.4,1.4,I33,NA,,
haikou_region_proxy,haikou,NA,2021-11-02,气象数据原/海口市2021-2026气象数据.xlsx,2021年,34,25.4,25.4,G34,23.3,23.3,F34,29.7,29.7,E34,12.2,12.2,H34,90.5,90.5,J34,2.8,2.8,I34,NA,,
haikou_region_proxy,haikou,NA,2021-11-03,气象数据原/海口市2021-2026气象数据.xlsx,2021年,35,26,26,G35,23.8,23.8,F35,29.1,29.1,E35,55.8,55.8,H35,90,90,J35,3.3,3.3,I35,NA,,
haikou_region_proxy,haikou,NA,2021-11-04,气象数据原/海口市2021-2026气象数据.xlsx,2021年,36,26,26,G36,24,24,F36,30.7,30.7,E36,0.1,0.1,H36,87.5,87.5,J36,3.5,3.5,I36,NA,,
haikou_region_proxy,haikou,NA,2021-11-05,气象数据原/海口市2021-2026气象数据.xlsx,2021年,37,26.7,26.7,G37,24.2,24.2,F37,31.9,31.9,E37,0.1,0.1,H37,84.8,84.8,J37,6.2,6.2,I37,NA,,
haikou_region_proxy,haikou,NA,2021-11-06,气象数据原/海口市2021-2026气象数据.xlsx,2021年,38,26.8,26.8,G38,23.3,23.3,F38,32.7,32.7,E38,0,0,H38,81.8,81.8,J38,9.1,9.1,I38,NA,,
haikou_region_proxy,haikou,NA,2021-11-07,气象数据原/海口市2021-2026气象数据.xlsx,2021年,39,26.2,26.2,G39,23.2,23.2,F39,31.2,31.2,E39,0,0,H39,81.2,81.2,J39,5,5,I39,NA,,
haikou_region_proxy,haikou,NA,2021-11-08,气象数据原/海口市2021-2026气象数据.xlsx,2021年,40,21.7,21.7,G40,19.4,19.4,F40,24.6,24.6,E40,0,0,H40,82,82,J40,0.6,0.6,I40,NA,,
haikou_region_proxy,haikou,NA,2021-11-09,气象数据原/海口市2021-2026气象数据.xlsx,2021年,41,20.4,20.4,G41,17.9,17.9,F41,23.4,23.4,E41,0,0,H41,71.5,71.5,J41,6,6,I41,NA,,
haikou_region_proxy,haikou,NA,2021-11-10,气象数据原/海口市2021-2026气象数据.xlsx,2021年,42,21.8,21.8,G42,19.9,19.9,F42,25.8,25.8,E42,0,0,H42,60.8,60.8,J42,7.4,7.4,I42,NA,,
haikou_region_proxy,haikou,NA,2021-11-11,气象数据原/海口市2021-2026气象数据.xlsx,2021年,43,21.2,21.2,G43,17,17,F43,26.6,26.6,E43,0,0,H43,74.5,74.5,J43,4.7,4.7,I43,NA,,
haikou_region_proxy,haikou,NA,2021-11-12,气象数据原/海口市2021-2026气象数据.xlsx,2021年,44,23.1,23.1,G44,21.4,21.4,F44,27.4,27.4,E44,0,0,H44,72,72,J44,7.8,7.8,I44,NA,,
haikou_region_proxy,haikou,NA,2021-11-13,气象数据原/海口市2021-2026气象数据.xlsx,2021年,45,22.6,22.6,G45,20.6,20.6,F45,26.9,26.9,E45,0,0,H45,62.2,62.2,J45,9.6,9.6,I45,NA,,
haikou_region_proxy,haikou,NA,2021-11-14,气象数据原/海口市2021-2026气象数据.xlsx,2021年,46,22.4,22.4,G46,18.8,18.8,F46,27.1,27.1,E46,0,0,H46,71.5,71.5,J46,8.2,8.2,I46,NA,,
haikou_region_proxy,haikou,NA,2021-11-15,气象数据原/海口市2021-2026气象数据.xlsx,2021年,47,23.2,23.2,G47,20.6,20.6,F47,27.4,27.4,E47,0,0,H47,79,79,J47,3,3,I47,NA,,
haikou_region_proxy,haikou,NA,2021-11-16,气象数据原/海口市2021-2026气象数据.xlsx,2021年,48,23.4,23.4,G48,21.2,21.2,F48,26.9,26.9,E48,0,0,H48,87.2,87.2,J48,2.9,2.9,I48,NA,,
haikou_region_proxy,haikou,NA,2021-11-17,气象数据原/海口市2021-2026气象数据.xlsx,2021年,49,23.7,23.7,G49,22.7,22.7,F49,26.5,26.5,E49,0.9,0.9,H49,91.2,91.2,J49,0.2,0.2,I49,NA,,
haikou_region_proxy,haikou,NA,2021-11-18,气象数据原/海口市2021-2026气象数据.xlsx,2021年,50,23.2,23.2,G50,21.2,21.2,F50,27.6,27.6,E50,0,0,H50,80,80,J50,3.8,3.8,I50,NA,,
haikou_region_proxy,haikou,NA,2021-11-19,气象数据原/海口市2021-2026气象数据.xlsx,2021年,51,23.4,23.4,G51,19.3,19.3,F51,28.9,28.9,E51,0,0,H51,80,80,J51,6.3,6.3,I51,NA,,
haikou_region_proxy,haikou,NA,2021-11-20,气象数据原/海口市2021-2026气象数据.xlsx,2021年,52,25.2,25.2,G52,22,22,F52,30.4,30.4,E52,0,0,H52,80,80,J52,6,6,I52,NA,,
haikou_region_proxy,haikou,NA,2021-11-21,气象数据原/海口市2021-2026气象数据.xlsx,2021年,53,26.3,26.3,G53,23.4,23.4,F53,31.5,31.5,E53,0.6,0.6,H53,83,83,J53,5.8,5.8,I53,NA,,
haikou_region_proxy,haikou,NA,2021-11-22,气象数据原/海口市2021-2026气象数据.xlsx,2021年,54,21.4,21.4,G54,18.6,18.6,F54,25.1,25.1,E54,1.2,1.2,H54,94,94,J54,0.1,0.1,I54,NA,,
haikou_region_proxy,haikou,NA,2021-11-23,气象数据原/海口市2021-2026气象数据.xlsx,2021年,55,18.2,18.2,G55,17.3,17.3,F55,18.8,18.8,E55,0.7,0.7,H55,86.5,86.5,J55,0,0,I55,NA,,
haikou_region_proxy,haikou,NA,2021-11-24,气象数据原/海口市2021-2026气象数据.xlsx,2021年,56,19.4,19.4,G56,17.2,17.2,F56,23.1,23.1,E56,0,0,H56,75.2,75.2,J56,4.9,4.9,I56,NA,,
haikou_region_proxy,haikou,NA,2021-11-25,气象数据原/海口市2021-2026气象数据.xlsx,2021年,57,19.4,19.4,G57,15.9,15.9,F57,25.9,25.9,E57,0,0,H57,77.2,77.2,J57,6.1,6.1,I57,NA,,
haikou_region_proxy,haikou,NA,2021-11-26,气象数据原/海口市2021-2026气象数据.xlsx,2021年,58,20.6,20.6,G58,17.1,17.1,F58,27,27,E58,0,0,H58,77,77,J58,6.8,6.8,I58,NA,,
haikou_region_proxy,haikou,NA,2021-11-27,气象数据原/海口市2021-2026气象数据.xlsx,2021年,59,20.6,20.6,G59,16.9,16.9,F59,25.4,25.4,E59,0,0,H59,76.8,76.8,J59,2.2,2.2,I59,NA,,
haikou_region_proxy,haikou,NA,2021-11-28,气象数据原/海口市2021-2026气象数据.xlsx,2021年,60,21.9,21.9,G60,20.7,20.7,F60,24,24,E60,0,0,H60,77.8,77.8,J60,1.1,1.1,I60,NA,,
haikou_region_proxy,haikou,NA,2021-11-29,气象数据原/海口市2021-2026气象数据.xlsx,2021年,61,21.9,21.9,G61,19.7,19.7,F61,26.5,26.5,E61,0,0,H61,76.5,76.5,J61,9.3,9.3,I61,NA,,
haikou_region_proxy,haikou,NA,2021-11-30,气象数据原/海口市2021-2026气象数据.xlsx,2021年,62,20.7,20.7,G62,18.3,18.3,F62,26.1,26.1,E62,0,0,H62,77.8,77.8,J62,9,9,I62,NA,,
haikou_region_proxy,haikou,NA,2021-12-01,气象数据原/海口市2021-2026气象数据.xlsx,2021年,63,19.4,19.4,G63,15.9,15.9,F63,22.4,22.4,E63,0,0,H63,65.5,65.5,J63,3.8,3.8,I63,NA,,
haikou_region_proxy,haikou,NA,2021-12-02,气象数据原/海口市2021-2026气象数据.xlsx,2021年,64,18.4,18.4,G64,14.2,14.2,F64,23.2,23.2,E64,0,0,H64,65.2,65.2,J64,9.1,9.1,I64,NA,,
haikou_region_proxy,haikou,NA,2021-12-03,气象数据原/海口市2021-2026气象数据.xlsx,2021年,65,17,17,G65,12.7,12.7,F65,24.6,24.6,E65,0,0,H65,65.2,65.2,J65,9.4,9.4,I65,NA,,
haikou_region_proxy,haikou,NA,2021-12-04,气象数据原/海口市2021-2026气象数据.xlsx,2021年,66,17.2,17.2,G66,11.5,11.5,F66,23.7,23.7,E66,0,0,H66,70,70,J66,9.4,9.4,I66,NA,,
haikou_region_proxy,haikou,NA,2021-12-05,气象数据原/海口市2021-2026气象数据.xlsx,2021年,67,19.6,19.6,G67,17.1,17.1,F67,24.5,24.5,E67,0,0,H67,66.5,66.5,J67,8.4,8.4,I67,NA,,
haikou_region_proxy,haikou,NA,2021-12-06,气象数据原/海口市2021-2026气象数据.xlsx,2021年,68,18,18,G68,12.9,12.9,F68,24.9,24.9,E68,0,0,H68,67.5,67.5,J68,7.8,7.8,I68,NA,,
haikou_region_proxy,haikou,NA,2021-12-07,气象数据原/海口市2021-2026气象数据.xlsx,2021年,69,17.8,17.8,G69,13.2,13.2,F69,24,24,E69,0,0,H69,76,76,J69,7.4,7.4,I69,NA,,
haikou_region_proxy,haikou,NA,2021-12-08,气象数据原/海口市2021-2026气象数据.xlsx,2021年,70,22.1,22.1,G70,20.2,20.2,F70,25.2,25.2,E70,2,2,H70,84.2,84.2,J70,0.2,0.2,I70,NA,,
haikou_region_proxy,haikou,NA,2021-12-09,气象数据原/海口市2021-2026气象数据.xlsx,2021年,71,21.4,21.4,G71,19.2,19.2,F71,25.3,25.3,E71,0,0,H71,82,82,J71,2.1,2.1,I71,NA,,
haikou_region_proxy,haikou,NA,2021-12-10,气象数据原/海口市2021-2026气象数据.xlsx,2021年,72,20.2,20.2,G72,16.5,16.5,F72,26.3,26.3,E72,0,0,H72,79.5,79.5,J72,5.3,5.3,I72,NA,,
haikou_region_proxy,haikou,NA,2021-12-11,气象数据原/海口市2021-2026气象数据.xlsx,2021年,73,20.6,20.6,G73,18.9,18.9,F73,23.3,23.3,E73,5.2,5.2,H73,91.8,91.8,J73,0,0,I73,NA,,
haikou_region_proxy,haikou,NA,2021-12-12,气象数据原/海口市2021-2026气象数据.xlsx,2021年,74,20.6,20.6,G74,18.7,18.7,F74,25.9,25.9,E74,0.2,0.2,H74,87,87,J74,6.7,6.7,I74,NA,,
haikou_region_proxy,haikou,NA,2021-12-13,气象数据原/海口市2021-2026气象数据.xlsx,2021年,75,19.4,19.4,G75,18.1,18.1,F75,20.4,20.4,E75,0,0,H75,84,84,J75,0,0,I75,NA,,
haikou_region_proxy,haikou,NA,2021-12-14,气象数据原/海口市2021-2026气象数据.xlsx,2021年,76,19.2,19.2,G76,16.5,16.5,F76,24,24,E76,0,0,H76,84,84,J76,1.2,1.2,I76,NA,,
haikou_region_proxy,haikou,NA,2021-12-15,气象数据原/海口市2021-2026气象数据.xlsx,2021年,77,21.2,21.2,G77,18.9,18.9,F77,24.8,24.8,E77,0,0,H77,89.8,89.8,J77,0.7,0.7,I77,NA,,
haikou_region_proxy,haikou,NA,2021-12-16,气象数据原/海口市2021-2026气象数据.xlsx,2021年,78,22.6,22.6,G78,21.2,21.2,F78,27.3,27.3,E78,0,0,H78,89.5,89.5,J78,2.1,2.1,I78,NA,,
haikou_region_proxy,haikou,NA,2021-12-17,气象数据原/海口市2021-2026气象数据.xlsx,2021年,79,22.5,22.5,G79,21.6,21.6,F79,25,25,E79,0,0,H79,81,81,J79,0.4,0.4,I79,NA,,
haikou_region_proxy,haikou,NA,2021-12-18,气象数据原/海口市2021-2026气象数据.xlsx,2021年,80,19.3,19.3,G80,18.4,18.4,F80,21.7,21.7,E80,0,0,H80,71,71,J80,0,0,I80,NA,,
haikou_region_proxy,haikou,NA,2021-12-19,气象数据原/海口市2021-2026气象数据.xlsx,2021年,81,18.4,18.4,G81,17.8,17.8,F81,19.1,19.1,E81,0,0,H81,69.8,69.8,J81,0,0,I81,NA,,
haikou_region_proxy,haikou,NA,2021-12-20,气象数据原/海口市2021-2026气象数据.xlsx,2021年,82,16.6,16.6,G82,16.1,16.1,F82,17.8,17.8,E82,71.4,71.4,H82,93,93,J82,0,0,I82,NA,,
haikou_region_proxy,haikou,NA,2021-12-21,气象数据原/海口市2021-2026气象数据.xlsx,2021年,83,16.6,16.6,G83,14.5,14.5,F83,19.4,19.4,E83,2.7,2.7,H83,92.5,92.5,J83,0.2,0.2,I83,NA,,
haikou_region_proxy,haikou,NA,2021-12-22,气象数据原/海口市2021-2026气象数据.xlsx,2021年,84,19,19,G84,16.8,16.8,F84,22.2,22.2,E84,0,0,H84,87.2,87.2,J84,0,0,I84,NA,,
haikou_region_proxy,haikou,NA,2021-12-23,气象数据原/海口市2021-2026气象数据.xlsx,2021年,85,20.6,20.6,G85,18.6,18.6,F85,24.5,24.5,E85,0.2,0.2,H85,88.2,88.2,J85,0,0,I85,NA,,
haikou_region_proxy,haikou,NA,2021-12-24,气象数据原/海口市2021-2026气象数据.xlsx,2021年,86,21.5,21.5,G86,20.5,20.5,F86,24,24,E86,0.7,0.7,H86,92.8,92.8,J86,0.2,0.2,I86,NA,,
haikou_region_proxy,haikou,NA,2021-12-25,气象数据原/海口市2021-2026气象数据.xlsx,2021年,87,20.7,20.7,G87,19.9,19.9,F87,23,23,E87,0.1,0.1,H87,88.2,88.2,J87,0.7,0.7,I87,NA,,
haikou_region_proxy,haikou,NA,2021-12-26,气象数据原/海口市2021-2026气象数据.xlsx,2021年,88,18.3,18.3,G88,16.1,16.1,F88,20.7,20.7,E88,36.9,36.9,H88,91.8,91.8,J88,0,0,I88,NA,,
haikou_region_proxy,haikou,NA,2021-12-27,气象数据原/海口市2021-2026气象数据.xlsx,2021年,89,15.7,15.7,G89,15.2,15.2,F89,16.2,16.2,E89,15.6,15.6,H89,96.5,96.5,J89,0,0,I89,NA,,
haikou_region_proxy,haikou,NA,2021-12-28,气象数据原/海口市2021-2026气象数据.xlsx,2021年,90,16.7,16.7,G90,15.4,15.4,F90,17.9,17.9,E90,4.2,4.2,H90,96.5,96.5,J90,0,0,I90,NA,,
haikou_region_proxy,haikou,NA,2021-12-29,气象数据原/海口市2021-2026气象数据.xlsx,2021年,91,18.8,18.8,G91,17.4,17.4,F91,21.2,21.2,E91,0.5,0.5,H91,92.2,92.2,J91,0,0,I91,NA,,
haikou_region_proxy,haikou,NA,2021-12-30,气象数据原/海口市2021-2026气象数据.xlsx,2021年,92,17.9,17.9,G92,16.2,16.2,F92,20.4,20.4,E92,0,0,H92,89.2,89.2,J92,2.1,2.1,I92,NA,,
haikou_region_proxy,haikou,NA,2021-12-31,气象数据原/海口市2021-2026气象数据.xlsx,2021年,93,18.7,18.7,G93,16.3,16.3,F93,22.8,22.8,E93,0,0,H93,85.8,85.8,J93,1.3,1.3,I93,NA,,
haikou_region_proxy,haikou,NA,2022-01-01,气象数据原/海口市2021-2026气象数据.xlsx,2022,2,19.9,19.9,G2,18.8,18.8,F2,21.4,21.4,E2,0,0,H2,83,83,J2,NA,,I2,NA,,
haikou_region_proxy,haikou,NA,2022-01-02,气象数据原/海口市2021-2026气象数据.xlsx,2022,3,19.8,19.8,G3,19.1,19.1,F3,21.7,21.7,E3,0,0,H3,79,79,J3,NA,,I3,NA,,
haikou_region_proxy,haikou,NA,2022-01-03,气象数据原/海口市2021-2026气象数据.xlsx,2022,4,19.6,19.6,G4,17.2,17.2,F4,23.2,23.2,E4,0,0,H4,89,89,J4,NA,,I4,NA,,
haikou_region_proxy,haikou,NA,2022-01-04,气象数据原/海口市2021-2026气象数据.xlsx,2022,5,20.5,20.5,G5,18.5,18.5,F5,23.6,23.6,E5,0,0,H5,91,91,J5,NA,,I5,NA,,
haikou_region_proxy,haikou,NA,2022-01-05,气象数据原/海口市2021-2026气象数据.xlsx,2022,6,21.1,21.1,G6,20,20,F6,22.6,22.6,E6,0,0,H6,91,91,J6,NA,,I6,NA,,
haikou_region_proxy,haikou,NA,2022-01-06,气象数据原/海口市2021-2026气象数据.xlsx,2022,7,20.8,20.8,G7,19,19,F7,23.4,23.4,E7,0,0,H7,91,91,J7,NA,,I7,NA,,
haikou_region_proxy,haikou,NA,2022-01-07,气象数据原/海口市2021-2026气象数据.xlsx,2022,8,20.8,20.8,G8,19.7,19.7,F8,23.3,23.3,E8,0,0,H8,81,81,J8,NA,,I8,NA,,
haikou_region_proxy,haikou,NA,2022-01-08,气象数据原/海口市2021-2026气象数据.xlsx,2022,9,20.3,20.3,G9,19.4,19.4,F9,22.2,22.2,E9,0,0,H9,81,81,J9,NA,,I9,NA,,
haikou_region_proxy,haikou,NA,2022-01-09,气象数据原/海口市2021-2026气象数据.xlsx,2022,10,20.8,20.8,G10,19.4,19.4,F10,23.1,23.1,E10,0,0,H10,83,83,J10,NA,,I10,NA,,
haikou_region_proxy,haikou,NA,2022-01-10,气象数据原/海口市2021-2026气象数据.xlsx,2022,11,22.2,22.2,G11,19.9,19.9,F11,25.9,25.9,E11,0,0,H11,81,81,J11,NA,,I11,NA,,
haikou_region_proxy,haikou,NA,2022-01-11,气象数据原/海口市2021-2026气象数据.xlsx,2022,12,17.5,17.5,G12,16.1,16.1,F12,22.6,22.6,E12,0.2,0.2,H12,85,85,J12,NA,,I12,NA,,
haikou_region_proxy,haikou,NA,2022-01-12,气象数据原/海口市2021-2026气象数据.xlsx,2022,13,19,19,G13,17.2,17.2,F13,21.4,21.4,E13,0,0,H13,74,74,J13,NA,,I13,NA,,
haikou_region_proxy,haikou,NA,2022-01-13,气象数据原/海口市2021-2026气象数据.xlsx,2022,14,18.5,18.5,G14,17.1,17.1,F14,19.5,19.5,E14,0,0,H14,84,84,J14,NA,,I14,NA,,
haikou_region_proxy,haikou,NA,2022-01-14,气象数据原/海口市2021-2026气象数据.xlsx,2022,15,20.2,20.2,G15,17.9,17.9,F15,22.8,22.8,E15,0,0,H15,79,79,J15,NA,,I15,NA,,
haikou_region_proxy,haikou,NA,2022-01-15,气象数据原/海口市2021-2026气象数据.xlsx,2022,16,22.1,22.1,G16,18.9,18.9,F16,26.1,26.1,E16,0,0,H16,79,79,J16,NA,,I16,NA,,
haikou_region_proxy,haikou,NA,2022-01-16,气象数据原/海口市2021-2026气象数据.xlsx,2022,17,22.6,22.6,G17,20.6,20.6,F17,27.1,27.1,E17,0,0,H17,86,86,J17,NA,,I17,NA,,
haikou_region_proxy,haikou,NA,2022-01-17,气象数据原/海口市2021-2026气象数据.xlsx,2022,18,20.8,20.8,G18,18.2,18.2,F18,23.6,23.6,E18,0,0,H18,89,89,J18,NA,,I18,NA,,
haikou_region_proxy,haikou,NA,2022-01-18,气象数据原/海口市2021-2026气象数据.xlsx,2022,19,17.1,17.1,G19,15.4,15.4,F19,18.4,18.4,E19,0,0,H19,89,89,J19,NA,,I19,NA,,
haikou_region_proxy,haikou,NA,2022-01-19,气象数据原/海口市2021-2026气象数据.xlsx,2022,20,17.9,17.9,G20,17,17,F20,20,20,E20,0,0,H20,80,80,J20,NA,,I20,NA,,
haikou_region_proxy,haikou,NA,2022-01-20,气象数据原/海口市2021-2026气象数据.xlsx,2022,21,18.8,18.8,G21,17,17,F21,20.8,20.8,E21,0,0,H21,80,80,J21,NA,,I21,NA,,
haikou_region_proxy,haikou,NA,2022-01-21,气象数据原/海口市2021-2026气象数据.xlsx,2022,22,19.9,19.9,G22,17.1,17.1,F22,23.3,23.3,E22,0,0,H22,88,88,J22,NA,,I22,NA,,
haikou_region_proxy,haikou,NA,2022-01-22,气象数据原/海口市2021-2026气象数据.xlsx,2022,23,21.7,21.7,G23,20.5,20.5,F23,24.6,24.6,E23,0,0,H23,89,89,J23,NA,,I23,NA,,
haikou_region_proxy,haikou,NA,2022-01-23,气象数据原/海口市2021-2026气象数据.xlsx,2022,24,22.7,22.7,G24,21,21,F24,27.5,27.5,E24,0,0,H24,90,90,J24,NA,,I24,NA,,
haikou_region_proxy,haikou,NA,2022-01-24,气象数据原/海口市2021-2026气象数据.xlsx,2022,25,21.4,21.4,G25,20.5,20.5,F25,23.4,23.4,E25,5.6,5.6,H25,93,93,J25,NA,,I25,NA,,
haikou_region_proxy,haikou,NA,2022-01-25,气象数据原/海口市2021-2026气象数据.xlsx,2022,26,21.5,21.5,G26,21,21,F26,22.5,22.5,E26,0.1,0.1,H26,93,93,J26,NA,,I26,NA,,
haikou_region_proxy,haikou,NA,2022-01-26,气象数据原/海口市2021-2026气象数据.xlsx,2022,27,21.8,21.8,G27,20.4,20.4,F27,24.5,24.5,E27,0,0,H27,90,90,J27,NA,,I27,NA,,
haikou_region_proxy,haikou,NA,2022-01-27,气象数据原/海口市2021-2026气象数据.xlsx,2022,28,21.9,21.9,G28,21.4,21.4,F28,22.7,22.7,E28,0,0,H28,92,92,J28,NA,,I28,NA,,
haikou_region_proxy,haikou,NA,2022-01-28,气象数据原/海口市2021-2026气象数据.xlsx,2022,29,21.9,21.9,G29,20.4,20.4,F29,25.2,25.2,E29,0,0,H29,90,90,J29,NA,,I29,NA,,
haikou_region_proxy,haikou,NA,2022-01-29,气象数据原/海口市2021-2026气象数据.xlsx,2022,30,21.5,21.5,G30,20.3,20.3,F30,23.8,23.8,E30,0.2,0.2,H30,85,85,J30,NA,,I30,NA,,
haikou_region_proxy,haikou,NA,2022-01-30,气象数据原/海口市2021-2026气象数据.xlsx,2022,31,16.7,16.7,G31,15.2,15.2,F31,20.4,20.4,E31,1.5,1.5,H31,93,93,J31,NA,,I31,NA,,
haikou_region_proxy,haikou,NA,2022-01-31,气象数据原/海口市2021-2026气象数据.xlsx,2022,32,18.6,18.6,G32,16.4,16.4,F32,20.8,20.8,E32,10.2,10.2,H32,92,92,J32,NA,,I32,NA,,
haikou_region_proxy,haikou,NA,2022-10-01,气象数据原/海口市2021-2026气象数据.xlsx,2022,33,26.6,26.6,G33,24.9,24.9,F33,30,30,E33,20.6,20.6,H33,91.2,91.2,J33,0.6,0.6,I33,NA,,
haikou_region_proxy,haikou,NA,2022-10-02,气象数据原/海口市2021-2026气象数据.xlsx,2022,34,27.6,27.6,G34,24.5,24.5,F34,33.9,33.9,E34,4.4,4.4,H34,86.2,86.2,J34,8.4,8.4,I34,NA,,
haikou_region_proxy,haikou,NA,2022-10-03,气象数据原/海口市2021-2026气象数据.xlsx,2022,35,26.8,26.8,G35,25.6,25.6,F35,30.8,30.8,E35,0,0,H35,89.5,89.5,J35,4.6,4.6,I35,NA,,
haikou_region_proxy,haikou,NA,2022-10-04,气象数据原/海口市2021-2026气象数据.xlsx,2022,36,27.4,27.4,G36,24.4,24.4,F36,32.7,32.7,E36,2.3,2.3,H36,84.5,84.5,J36,3.9,3.9,I36,NA,,
haikou_region_proxy,haikou,NA,2022-10-05,气象数据原/海口市2021-2026气象数据.xlsx,2022,37,27.7,27.7,G37,24.7,24.7,F37,32.9,32.9,E37,0,0,H37,84.2,84.2,J37,8.3,8.3,I37,NA,,
haikou_region_proxy,haikou,NA,2022-10-06,气象数据原/海口市2021-2026气象数据.xlsx,2022,38,27.4,27.4,G38,25.3,25.3,F38,32.5,32.5,E38,0,0,H38,83.8,83.8,J38,4.6,4.6,I38,NA,,
haikou_region_proxy,haikou,NA,2022-10-07,气象数据原/海口市2021-2026气象数据.xlsx,2022,39,24.7,24.7,G39,23,23,F39,26.7,26.7,E39,41.3,41.3,H39,95.5,95.5,J39,0.1,0.1,I39,NA,,
haikou_region_proxy,haikou,NA,2022-10-08,气象数据原/海口市2021-2026气象数据.xlsx,2022,40,25.1,25.1,G40,23.8,23.8,F40,26.5,26.5,E40,40.9,40.9,H40,96.8,96.8,J40,2.4,2.4,I40,NA,,
haikou_region_proxy,haikou,NA,2022-10-09,气象数据原/海口市2021-2026气象数据.xlsx,2022,41,26.6,26.6,G41,24.5,24.5,F41,30.8,30.8,E41,0.9,0.9,H41,88.2,88.2,J41,5.9,5.9,I41,NA,,
haikou_region_proxy,haikou,NA,2022-10-10,气象数据原/海口市2021-2026气象数据.xlsx,2022,42,24.1,24.1,G42,23.2,23.2,F42,25.4,25.4,E42,0,0,H42,76.2,76.2,J42,5.7,5.7,I42,NA,,
haikou_region_proxy,haikou,NA,2022-10-11,气象数据原/海口市2021-2026气象数据.xlsx,2022,43,24.5,24.5,G43,21.6,21.6,F43,29.4,29.4,E43,0,0,H43,67.2,67.2,J43,7.8,7.8,I43,NA,,
haikou_region_proxy,haikou,NA,2022-10-12,气象数据原/海口市2021-2026气象数据.xlsx,2022,44,24,24,G44,20.4,20.4,F44,29,29,E44,0,0,H44,68,68,J44,10.6,10.6,I44,NA,,
haikou_region_proxy,haikou,NA,2022-10-13,气象数据原/海口市2021-2026气象数据.xlsx,2022,45,24.2,24.2,G45,20.4,20.4,F45,29.4,29.4,E45,0,0,H45,70,70,J45,8.3,8.3,I45,NA,,
haikou_region_proxy,haikou,NA,2022-10-14,气象数据原/海口市2021-2026气象数据.xlsx,2022,46,25.4,25.4,G46,23.9,23.9,F46,28.8,28.8,E46,0,0,H46,82,82,J46,0.1,0.1,I46,NA,,
haikou_region_proxy,haikou,NA,2022-10-15,气象数据原/海口市2021-2026气象数据.xlsx,2022,47,25.1,25.1,G47,23.5,23.5,F47,30.2,30.2,E47,0,0,H47,76.8,76.8,J47,5.4,5.4,I47,NA,,
haikou_region_proxy,haikou,NA,2022-10-16,气象数据原/海口市2021-2026气象数据.xlsx,2022,48,24.7,24.7,G48,20.6,20.6,F48,29.9,29.9,E48,0,0,H48,73,73,J48,10,10,I48,NA,,
haikou_region_proxy,haikou,NA,2022-10-17,气象数据原/海口市2021-2026气象数据.xlsx,2022,49,26.1,26.1,G49,22.7,22.7,F49,30.5,30.5,E49,0,0,H49,55.5,55.5,J49,4.6,4.6,I49,NA,,
haikou_region_proxy,haikou,NA,2022-10-18,气象数据原/海口市2021-2026气象数据.xlsx,2022,50,22.2,22.2,G50,18.7,18.7,F50,26.2,26.2,E50,14.6,14.6,H50,72.2,72.2,J50,0.3,0.3,I50,NA,,
haikou_region_proxy,haikou,NA,2022-10-19,气象数据原/海口市2021-2026气象数据.xlsx,2022,51,20.3,20.3,G51,18,18,F51,22.8,22.8,E51,84.7,84.7,H51,95,95,J51,0,0,I51,NA,,
haikou_region_proxy,haikou,NA,2022-10-20,气象数据原/海口市2021-2026气象数据.xlsx,2022,52,23.8,23.8,G52,23.2,23.2,F52,24.4,24.4,E52,204.4,204.4,H52,97.2,97.2,J52,0,0,I52,NA,,
haikou_region_proxy,haikou,NA,2022-10-21,气象数据原/海口市2021-2026气象数据.xlsx,2022,53,25.1,25.1,G53,23.3,23.3,F53,27.3,27.3,E53,0.5,0.5,H53,87.8,87.8,J53,0.8,0.8,I53,NA,,
haikou_region_proxy,haikou,NA,2022-10-22,气象数据原/海口市2021-2026气象数据.xlsx,2022,54,25,25,G54,21.2,21.2,F54,30.2,30.2,E54,0,0,H54,83.2,83.2,J54,9.5,9.5,I54,NA,,
haikou_region_proxy,haikou,NA,2022-10-23,气象数据原/海口市2021-2026气象数据.xlsx,2022,55,25.1,25.1,G55,21.7,21.7,F55,30,30,E55,0,0,H55,79.8,79.8,J55,5.1,5.1,I55,NA,,
haikou_region_proxy,haikou,NA,2022-10-24,气象数据原/海口市2021-2026气象数据.xlsx,2022,56,24.7,24.7,G56,23.6,23.6,F56,25.1,25.1,E56,3.9,3.9,H56,88,88,J56,0,0,I56,NA,,
haikou_region_proxy,haikou,NA,2022-10-25,气象数据原/海口市2021-2026气象数据.xlsx,2022,57,24.7,24.7,G57,23,23,F57,27.8,27.8,E57,11.3,11.3,H57,84.8,84.8,J57,4.5,4.5,I57,NA,,
haikou_region_proxy,haikou,NA,2022-10-26,气象数据原/海口市2021-2026气象数据.xlsx,2022,58,25.1,25.1,G58,22.8,22.8,F58,28.6,28.6,E58,0.2,0.2,H58,83.5,83.5,J58,6.1,6.1,I58,NA,,
haikou_region_proxy,haikou,NA,2022-10-27,气象数据原/海口市2021-2026气象数据.xlsx,2022,59,24.6,24.6,G59,21.4,21.4,F59,29.3,29.3,E59,0,0,H59,80.5,80.5,J59,7.5,7.5,I59,NA,,
haikou_region_proxy,haikou,NA,2022-10-28,气象数据原/海口市2021-2026气象数据.xlsx,2022,60,23.7,23.7,G60,20,20,F60,28.3,28.3,E60,0,0,H60,83.5,83.5,J60,4.6,4.6,I60,NA,,
haikou_region_proxy,haikou,NA,2022-10-29,气象数据原/海口市2021-2026气象数据.xlsx,2022,61,23.6,23.6,G61,21.3,21.3,F61,27,27,E61,0,0,H61,84.5,84.5,J61,6,6,I61,NA,,
haikou_region_proxy,haikou,NA,2022-10-30,气象数据原/海口市2021-2026气象数据.xlsx,2022,62,23.6,23.6,G62,21,21,F62,27.9,27.9,E62,0,0,H62,78,78,J62,8.9,8.9,I62,NA,,
haikou_region_proxy,haikou,NA,2022-10-31,气象数据原/海口市2021-2026气象数据.xlsx,2022,63,23.4,23.4,G63,20.5,20.5,F63,26.3,26.3,E63,0,0,H63,69,69,J63,8.1,8.1,I63,NA,,
haikou_region_proxy,haikou,NA,2022-11-25,气象数据原/海口市2021-2026气象数据.xlsx,2022,64,26.6,26.6,G64,25,25,F64,30.8,30.8,E64,0,0,H64,87.8,87.8,J64,6.8,6.8,I64,NA,,
haikou_region_proxy,haikou,NA,2022-11-09,气象数据原/海口市2021-2026气象数据.xlsx,2022,65,23.2,23.2,G65,22,22,F65,24.5,24.5,E65,6,6,H65,95.2,95.2,J65,6.9,6.9,I65,NA,,
haikou_region_proxy,haikou,NA,2022-11-02,气象数据原/海口市2021-2026气象数据.xlsx,2022,66,22.9,22.9,G66,19.6,19.6,F66,26.1,26.1,E66,0,0,H66,69,69,J66,0.5,0.5,I66,NA,,
haikou_region_proxy,haikou,NA,2022-11-05,气象数据原/海口市2021-2026气象数据.xlsx,2022,67,22,22,G67,21.6,21.6,F67,22.8,22.8,E67,2.3,2.3,H67,93.2,93.2,J67,0.4,0.4,I67,NA,,
haikou_region_proxy,haikou,NA,2022-11-26,气象数据原/海口市2021-2026气象数据.xlsx,2022,68,25.7,25.7,G68,24.4,24.4,F68,29.8,29.8,E68,1.6,1.6,H68,90.5,90.5,J68,0,0,I68,NA,,
haikou_region_proxy,haikou,NA,2022-11-12,气象数据原/海口市2021-2026气象数据.xlsx,2022,69,23.6,23.6,G69,20.8,20.8,F69,27.9,27.9,E69,0,0,H69,90.5,90.5,J69,0.6,0.6,I69,NA,,
haikou_region_proxy,haikou,NA,2022-11-10,气象数据原/海口市2021-2026气象数据.xlsx,2022,70,24.4,24.4,G70,22.4,22.4,F70,27.9,27.9,E70,0,0,H70,89.5,89.5,J70,0,0,I70,NA,,
haikou_region_proxy,haikou,NA,2022-11-08,气象数据原/海口市2021-2026气象数据.xlsx,2022,71,22,22,G71,21.4,21.4,F71,22.6,22.6,E71,10.6,10.6,H71,96.2,96.2,J71,0,0,I71,NA,,
haikou_region_proxy,haikou,NA,2022-11-04,气象数据原/海口市2021-2026气象数据.xlsx,2022,72,22.9,22.9,G72,22.3,22.3,F72,25.8,25.8,E72,0,0,H72,88,88,J72,0,0,I72,NA,,
haikou_region_proxy,haikou,NA,2022-11-11,气象数据原/海口市2021-2026气象数据.xlsx,2022,73,24,24,G73,20.9,20.9,F73,28.5,28.5,E73,0,0,H73,88.2,88.2,J73,0,0,I73,NA,,
haikou_region_proxy,haikou,NA,2022-11-13,气象数据原/海口市2021-2026气象数据.xlsx,2022,74,25.3,25.3,G74,23.6,23.6,F74,30.1,30.1,E74,0,0,H74,87.2,87.2,J74,4.1,4.1,I74,NA,,
haikou_region_proxy,haikou,NA,2022-11-01,气象数据原/海口市2021-2026气象数据.xlsx,2022,75,23.6,23.6,G75,20.3,20.3,F75,27.2,27.2,E75,0,0,H75,56.8,56.8,J75,3.1,3.1,I75,NA,,
haikou_region_proxy,haikou,NA,2022-11-06,气象数据原/海口市2021-2026气象数据.xlsx,2022,76,22.2,22.2,G76,20.9,20.9,F76,25.4,25.4,E76,0.1,0.1,H76,88.2,88.2,J76,5.4,5.4,I76,NA,,
haikou_region_proxy,haikou,NA,2022-11-19,气象数据原/海口市2021-2026气象数据.xlsx,2022,77,24.7,24.7,G77,23.4,23.4,F77,27.8,27.8,E77,0,0,H77,92.2,92.2,J77,2.4,2.4,I77,NA,,
haikou_region_proxy,haikou,NA,2022-11-23,气象数据原/海口市2021-2026气象数据.xlsx,2022,78,25.2,25.2,G78,24.1,24.1,F78,26.5,26.5,E78,44.1,44.1,H78,97,97,J78,1.2,1.2,I78,NA,,
haikou_region_proxy,haikou,NA,2022-11-17,气象数据原/海口市2021-2026气象数据.xlsx,2022,79,25.7,25.7,G79,24.1,24.1,F79,28.7,28.7,E79,1,1,H79,89.2,89.2,J79,3.7,3.7,I79,NA,,
haikou_region_proxy,haikou,NA,2022-11-27,气象数据原/海口市2021-2026气象数据.xlsx,2022,80,26.6,26.6,G80,24.3,24.3,F80,31.5,31.5,E80,0,0,H80,88,88,J80,1.8,1.8,I80,NA,,
haikou_region_proxy,haikou,NA,2022-11-21,气象数据原/海口市2021-2026气象数据.xlsx,2022,81,24.2,24.2,G81,23.8,23.8,F81,25.2,25.2,E81,6.2,6.2,H81,94.5,94.5,J81,2.4,2.4,I81,NA,,
haikou_region_proxy,haikou,NA,2022-11-28,气象数据原/海口市2021-2026气象数据.xlsx,2022,82,26.6,26.6,G82,24.3,24.3,F82,30.5,30.5,E82,0,0,H82,88.2,88.2,J82,1.1,1.1,I82,NA,,
haikou_region_proxy,haikou,NA,2022-11-15,气象数据原/海口市2021-2026气象数据.xlsx,2022,83,25.2,25.2,G83,23.9,23.9,F83,29.1,29.1,E83,14.9,14.9,H83,90.5,90.5,J83,0.2,0.2,I83,NA,,
haikou_region_proxy,haikou,NA,2022-11-20,气象数据原/海口市2021-2026气象数据.xlsx,2022,84,25,25,G84,23.3,23.3,F84,27.3,27.3,E84,0,0,H84,87,87,J84,0.1,0.1,I84,NA,,
haikou_region_proxy,haikou,NA,2022-11-16,气象数据原/海口市2021-2026气象数据.xlsx,2022,85,25.9,25.9,G85,23.9,23.9,F85,30.2,30.2,E85,0,0,H85,88.2,88.2,J85,0,0,I85,NA,,
haikou_region_proxy,haikou,NA,2022-11-22,气象数据原/海口市2021-2026气象数据.xlsx,2022,86,24.6,24.6,G86,23.8,23.8,F86,26.2,26.2,E86,105,105,H86,96.8,96.8,J86,0.2,0.2,I86,NA,,
haikou_region_proxy,haikou,NA,2022-11-24,气象数据原/海口市2021-2026气象数据.xlsx,2022,87,27.2,27.2,G87,25,25,F87,32.6,32.6,E87,11.2,11.2,H87,87.5,87.5,J87,3.1,3.1,I87,NA,,
haikou_region_proxy,haikou,NA,2022-11-07,气象数据原/海口市2021-2026气象数据.xlsx,2022,88,22.5,22.5,G88,20.8,20.8,F88,25.2,25.2,E88,5.7,5.7,H88,90,90,J88,1.1,1.1,I88,NA,,
haikou_region_proxy,haikou,NA,2022-11-18,气象数据原/海口市2021-2026气象数据.xlsx,2022,89,25.5,25.5,G89,24.1,24.1,F89,29.9,29.9,E89,0,0,H89,88.2,88.2,J89,2.3,2.3,I89,NA,,
haikou_region_proxy,haikou,NA,2022-11-30,气象数据原/海口市2021-2026气象数据.xlsx,2022,90,25.1,25.1,G90,23.4,23.4,F90,30.4,30.4,E90,0,0,H90,87.8,87.8,J90,5,5,I90,NA,,
haikou_region_proxy,haikou,NA,2022-11-03,气象数据原/海口市2021-2026气象数据.xlsx,2022,91,22.8,22.8,G91,20.5,20.5,F91,26.1,26.1,E91,0,0,H91,83.8,83.8,J91,7,7,I91,NA,,
haikou_region_proxy,haikou,NA,2022-11-14,气象数据原/海口市2021-2026气象数据.xlsx,2022,92,25.7,25.7,G92,22.8,22.8,F92,30.1,30.1,E92,0,0,H92,87,87,J92,8.1,8.1,I92,NA,,
haikou_region_proxy,haikou,NA,2022-11-29,气象数据原/海口市2021-2026气象数据.xlsx,2022,93,26.9,26.9,G93,24.7,24.7,F93,32.1,32.1,E93,0,0,H93,85.6,85.6,J93,2.6,2.6,I93,NA,,
haikou_region_proxy,haikou,NA,2022-12-01,气象数据原/海口市2021-2026气象数据.xlsx,2022,94,20.4,20.4,G94,18,18,F94,24.7,24.7,E94,4.5,4.5,H94,95,95,J94,0,0,I94,NA,,
haikou_region_proxy,haikou,NA,2022-12-02,气象数据原/海口市2021-2026气象数据.xlsx,2022,95,16.5,16.5,G95,15,15,F95,17.8,17.8,E95,9.5,9.5,H95,96.8,96.8,J95,0,0,I95,NA,,
haikou_region_proxy,haikou,NA,2022-12-03,气象数据原/海口市2021-2026气象数据.xlsx,2022,96,18.8,18.8,G96,16.8,16.8,F96,20.4,20.4,E96,8,8,H96,97.8,97.8,J96,0,0,I96,NA,,
haikou_region_proxy,haikou,NA,2022-12-04,气象数据原/海口市2021-2026气象数据.xlsx,2022,97,21.2,21.2,G97,20.4,20.4,F97,23,23,E97,0,0,H97,93.8,93.8,J97,0,0,I97,NA,,
haikou_region_proxy,haikou,NA,2022-12-05,气象数据原/海口市2021-2026气象数据.xlsx,2022,98,18.1,18.1,G98,16.1,16.1,F98,21.3,21.3,E98,0.2,0.2,H98,90.8,90.8,J98,0,0,I98,NA,,
haikou_region_proxy,haikou,NA,2022-12-06,气象数据原/海口市2021-2026气象数据.xlsx,2022,99,17.8,17.8,G99,15.6,15.6,F99,20.1,20.1,E99,2,2,H99,92.2,92.2,J99,0,0,I99,NA,,
haikou_region_proxy,haikou,NA,2022-12-07,气象数据原/海口市2021-2026气象数据.xlsx,2022,100,19.5,19.5,G100,17.9,17.9,F100,21.4,21.4,E100,0,0,H100,88,88,J100,0,0,I100,NA,,
haikou_region_proxy,haikou,NA,2022-12-08,气象数据原/海口市2021-2026气象数据.xlsx,2022,101,20.5,20.5,G101,18.7,18.7,F101,24.2,24.2,E101,0.1,0.1,H101,89,89,J101,0,0,I101,NA,,
haikou_region_proxy,haikou,NA,2022-12-09,气象数据原/海口市2021-2026气象数据.xlsx,2022,102,20.4,20.4,G102,18.6,18.6,F102,24.8,24.8,E102,0,0,H102,84.5,84.5,J102,4.3,4.3,I102,NA,,
haikou_region_proxy,haikou,NA,2022-12-10,气象数据原/海口市2021-2026气象数据.xlsx,2022,103,19.6,19.6,G103,16.7,16.7,F103,24.8,24.8,E103,0,0,H103,82.2,82.2,J103,4.3,4.3,I103,NA,,
haikou_region_proxy,haikou,NA,2022-12-11,气象数据原/海口市2021-2026气象数据.xlsx,2022,104,18.8,18.8,G104,16.4,16.4,F104,22.9,22.9,E104,0,0,H104,68.5,68.5,J104,7,7,I104,NA,,
haikou_region_proxy,haikou,NA,2022-12-12,气象数据原/海口市2021-2026气象数据.xlsx,2022,105,16.9,16.9,G105,14.4,14.4,F105,21.6,21.6,E105,0,0,H105,72,72,J105,8.6,8.6,I105,NA,,
haikou_region_proxy,haikou,NA,2022-12-13,气象数据原/海口市2021-2026气象数据.xlsx,2022,106,16.4,16.4,G106,13.9,13.9,F106,21.5,21.5,E106,0,0,H106,70,70,J106,8.9,8.9,I106,NA,,
haikou_region_proxy,haikou,NA,2022-12-14,气象数据原/海口市2021-2026气象数据.xlsx,2022,107,17,17,G107,14.2,14.2,F107,21.1,21.1,E107,0,0,H107,70.8,70.8,J107,6.3,6.3,I107,NA,,
haikou_region_proxy,haikou,NA,2022-12-15,气象数据原/海口市2021-2026气象数据.xlsx,2022,108,18.3,18.3,G108,16.8,16.8,F108,20.5,20.5,E108,0,0,H108,81,81,J108,0,0,I108,NA,,
haikou_region_proxy,haikou,NA,2022-12-16,气象数据原/海口市2021-2026气象数据.xlsx,2022,109,18.4,18.4,G109,18.1,18.1,F109,19.3,19.3,E109,2.5,2.5,H109,96,96,J109,0,0,I109,NA,,
haikou_region_proxy,haikou,NA,2022-12-17,气象数据原/海口市2021-2026气象数据.xlsx,2022,110,15.1,15.1,G110,13.2,13.2,F110,18.4,18.4,E110,17.4,17.4,H110,90,90,J110,0,0,I110,NA,,
haikou_region_proxy,haikou,NA,2022-12-18,气象数据原/海口市2021-2026气象数据.xlsx,2022,111,14.8,14.8,G111,13.1,13.1,F111,16.9,16.9,E111,0,0,H111,53.8,53.8,J111,1.3,1.3,I111,NA,,
haikou_region_proxy,haikou,NA,2022-12-19,气象数据原/海口市2021-2026气象数据.xlsx,2022,112,14.3,14.3,G112,9.4,9.4,F112,21.1,21.1,E112,0,0,H112,75,75,J112,9.2,9.2,I112,NA,,
haikou_region_proxy,haikou,NA,2022-12-20,气象数据原/海口市2021-2026气象数据.xlsx,2022,113,18.8,18.8,G113,15.5,15.5,F113,20.7,20.7,E113,0,0,H113,93.5,93.5,J113,0,0,I113,NA,,
haikou_region_proxy,haikou,NA,2022-12-21,气象数据原/海口市2021-2026气象数据.xlsx,2022,114,17.1,17.1,G114,14.8,14.8,F114,20.2,20.2,E114,0,0,H114,82.8,82.8,J114,2.7,2.7,I114,NA,,
haikou_region_proxy,haikou,NA,2022-12-22,气象数据原/海口市2021-2026气象数据.xlsx,2022,115,15.6,15.6,G115,11.4,11.4,F115,22.4,22.4,E115,0,0,H115,75.5,75.5,J115,9.3,9.3,I115,NA,,
haikou_region_proxy,haikou,NA,2022-12-23,气象数据原/海口市2021-2026气象数据.xlsx,2022,116,16.2,16.2,G116,12.1,12.1,F116,22.8,22.8,E116,0,0,H116,76.8,76.8,J116,9.2,9.2,I116,NA,,
haikou_region_proxy,haikou,NA,2022-12-24,气象数据原/海口市2021-2026气象数据.xlsx,2022,117,16.8,16.8,G117,13.3,13.3,F117,22.8,22.8,E117,0,0,H117,71.5,71.5,J117,9.2,9.2,I117,NA,,
haikou_region_proxy,haikou,NA,2022-12-25,气象数据原/海口市2021-2026气象数据.xlsx,2022,118,16.6,16.6,G118,12.7,12.7,F118,23,23,E118,0,0,H118,80.2,80.2,J118,7.4,7.4,I118,NA,,
haikou_region_proxy,haikou,NA,2022-12-26,气象数据原/海口市2021-2026气象数据.xlsx,2022,119,18,18,G119,15.3,15.3,F119,23.6,23.6,E119,0,0,H119,81.2,81.2,J119,7.5,7.5,I119,NA,,
haikou_region_proxy,haikou,NA,2022-12-27,气象数据原/海口市2021-2026气象数据.xlsx,2022,120,18,18,G120,14.3,14.3,F120,23.9,23.9,E120,0,0,H120,81.8,81.8,J120,6.9,6.9,I120,NA,,
haikou_region_proxy,haikou,NA,2022-12-28,气象数据原/海口市2021-2026气象数据.xlsx,2022,121,20,20,G121,17.2,17.2,F121,24.4,24.4,E121,0,0,H121,80.2,80.2,J121,1.3,1.3,I121,NA,,
haikou_region_proxy,haikou,NA,2022-12-29,气象数据原/海口市2021-2026气象数据.xlsx,2022,122,18,18,G122,16.5,16.5,F122,19,19,E122,0,0,H122,71.5,71.5,J122,0,0,I122,NA,,
haikou_region_proxy,haikou,NA,2022-12-30,气象数据原/海口市2021-2026气象数据.xlsx,2022,123,15.7,15.7,G123,14.1,14.1,F123,19.7,19.7,E123,0,0,H123,78.5,78.5,J123,2.6,2.6,I123,NA,,
haikou_region_proxy,haikou,NA,2022-12-31,气象数据原/海口市2021-2026气象数据.xlsx,2022,124,15,15,G124,12.3,12.3,F124,19.6,19.6,E124,0,0,H124,84.2,84.2,J124,0.5,0.5,I124,NA,,
haikou_region_proxy,haikou,NA,2023-01-01,气象数据原/海口市2021-2026气象数据.xlsx,2023,2,16.1,16.1,G2,14.9,14.9,F2,17.7,17.7,E2,1.6,1.6,H2,83,83,J2,NA,,I2,NA,,
haikou_region_proxy,haikou,NA,2023-01-02,气象数据原/海口市2021-2026气象数据.xlsx,2023,3,17.1,17.1,G3,14.9,14.9,F3,18.6,18.6,E3,3.5,3.5,H3,81,81,J3,NA,,I3,NA,,
haikou_region_proxy,haikou,NA,2023-01-03,气象数据原/海口市2021-2026气象数据.xlsx,2023,4,16.3,16.3,G4,15.4,15.4,F4,17.4,17.4,E4,0.1,0.1,H4,82,82,J4,NA,,I4,NA,,
haikou_region_proxy,haikou,NA,2023-01-04,气象数据原/海口市2021-2026气象数据.xlsx,2023,5,17,17,G5,16.2,16.2,F5,17.7,17.7,E5,0.5,0.5,H5,91,91,J5,NA,,I5,NA,,
haikou_region_proxy,haikou,NA,2023-01-05,气象数据原/海口市2021-2026气象数据.xlsx,2023,6,18.7,18.7,G6,17.3,17.3,F6,19.5,19.5,E6,0.2,0.2,H6,85,85,J6,NA,,I6,NA,,
haikou_region_proxy,haikou,NA,2023-01-06,气象数据原/海口市2021-2026气象数据.xlsx,2023,7,19.2,19.2,G7,16.7,16.7,F7,22,22,E7,0,0,H7,78,78,J7,NA,,I7,NA,,
haikou_region_proxy,haikou,NA,2023-01-07,气象数据原/海口市2021-2026气象数据.xlsx,2023,8,19.5,19.5,G8,18.4,18.4,F8,21.6,21.6,E8,0,0,H8,70,70,J8,NA,,I8,NA,,
haikou_region_proxy,haikou,NA,2023-01-08,气象数据原/海口市2021-2026气象数据.xlsx,2023,9,17.7,17.7,G9,16.5,16.5,F9,19.8,19.8,E9,6.8,6.8,H9,94,94,J9,NA,,I9,NA,,
haikou_region_proxy,haikou,NA,2023-01-09,气象数据原/海口市2021-2026气象数据.xlsx,2023,10,17.6,17.6,G10,16.6,16.6,F10,18.1,18.1,E10,1.6,1.6,H10,95,95,J10,NA,,I10,NA,,
haikou_region_proxy,haikou,NA,2023-01-10,气象数据原/海口市2021-2026气象数据.xlsx,2023,11,18.6,18.6,G11,17.7,17.7,F11,19,19,E11,8.5,8.5,H11,96,96,J11,NA,,I11,NA,,
haikou_region_proxy,haikou,NA,2023-01-11,气象数据原/海口市2021-2026气象数据.xlsx,2023,12,20.5,20.5,G12,18.6,18.6,F12,21.2,21.2,E12,5.5,5.5,H12,96,96,J12,NA,,I12,NA,,
haikou_region_proxy,haikou,NA,2023-01-12,气象数据原/海口市2021-2026气象数据.xlsx,2023,13,22.3,22.3,G13,21.1,21.1,F13,26.6,26.6,E13,1.7,1.7,H13,93,93,J13,NA,,I13,NA,,
haikou_region_proxy,haikou,NA,2023-01-13,气象数据原/海口市2021-2026气象数据.xlsx,2023,14,22.9,22.9,G14,20.4,20.4,F14,27.8,27.8,E14,0.7,0.7,H14,89,89,J14,NA,,I14,NA,,
haikou_region_proxy,haikou,NA,2023-01-14,气象数据原/海口市2021-2026气象数据.xlsx,2023,15,22,22,G15,19.8,19.8,F15,28.8,28.8,E15,0,0,H15,89,89,J15,NA,,I15,NA,,
haikou_region_proxy,haikou,NA,2023-01-15,气象数据原/海口市2021-2026气象数据.xlsx,2023,16,20,20,G16,18.4,18.4,F16,22.4,22.4,E16,0,0,H16,91,91,J16,NA,,I16,NA,,
haikou_region_proxy,haikou,NA,2023-01-16,气象数据原/海口市2021-2026气象数据.xlsx,2023,17,13.3,13.3,G17,11.7,11.7,F17,18.4,18.4,E17,2.1,2.1,H17,89,89,J17,NA,,I17,NA,,
haikou_region_proxy,haikou,NA,2023-01-17,气象数据原/海口市2021-2026气象数据.xlsx,2023,18,13,13,G18,10.8,10.8,F18,14.4,14.4,E18,3.4,3.4,H18,95,95,J18,NA,,I18,NA,,
haikou_region_proxy,haikou,NA,2023-01-18,气象数据原/海口市2021-2026气象数据.xlsx,2023,19,13.4,13.4,G19,10.9,10.9,F19,15.2,15.2,E19,4.7,4.7,H19,88,88,J19,NA,,I19,NA,,
haikou_region_proxy,haikou,NA,2023-01-19,气象数据原/海口市2021-2026气象数据.xlsx,2023,20,15.5,15.5,G20,14,14,F20,18.7,18.7,E20,0,0,H20,75,75,J20,NA,,I20,NA,,
haikou_region_proxy,haikou,NA,2023-01-20,气象数据原/海口市2021-2026气象数据.xlsx,2023,21,17.5,17.5,G21,13.8,13.8,F21,20.4,20.4,E21,0,0,H21,73,73,J21,NA,,I21,NA,,
haikou_region_proxy,haikou,NA,2023-01-21,气象数据原/海口市2021-2026气象数据.xlsx,2023,22,19.2,19.2,G22,17.6,17.6,F22,22,22,E22,0.2,0.2,H22,86,86,J22,NA,,I22,NA,,
haikou_region_proxy,haikou,NA,2023-01-22,气象数据原/海口市2021-2026气象数据.xlsx,2023,23,19.8,19.8,G23,18.5,18.5,F23,21.6,21.6,E23,0,0,H23,93,93,J23,NA,,I23,NA,,
haikou_region_proxy,haikou,NA,2023-01-23,气象数据原/海口市2021-2026气象数据.xlsx,2023,24,20.8,20.8,G24,19.6,19.6,F24,24.6,24.6,E24,0,0,H24,89,89,J24,NA,,I24,NA,,
haikou_region_proxy,haikou,NA,2023-01-24,气象数据原/海口市2021-2026气象数据.xlsx,2023,25,16,16,G25,14.1,14.1,F25,19.7,19.7,E25,4,4,H25,75,75,J25,NA,,I25,NA,,
haikou_region_proxy,haikou,NA,2023-01-25,气象数据原/海口市2021-2026气象数据.xlsx,2023,26,15.3,15.3,G26,14.3,14.3,F26,16.3,16.3,E26,0,0,H26,68,68,J26,NA,,I26,NA,,
haikou_region_proxy,haikou,NA,2023-01-26,气象数据原/海口市2021-2026气象数据.xlsx,2023,27,17.2,17.2,G27,15.5,15.5,F27,18.4,18.4,E27,2.9,2.9,H27,93,93,J27,NA,,I27,NA,,
haikou_region_proxy,haikou,NA,2023-01-27,气象数据原/海口市2021-2026气象数据.xlsx,2023,28,16.2,16.2,G28,14.4,14.4,F28,18.5,18.5,E28,1.8,1.8,H28,81,81,J28,NA,,I28,NA,,
haikou_region_proxy,haikou,NA,2023-01-28,气象数据原/海口市2021-2026气象数据.xlsx,2023,29,14,14,G29,13.1,13.1,F29,15.7,15.7,E29,0,0,H29,59,59,J29,NA,,I29,NA,,
haikou_region_proxy,haikou,NA,2023-01-29,气象数据原/海口市2021-2026气象数据.xlsx,2023,30,14.5,14.5,G30,11.8,11.8,F30,17.3,17.3,E30,0,0,H30,52,52,J30,NA,,I30,NA,,
haikou_region_proxy,haikou,NA,2023-01-30,气象数据原/海口市2021-2026气象数据.xlsx,2023,31,14.6,14.6,G31,11.1,11.1,F31,18.6,18.6,E31,0,0,H31,63,63,J31,NA,,I31,NA,,
haikou_region_proxy,haikou,NA,2023-01-31,气象数据原/海口市2021-2026气象数据.xlsx,2023,32,18.4,18.4,G32,15.2,15.2,F32,21.8,21.8,E32,0,0,H32,86,86,J32,NA,,I32,NA,,
haikou_region_proxy,haikou,NA,2023-10-01,气象数据原/海口市2021-2026气象数据.xlsx,2023,33,28.1,28.1,G33,24.8,24.8,F33,34.4,34.4,E33,0,0,H33,82.8,82.8,J33,9.4,9.4,I33,NA,,
haikou_region_proxy,haikou,NA,2023-10-02,气象数据原/海口市2021-2026气象数据.xlsx,2023,34,28.7,28.7,G34,25.7,25.7,F34,34,34,E34,0,0,H34,83,83,J34,3.3,3.3,I34,NA,,
haikou_region_proxy,haikou,NA,2023-10-03,气象数据原/海口市2021-2026气象数据.xlsx,2023,35,28.5,28.5,G35,25.7,25.7,F35,34.2,34.2,E35,0,0,H35,84.5,84.5,J35,4.3,4.3,I35,NA,,
haikou_region_proxy,haikou,NA,2023-10-04,气象数据原/海口市2021-2026气象数据.xlsx,2023,36,28.9,28.9,G36,25.3,25.3,F36,35.9,35.9,E36,0,0,H36,79,79,J36,10,10,I36,NA,,
haikou_region_proxy,haikou,NA,2023-10-05,气象数据原/海口市2021-2026气象数据.xlsx,2023,37,29.6,29.6,G37,25.4,25.4,F37,36.2,36.2,E37,0,0,H37,76.8,76.8,J37,8.4,8.4,I37,NA,,
haikou_region_proxy,haikou,NA,2023-10-06,气象数据原/海口市2021-2026气象数据.xlsx,2023,38,27.3,27.3,G38,26.3,26.3,F38,29.8,29.8,E38,0.8,0.8,H38,88,88,J38,2.8,2.8,I38,NA,,
haikou_region_proxy,haikou,NA,2023-10-07,气象数据原/海口市2021-2026气象数据.xlsx,2023,39,27.5,27.5,G39,24.4,24.4,F39,32.6,32.6,E39,0,0,H39,79.2,79.2,J39,7.7,7.7,I39,NA,,
haikou_region_proxy,haikou,NA,2023-10-08,气象数据原/海口市2021-2026气象数据.xlsx,2023,40,26.8,26.8,G40,24.4,24.4,F40,30.4,30.4,E40,0.5,0.5,H40,78.8,78.8,J40,10.1,10.1,I40,NA,,
haikou_region_proxy,haikou,NA,2023-10-09,气象数据原/海口市2021-2026气象数据.xlsx,2023,41,25.5,25.5,G41,24.3,24.3,F41,29.3,29.3,E41,0,0,H41,80.8,80.8,J41,4.1,4.1,I41,NA,,
haikou_region_proxy,haikou,NA,2023-10-10,气象数据原/海口市2021-2026气象数据.xlsx,2023,42,25.5,25.5,G42,23.8,23.8,F42,29.5,29.5,E42,1.6,1.6,H42,89,89,J42,0.1,0.1,I42,NA,,
haikou_region_proxy,haikou,NA,2023-10-11,气象数据原/海口市2021-2026气象数据.xlsx,2023,43,24.2,24.2,G43,22.9,22.9,F43,25.4,25.4,E43,151.9,151.9,H43,96.8,96.8,J43,0,0,I43,NA,,
haikou_region_proxy,haikou,NA,2023-10-12,气象数据原/海口市2021-2026气象数据.xlsx,2023,44,25.2,25.2,G44,22.5,22.5,F44,28.7,28.7,E44,9.1,9.1,H44,92.2,92.2,J44,0.2,0.2,I44,NA,,
haikou_region_proxy,haikou,NA,2023-10-13,气象数据原/海口市2021-2026气象数据.xlsx,2023,45,26,26,G45,24.1,24.1,F45,29.4,29.4,E45,0,0,H45,81.2,81.2,J45,0.3,0.3,I45,NA,,
haikou_region_proxy,haikou,NA,2023-10-14,气象数据原/海口市2021-2026气象数据.xlsx,2023,46,25.2,25.2,G46,23.5,23.5,F46,28.7,28.7,E46,0,0,H46,80.8,80.8,J46,0.5,0.5,I46,NA,,
haikou_region_proxy,haikou,NA,2023-10-15,气象数据原/海口市2021-2026气象数据.xlsx,2023,47,25.8,25.8,G47,23.6,23.6,F47,29.1,29.1,E47,0.1,0.1,H47,82,82,J47,1.9,1.9,I47,NA,,
haikou_region_proxy,haikou,NA,2023-10-16,气象数据原/海口市2021-2026气象数据.xlsx,2023,48,25.6,25.6,G48,24.3,24.3,F48,28.3,28.3,E48,0.8,0.8,H48,85,85,J48,0.5,0.5,I48,NA,,
haikou_region_proxy,haikou,NA,2023-10-17,气象数据原/海口市2021-2026气象数据.xlsx,2023,49,25.4,25.4,G49,24.4,24.4,F49,26.1,26.1,E49,4.5,4.5,H49,86.5,86.5,J49,0,0,I49,NA,,
haikou_region_proxy,haikou,NA,2023-10-18,气象数据原/海口市2021-2026气象数据.xlsx,2023,50,25.1,25.1,G50,24.4,24.4,F50,27.6,27.6,E50,41.2,41.2,H50,96.8,96.8,J50,0.2,0.2,I50,NA,,
haikou_region_proxy,haikou,NA,2023-10-19,气象数据原/海口市2021-2026气象数据.xlsx,2023,51,26.4,26.4,G51,24.5,24.5,F51,29.1,29.1,E51,17,17,H51,92.5,92.5,J51,0.1,0.1,I51,NA,,
haikou_region_proxy,haikou,NA,2023-10-20,气象数据原/海口市2021-2026气象数据.xlsx,2023,52,26,26,G52,24.5,24.5,F52,29.9,29.9,E52,0.1,0.1,H52,87,87,J52,0,0,I52,NA,,
haikou_region_proxy,haikou,NA,2023-10-21,气象数据原/海口市2021-2026气象数据.xlsx,2023,53,24.6,24.6,G53,23.4,23.4,F53,26.4,26.4,E53,1.3,1.3,H53,90.5,90.5,J53,0,0,I53,NA,,
haikou_region_proxy,haikou,NA,2023-10-22,气象数据原/海口市2021-2026气象数据.xlsx,2023,54,23.2,23.2,G54,22.6,22.6,F54,24.3,24.3,E54,54.5,54.5,H54,95.8,95.8,J54,0,0,I54,NA,,
haikou_region_proxy,haikou,NA,2023-10-23,气象数据原/海口市2021-2026气象数据.xlsx,2023,55,24.7,24.7,G55,23.1,23.1,F55,27,27,E55,0.2,0.2,H55,91.8,91.8,J55,0,0,I55,NA,,
haikou_region_proxy,haikou,NA,2023-10-24,气象数据原/海口市2021-2026气象数据.xlsx,2023,56,25.6,25.6,G56,24.2,24.2,F56,27.4,27.4,E56,2.4,2.4,H56,90.8,90.8,J56,0,0,I56,NA,,
haikou_region_proxy,haikou,NA,2023-10-25,气象数据原/海口市2021-2026气象数据.xlsx,2023,57,26.4,26.4,G57,24.8,24.8,F57,31.2,31.2,E57,0.7,0.7,H57,87.5,87.5,J57,1.7,1.7,I57,NA,,
haikou_region_proxy,haikou,NA,2023-10-26,气象数据原/海口市2021-2026气象数据.xlsx,2023,58,25.2,25.2,G58,24.3,24.3,F58,27,27,E58,25.8,25.8,H58,95.5,95.5,J58,0,0,I58,NA,,
haikou_region_proxy,haikou,NA,2023-10-27,气象数据原/海口市2021-2026气象数据.xlsx,2023,59,26.2,26.2,G59,23.8,23.8,F59,31.6,31.6,E59,4.7,4.7,H59,90.8,90.8,J59,1.8,1.8,I59,NA,,
haikou_region_proxy,haikou,NA,2023-10-28,气象数据原/海口市2021-2026气象数据.xlsx,2023,60,24.9,24.9,G60,24.3,24.3,F60,29.6,29.6,E60,3.6,3.6,H60,96,96,J60,0.4,0.4,I60,NA,,
haikou_region_proxy,haikou,NA,2023-10-29,气象数据原/海口市2021-2026气象数据.xlsx,2023,61,25.9,25.9,G61,24.4,24.4,F61,29.4,29.4,E61,0,0,H61,88.5,88.5,J61,1.2,1.2,I61,NA,,
haikou_region_proxy,haikou,NA,2023-10-30,气象数据原/海口市2021-2026气象数据.xlsx,2023,62,25.5,25.5,G62,24,24,F62,30.5,30.5,E62,0.3,0.3,H62,87.2,87.2,J62,0.4,0.4,I62,NA,,
haikou_region_proxy,haikou,NA,2023-10-31,气象数据原/海口市2021-2026气象数据.xlsx,2023,63,25.2,25.2,G63,23.7,23.7,F63,29.2,29.2,E63,0.2,0.2,H63,85.2,85.2,J63,0.8,0.8,I63,NA,,
haikou_region_proxy,haikou,NA,2023-11-01,气象数据原/海口市2021-2026气象数据.xlsx,2023,64,24.7,24.7,G64,21.6,21.6,F64,29,29,E64,0,0,H64,83.2,83.2,J64,3.2,3.2,I64,NA,,
haikou_region_proxy,haikou,NA,2023-11-02,气象数据原/海口市2021-2026气象数据.xlsx,2023,65,26.2,26.2,G65,23.9,23.9,F65,31.1,31.1,E65,0,0,H65,85.2,85.2,J65,2,2,I65,NA,,
haikou_region_proxy,haikou,NA,2023-11-03,气象数据原/海口市2021-2026气象数据.xlsx,2023,66,26,26,G66,23.6,23.6,F66,32.1,32.1,E66,0,0,H66,85.8,85.8,J66,6.3,6.3,I66,NA,,
haikou_region_proxy,haikou,NA,2023-11-04,气象数据原/海口市2021-2026气象数据.xlsx,2023,67,26.6,26.6,G67,23.4,23.4,F67,33,33,E67,0,0,H67,82.5,82.5,J67,7.6,7.6,I67,NA,,
haikou_region_proxy,haikou,NA,2023-11-05,气象数据原/海口市2021-2026气象数据.xlsx,2023,68,24.9,24.9,G68,23.2,23.2,F68,29.6,29.6,E68,17.8,17.8,H68,94.8,94.8,J68,3.3,3.3,I68,NA,,
haikou_region_proxy,haikou,NA,2023-11-06,气象数据原/海口市2021-2026气象数据.xlsx,2023,69,26.3,26.3,G69,25.2,25.2,F69,30.2,30.2,E69,1.9,1.9,H69,89.5,89.5,J69,0.1,0.1,I69,NA,,
haikou_region_proxy,haikou,NA,2023-11-07,气象数据原/海口市2021-2026气象数据.xlsx,2023,70,25.3,25.3,G70,23.7,23.7,F70,28,28,E70,0,0,H70,88.2,88.2,J70,1.9,1.9,I70,NA,,
haikou_region_proxy,haikou,NA,2023-11-08,气象数据原/海口市2021-2026气象数据.xlsx,2023,71,25.8,25.8,G71,22.9,22.9,F71,30.5,30.5,E71,79.3,79.3,H71,89,89,J71,3.4,3.4,I71,NA,,
haikou_region_proxy,haikou,NA,2023-11-09,气象数据原/海口市2021-2026气象数据.xlsx,2023,72,25.8,25.8,G72,23.1,23.1,F72,31.6,31.6,E72,9.9,9.9,H72,89,89,J72,6.5,6.5,I72,NA,,
haikou_region_proxy,haikou,NA,2023-11-10,气象数据原/海口市2021-2026气象数据.xlsx,2023,73,27.6,27.6,G73,24.3,24.3,F73,33.1,33.1,E73,40.5,40.5,H73,86.8,86.8,J73,6,6,I73,NA,,
haikou_region_proxy,haikou,NA,2023-11-11,气象数据原/海口市2021-2026气象数据.xlsx,2023,74,25.7,25.7,G74,24.7,24.7,F74,32,32,E74,3.7,3.7,H74,94.8,94.8,J74,3.2,3.2,I74,NA,,
haikou_region_proxy,haikou,NA,2023-11-12,气象数据原/海口市2021-2026气象数据.xlsx,2023,75,24.5,24.5,G75,23.7,23.7,F75,26,26,E75,111.9,111.9,H75,95.8,95.8,J75,0,0,I75,NA,,
haikou_region_proxy,haikou,NA,2023-11-13,气象数据原/海口市2021-2026气象数据.xlsx,2023,76,23.2,23.2,G76,21.3,21.3,F76,25.2,25.2,E76,1.6,1.6,H76,87.2,87.2,J76,0,0,I76,NA,,
haikou_region_proxy,haikou,NA,2023-11-14,气象数据原/海口市2021-2026气象数据.xlsx,2023,77,21.6,21.6,G77,20.8,20.8,F77,22.3,22.3,E77,2.6,2.6,H77,93.2,93.2,J77,0,0,I77,NA,,
haikou_region_proxy,haikou,NA,2023-11-15,气象数据原/海口市2021-2026气象数据.xlsx,2023,78,23.6,23.6,G78,21.7,21.7,F78,28,28,E78,0.2,0.2,H78,89.5,89.5,J78,0.5,0.5,I78,NA,,
haikou_region_proxy,haikou,NA,2023-11-16,气象数据原/海口市2021-2026气象数据.xlsx,2023,79,21.9,21.9,G79,20.8,20.8,F79,24,24,E79,1.1,1.1,H79,88.5,88.5,J79,0,0,I79,NA,,
haikou_region_proxy,haikou,NA,2023-11-17,气象数据原/海口市2021-2026气象数据.xlsx,2023,80,19.2,19.2,G80,15.7,15.7,F80,23.9,23.9,E80,0,0,H80,61.8,61.8,J80,9.8,9.8,I80,NA,,
haikou_region_proxy,haikou,NA,2023-11-18,气象数据原/海口市2021-2026气象数据.xlsx,2023,81,18.2,18.2,G81,13.5,13.5,F81,25.5,25.5,E81,0,0,H81,74.2,74.2,J81,9.8,9.8,I81,NA,,
haikou_region_proxy,haikou,NA,2023-11-19,气象数据原/海口市2021-2026气象数据.xlsx,2023,82,20.5,20.5,G82,17.2,17.2,F82,26.8,26.8,E82,0,0,H82,71.2,71.2,J82,9.5,9.5,I82,NA,,
haikou_region_proxy,haikou,NA,2023-11-20,气象数据原/海口市2021-2026气象数据.xlsx,2023,83,21.1,21.1,G83,17.3,17.3,F83,27.9,27.9,E83,0,0,H83,74,74,J83,8.6,8.6,I83,NA,,
haikou_region_proxy,haikou,NA,2023-11-21,气象数据原/海口市2021-2026气象数据.xlsx,2023,84,22.2,22.2,G84,18.4,18.4,F84,28.4,28.4,E84,0,0,H84,85,85,J84,4.4,4.4,I84,NA,,
haikou_region_proxy,haikou,NA,2023-11-22,气象数据原/海口市2021-2026气象数据.xlsx,2023,85,23.4,23.4,G85,20.8,20.8,F85,28.3,28.3,E85,0.5,0.5,H85,83.8,83.8,J85,3,3,I85,NA,,
haikou_region_proxy,haikou,NA,2023-11-23,气象数据原/海口市2021-2026气象数据.xlsx,2023,86,23,23,G86,20.1,20.1,F86,29.1,29.1,E86,0,0,H86,80.8,80.8,J86,8.9,8.9,I86,NA,,
haikou_region_proxy,haikou,NA,2023-11-24,气象数据原/海口市2021-2026气象数据.xlsx,2023,87,22.7,22.7,G87,19.4,19.4,F87,29.1,29.1,E87,0,0,H87,80.5,80.5,J87,3.3,3.3,I87,NA,,
haikou_region_proxy,haikou,NA,2023-11-25,气象数据原/海口市2021-2026气象数据.xlsx,2023,88,22.2,22.2,G88,21.1,21.1,F88,23.8,23.8,E88,7.1,7.1,H88,91.8,91.8,J88,0.4,0.4,I88,NA,,
haikou_region_proxy,haikou,NA,2023-11-26,气象数据原/海口市2021-2026气象数据.xlsx,2023,89,22.6,22.6,G89,20.6,20.6,F89,28,28,E89,0,0,H89,83.8,83.8,J89,4.8,4.8,I89,NA,,
haikou_region_proxy,haikou,NA,2023-11-27,气象数据原/海口市2021-2026气象数据.xlsx,2023,90,21.4,21.4,G90,18,18,F90,28.2,28.2,E90,0,0,H90,81.8,81.8,J90,8.7,8.7,I90,NA,,
haikou_region_proxy,haikou,NA,2023-11-28,气象数据原/海口市2021-2026气象数据.xlsx,2023,91,22.2,22.2,G91,18.2,18.2,F91,27.9,27.9,E91,0,0,H91,83,83,J91,3.3,3.3,I91,NA,,
haikou_region_proxy,haikou,NA,2023-11-29,气象数据原/海口市2021-2026气象数据.xlsx,2023,92,23.1,23.1,G92,21.7,21.7,F92,24.6,24.6,E92,9.1,9.1,H92,94,94,J92,0,0,I92,NA,,
haikou_region_proxy,haikou,NA,2023-11-30,气象数据原/海口市2021-2026气象数据.xlsx,2023,93,24.6,24.6,G93,23.3,23.3,F93,27.2,27.2,E93,3.4,3.4,H93,91.2,91.2,J93,0,0,I93,NA,,
haikou_region_proxy,haikou,NA,2023-12-01,气象数据原/海口市2021-2026气象数据.xlsx,2023,94,22,22,G94,20.7,20.7,F94,23.8,23.8,E94,8.8,8.8,H94,94.2,94.2,J94,0,0,I94,NA,,
haikou_region_proxy,haikou,NA,2023-12-02,气象数据原/海口市2021-2026气象数据.xlsx,2023,95,20.8,20.8,G95,19.8,19.8,F95,21.2,21.2,E95,4.2,4.2,H95,95.5,95.5,J95,0,0,I95,NA,,
haikou_region_proxy,haikou,NA,2023-12-03,气象数据原/海口市2021-2026气象数据.xlsx,2023,96,22,22,G96,21,21,F96,23.3,23.3,E96,1.2,1.2,H96,94.2,94.2,J96,0,0,I96,NA,,
haikou_region_proxy,haikou,NA,2023-12-04,气象数据原/海口市2021-2026气象数据.xlsx,2023,97,21.9,21.9,G97,21.1,21.1,F97,24.4,24.4,E97,0.8,0.8,H97,91.2,91.2,J97,2.1,2.1,I97,NA,,
haikou_region_proxy,haikou,NA,2023-12-05,气象数据原/海口市2021-2026气象数据.xlsx,2023,98,22.1,22.1,G98,20,20,F98,24.8,24.8,E98,0,0,H98,89.2,89.2,J98,3.9,3.9,I98,NA,,
haikou_region_proxy,haikou,NA,2023-12-06,气象数据原/海口市2021-2026气象数据.xlsx,2023,99,21.6,21.6,G99,20.6,20.6,F99,24.4,24.4,E99,5.4,5.4,H99,95.5,95.5,J99,0,0,I99,NA,,
haikou_region_proxy,haikou,NA,2023-12-07,气象数据原/海口市2021-2026气象数据.xlsx,2023,100,20.5,20.5,G100,17.6,17.6,F100,26.4,26.4,E100,0.6,0.6,H100,79.8,79.8,J100,9.4,9.4,I100,NA,,
haikou_region_proxy,haikou,NA,2023-12-08,气象数据原/海口市2021-2026气象数据.xlsx,2023,101,21.6,21.6,G101,16.7,16.7,F101,29.8,29.8,E101,0,0,H101,79.2,79.2,J101,9.2,9.2,I101,NA,,
haikou_region_proxy,haikou,NA,2023-12-09,气象数据原/海口市2021-2026气象数据.xlsx,2023,102,24.1,24.1,G102,19.5,19.5,F102,31,31,E102,0,0,H102,84.5,84.5,J102,6.9,6.9,I102,NA,,
haikou_region_proxy,haikou,NA,2023-12-10,气象数据原/海口市2021-2026气象数据.xlsx,2023,103,24.8,24.8,G103,21.4,21.4,F103,31,31,E103,0.1,0.1,H103,86,86,J103,5.8,5.8,I103,NA,,
haikou_region_proxy,haikou,NA,2023-12-11,气象数据原/海口市2021-2026气象数据.xlsx,2023,104,24.9,24.9,G104,22.1,22.1,F104,31.9,31.9,E104,0,0,H104,84.5,84.5,J104,7.5,7.5,I104,NA,,
haikou_region_proxy,haikou,NA,2023-12-12,气象数据原/海口市2021-2026气象数据.xlsx,2023,105,24.4,24.4,G105,21.4,21.4,F105,30.1,30.1,E105,0.1,0.1,H105,85,85,J105,5.8,5.8,I105,NA,,
haikou_region_proxy,haikou,NA,2023-12-13,气象数据原/海口市2021-2026气象数据.xlsx,2023,106,24.7,24.7,G106,22.6,22.6,F106,27.9,27.9,E106,1.3,1.3,H106,89,89,J106,0.5,0.5,I106,NA,,
haikou_region_proxy,haikou,NA,2023-12-14,气象数据原/海口市2021-2026气象数据.xlsx,2023,107,25.5,25.5,G107,23.6,23.6,F107,29.7,29.7,E107,0.2,0.2,H107,87.8,87.8,J107,0.6,0.6,I107,NA,,
haikou_region_proxy,haikou,NA,2023-12-15,气象数据原/海口市2021-2026气象数据.xlsx,2023,108,26,26,G108,23.4,23.4,F108,31.9,31.9,E108,0,0,H108,84.8,84.8,J108,6.7,6.7,I108,NA,,
haikou_region_proxy,haikou,NA,2023-12-16,气象数据原/海口市2021-2026气象数据.xlsx,2023,109,21.6,21.6,G109,18.4,18.4,F109,28.4,28.4,E109,0.6,0.6,H109,94.5,94.5,J109,0.7,0.7,I109,NA,,
haikou_region_proxy,haikou,NA,2023-12-17,气象数据原/海口市2021-2026气象数据.xlsx,2023,110,17.5,17.5,G110,16.5,16.5,F110,18.4,18.4,E110,5.6,5.6,H110,96.2,96.2,J110,0,0,I110,NA,,
haikou_region_proxy,haikou,NA,2023-12-18,气象数据原/海口市2021-2026气象数据.xlsx,2023,111,20,20,G111,16.7,16.7,F111,23.1,23.1,E111,11.9,11.9,H111,97,97,J111,0,0,I111,NA,,
haikou_region_proxy,haikou,NA,2023-12-19,气象数据原/海口市2021-2026气象数据.xlsx,2023,112,16,16,G112,14,14,F112,20.3,20.3,E112,11.3,11.3,H112,97,97,J112,0,0,I112,NA,,
haikou_region_proxy,haikou,NA,2023-12-20,气象数据原/海口市2021-2026气象数据.xlsx,2023,113,14,14,G113,13.2,13.2,F113,15.1,15.1,E113,2.2,2.2,H113,96.2,96.2,J113,0,0,I113,NA,,
haikou_region_proxy,haikou,NA,2023-12-21,气象数据原/海口市2021-2026气象数据.xlsx,2023,114,14.1,14.1,G114,13.6,13.6,F114,14.9,14.9,E114,0,0,H114,81.8,81.8,J114,0,0,I114,NA,,
haikou_region_proxy,haikou,NA,2023-12-22,气象数据原/海口市2021-2026气象数据.xlsx,2023,115,12.6,12.6,G115,11.5,11.5,F115,14.2,14.2,E115,0.7,0.7,H115,83.5,83.5,J115,0,0,I115,NA,,
haikou_region_proxy,haikou,NA,2023-12-23,气象数据原/海口市2021-2026气象数据.xlsx,2023,116,13.3,13.3,G116,11.3,11.3,F116,14.9,14.9,E116,0.7,0.7,H116,82.2,82.2,J116,0,0,I116,NA,,
haikou_region_proxy,haikou,NA,2023-12-24,气象数据原/海口市2021-2026气象数据.xlsx,2023,117,15.2,15.2,G117,12.4,12.4,F117,19.4,19.4,E117,0,0,H117,70.2,70.2,J117,4.7,4.7,I117,NA,,
haikou_region_proxy,haikou,NA,2023-12-25,气象数据原/海口市2021-2026气象数据.xlsx,2023,118,15.7,15.7,G118,12.1,12.1,F118,19.8,19.8,E118,0,0,H118,73.8,73.8,J118,3.5,3.5,I118,NA,,
haikou_region_proxy,haikou,NA,2023-12-26,气象数据原/海口市2021-2026气象数据.xlsx,2023,119,18,18,G119,14.7,14.7,F119,23.3,23.3,E119,0,0,H119,82,82,J119,3.9,3.9,I119,NA,,
haikou_region_proxy,haikou,NA,2023-12-27,气象数据原/海口市2021-2026气象数据.xlsx,2023,120,19.8,19.8,G120,17.9,17.9,F120,23,23,E120,0,0,H120,82,82,J120,1,1,I120,NA,,
haikou_region_proxy,haikou,NA,2023-12-28,气象数据原/海口市2021-2026气象数据.xlsx,2023,121,21.3,21.3,G121,18.6,18.6,F121,26.5,26.5,E121,0.1,0.1,H121,85.5,85.5,J121,1.5,1.5,I121,NA,,
haikou_region_proxy,haikou,NA,2023-12-29,气象数据原/海口市2021-2026气象数据.xlsx,2023,122,22,22,G122,19.5,19.5,F122,25.6,25.6,E122,0,0,H122,84.5,84.5,J122,0,0,I122,NA,,
haikou_region_proxy,haikou,NA,2023-12-30,气象数据原/海口市2021-2026气象数据.xlsx,2023,123,21.6,21.6,G123,20.1,20.1,F123,26.4,26.4,E123,0.2,0.2,H123,89.2,89.2,J123,0,0,I123,NA,,
haikou_region_proxy,haikou,NA,2023-12-31,气象数据原/海口市2021-2026气象数据.xlsx,2023,124,21.5,21.5,G124,18.2,18.2,F124,27.4,27.4,E124,0,0,H124,84.5,84.5,J124,7.4,7.4,I124,NA,,
haikou_region_proxy,haikou,NA,2024-01-01,气象数据原/海口市2021-2026气象数据.xlsx,2024,2,22.5,22.5,G2,19.9,19.9,F2,26.5,26.5,E2,0,0,H2,85,85,J2,4.3,4.3,I2,NA,,
haikou_region_proxy,haikou,NA,2024-01-02,气象数据原/海口市2021-2026气象数据.xlsx,2024,3,23.3,23.3,G3,21.4,21.4,F3,26.7,26.7,E3,0,0,H3,82,82,J3,4,4,I3,NA,,
haikou_region_proxy,haikou,NA,2024-01-03,气象数据原/海口市2021-2026气象数据.xlsx,2024,4,21.4,21.4,G4,20.2,20.2,F4,23.7,23.7,E4,0,0,H4,82,82,J4,3.8,3.8,I4,NA,,
haikou_region_proxy,haikou,NA,2024-01-04,气象数据原/海口市2021-2026气象数据.xlsx,2024,5,19.7,19.7,G5,19.1,19.1,F5,20.8,20.8,E5,0,0,H5,75,75,J5,0,0,I5,NA,,
haikou_region_proxy,haikou,NA,2024-01-05,气象数据原/海口市2021-2026气象数据.xlsx,2024,6,21.3,21.3,G6,18.9,18.9,F6,25.1,25.1,E6,0,0,H6,83,83,J6,3.9,3.9,I6,NA,,
haikou_region_proxy,haikou,NA,2024-01-06,气象数据原/海口市2021-2026气象数据.xlsx,2024,7,22.3,22.3,G7,20.5,20.5,F7,26.4,26.4,E7,0,0,H7,84,84,J7,7,7,I7,NA,,
haikou_region_proxy,haikou,NA,2024-01-07,气象数据原/海口市2021-2026气象数据.xlsx,2024,8,21.6,21.6,G8,19.8,19.8,F8,25,25,E8,0,0,H8,82,82,J8,4.6,4.6,I8,NA,,
haikou_region_proxy,haikou,NA,2024-01-08,气象数据原/海口市2021-2026气象数据.xlsx,2024,9,21.8,21.8,G9,20.1,20.1,F9,24.3,24.3,E9,0,0,H9,86,86,J9,1.5,1.5,I9,NA,,
haikou_region_proxy,haikou,NA,2024-01-09,气象数据原/海口市2021-2026气象数据.xlsx,2024,10,22.9,22.9,G10,21.2,21.2,F10,26.5,26.5,E10,0,0,H10,86,86,J10,6.1,6.1,I10,NA,,
haikou_region_proxy,haikou,NA,2024-01-10,气象数据原/海口市2021-2026气象数据.xlsx,2024,11,21.8,21.8,G11,21.1,21.1,F11,23.6,23.6,E11,0,0,H11,86,86,J11,2.4,2.4,I11,NA,,
haikou_region_proxy,haikou,NA,2024-01-11,气象数据原/海口市2021-2026气象数据.xlsx,2024,12,21.8,21.8,G12,20.3,20.3,F12,23.8,23.8,E12,0,0,H12,75,75,J12,1.1,1.1,I12,NA,,
haikou_region_proxy,haikou,NA,2024-01-12,气象数据原/海口市2021-2026气象数据.xlsx,2024,13,21.8,21.8,G13,20.8,20.8,F13,24.8,24.8,E13,0,0,H13,76,76,J13,3.5,3.5,I13,NA,,
haikou_region_proxy,haikou,NA,2024-01-13,气象数据原/海口市2021-2026气象数据.xlsx,2024,14,21.5,21.5,G14,19.3,19.3,F14,25,25,E14,0,0,H14,77,77,J14,6,6,I14,NA,,
haikou_region_proxy,haikou,NA,2024-01-14,气象数据原/海口市2021-2026气象数据.xlsx,2024,15,21.7,21.7,G15,20.7,20.7,F15,23.7,23.7,E15,0,0,H15,85,85,J15,0.9,0.9,I15,NA,,
haikou_region_proxy,haikou,NA,2024-01-15,气象数据原/海口市2021-2026气象数据.xlsx,2024,16,21.9,21.9,G16,20.6,20.6,F16,25.1,25.1,E16,0,0,H16,84,84,J16,5.5,5.5,I16,NA,,
haikou_region_proxy,haikou,NA,2024-01-16,气象数据原/海口市2021-2026气象数据.xlsx,2024,17,21.4,21.4,G17,19.3,19.3,F17,24.5,24.5,E17,0,0,H17,82,82,J17,2,2,I17,NA,,
haikou_region_proxy,haikou,NA,2024-01-17,气象数据原/海口市2021-2026气象数据.xlsx,2024,18,21.7,21.7,G18,20.7,20.7,F18,24.5,24.5,E18,0.2,0.2,H18,84,84,J18,1.8,1.8,I18,NA,,
haikou_region_proxy,haikou,NA,2024-01-18,气象数据原/海口市2021-2026气象数据.xlsx,2024,19,22.3,22.3,G19,20.6,20.6,F19,25.8,25.8,E19,0,0,H19,86,86,J19,6.7,6.7,I19,NA,,
haikou_region_proxy,haikou,NA,2024-01-19,气象数据原/海口市2021-2026气象数据.xlsx,2024,20,22.3,22.3,G20,20.3,20.3,F20,25.7,25.7,E20,0,0,H20,85,85,J20,7.2,7.2,I20,NA,,
haikou_region_proxy,haikou,NA,2024-01-20,气象数据原/海口市2021-2026气象数据.xlsx,2024,21,22,22,G21,19.9,19.9,F21,25.7,25.7,E21,0,0,H21,85,85,J21,7,7,I21,NA,,
haikou_region_proxy,haikou,NA,2024-01-21,气象数据原/海口市2021-2026气象数据.xlsx,2024,22,20.6,20.6,G22,19.9,19.9,F22,21.9,21.9,E22,0,0,H22,85,85,J22,0,0,I22,NA,,
haikou_region_proxy,haikou,NA,2024-01-22,气象数据原/海口市2021-2026气象数据.xlsx,2024,23,17.7,17.7,G23,11.2,11.2,F23,22.8,22.8,E23,3.3,3.3,H23,89,89,J23,0.4,0.4,I23,NA,,
haikou_region_proxy,haikou,NA,2024-01-23,气象数据原/海口市2021-2026气象数据.xlsx,2024,24,11.5,11.5,G24,9.9,9.9,F24,13,13,E24,17.1,17.1,H24,94,94,J24,0,0,I24,NA,,
haikou_region_proxy,haikou,NA,2024-01-24,气象数据原/海口市2021-2026气象数据.xlsx,2024,25,12.7,12.7,G25,10.8,10.8,F25,13.2,13.2,E25,2.1,2.1,H25,84,84,J25,0,0,I25,NA,,
haikou_region_proxy,haikou,NA,2024-01-25,气象数据原/海口市2021-2026气象数据.xlsx,2024,26,12.7,12.7,G26,11.2,11.2,F26,14.1,14.1,E26,3.4,3.4,H26,87,87,J26,0,0,I26,NA,,
haikou_region_proxy,haikou,NA,2024-01-26,气象数据原/海口市2021-2026气象数据.xlsx,2024,27,14.9,14.9,G27,13.2,13.2,F27,17,17,E27,0,0,H27,82,82,J27,0,0,I27,NA,,
haikou_region_proxy,haikou,NA,2024-01-27,气象数据原/海口市2021-2026气象数据.xlsx,2024,28,14.2,14.2,G28,12.8,12.8,F28,17,17,E28,1,1,H28,93,93,J28,0,0,I28,NA,,
haikou_region_proxy,haikou,NA,2024-01-28,气象数据原/海口市2021-2026气象数据.xlsx,2024,29,15.1,15.1,G29,12.9,12.9,F29,16.3,16.3,E29,9.8,9.8,H29,96,96,J29,0,0,I29,NA,,
haikou_region_proxy,haikou,NA,2024-01-29,气象数据原/海口市2021-2026气象数据.xlsx,2024,30,19.8,19.8,G30,16.3,16.3,F30,22.1,22.1,E30,0.4,0.4,H30,92,92,J30,0.3,0.3,I30,NA,,
haikou_region_proxy,haikou,NA,2024-01-30,气象数据原/海口市2021-2026气象数据.xlsx,2024,31,21.1,21.1,G31,19.4,19.4,F31,23.8,23.8,E31,0.1,0.1,H31,92,92,J31,1.9,1.9,I31,NA,,
haikou_region_proxy,haikou,NA,2024-01-31,气象数据原/海口市2021-2026气象数据.xlsx,2024,32,22.4,22.4,G32,20.7,20.7,F32,26,26,E32,0,0,H32,88,88,J32,4.1,4.1,I32,NA,,
haikou_region_proxy,haikou,NA,2024-10-01,气象数据原/海口市2021-2026气象数据.xlsx,2024,33,30.1,30.1,G33,25.9,25.9,F33,36.6,36.6,E33,0,0,H33,72.5,72.5,J33,5.1,5.1,I33,NA,,
haikou_region_proxy,haikou,NA,2024-10-02,气象数据原/海口市2021-2026气象数据.xlsx,2024,34,26.9,26.9,G34,24.1,24.1,F34,30.2,30.2,E34,0,0,H34,64.8,64.8,J34,9,9,I34,NA,,
haikou_region_proxy,haikou,NA,2024-10-03,气象数据原/海口市2021-2026气象数据.xlsx,2024,35,25.8,25.8,G35,23,23,F35,30.2,30.2,E35,0,0,H35,55.2,55.2,J35,10.6,10.6,I35,NA,,
haikou_region_proxy,haikou,NA,2024-10-04,气象数据原/海口市2021-2026气象数据.xlsx,2024,36,25.7,25.7,G36,21.7,21.7,F36,30.9,30.9,E36,0,0,H36,63.5,63.5,J36,10.8,10.8,I36,NA,,
haikou_region_proxy,haikou,NA,2024-10-05,气象数据原/海口市2021-2026气象数据.xlsx,2024,37,26.6,26.6,G37,22.6,22.6,F37,31.4,31.4,E37,0,0,H37,66.2,66.2,J37,10.7,10.7,I37,NA,,
haikou_region_proxy,haikou,NA,2024-10-06,气象数据原/海口市2021-2026气象数据.xlsx,2024,38,25.7,25.7,G38,25,25,F38,28.4,28.4,E38,3.9,3.9,H38,82.8,82.8,J38,0.6,0.6,I38,NA,,
haikou_region_proxy,haikou,NA,2024-10-07,气象数据原/海口市2021-2026气象数据.xlsx,2024,39,27.8,27.8,G39,24.5,24.5,F39,33,33,E39,18.5,18.5,H39,80,80,J39,NA,,I39,NA,,
haikou_region_proxy,haikou,NA,2024-10-08,气象数据原/海口市2021-2026气象数据.xlsx,2024,40,27.4,27.4,G40,25,25,F40,32.2,32.2,E40,0,0,H40,75.8,75.8,J40,8.7,8.7,I40,NA,,
haikou_region_proxy,haikou,NA,2024-10-09,气象数据原/海口市2021-2026气象数据.xlsx,2024,41,26.7,26.7,G41,23.9,23.9,F41,31.3,31.3,E41,0,0,H41,72.5,72.5,J41,8.9,8.9,I41,NA,,
haikou_region_proxy,haikou,NA,2024-10-10,气象数据原/海口市2021-2026气象数据.xlsx,2024,42,25.4,25.4,G42,23.7,23.7,F42,27.9,27.9,E42,3.1,3.1,H42,81.2,81.2,J42,4.1,4.1,I42,NA,,
haikou_region_proxy,haikou,NA,2024-10-11,气象数据原/海口市2021-2026气象数据.xlsx,2024,43,26.4,26.4,G43,24.4,24.4,F43,30.6,30.6,E43,0,0,H43,74.8,74.8,J43,6.5,6.5,I43,NA,,
haikou_region_proxy,haikou,NA,2024-10-12,气象数据原/海口市2021-2026气象数据.xlsx,2024,44,27.1,27.1,G44,23.8,23.8,F44,32.1,32.1,E44,0,0,H44,73.8,73.8,J44,6.4,6.4,I44,NA,,
haikou_region_proxy,haikou,NA,2024-10-13,气象数据原/海口市2021-2026气象数据.xlsx,2024,45,26.9,26.9,G45,24.3,24.3,F45,31.5,31.5,E45,0.2,0.2,H45,80,80,J45,6.2,6.2,I45,NA,,
haikou_region_proxy,haikou,NA,2024-10-14,气象数据原/海口市2021-2026气象数据.xlsx,2024,46,26.1,26.1,G46,24.9,24.9,F46,30.1,30.1,E46,23,23,H46,87.8,87.8,J46,2.4,2.4,I46,NA,,
haikou_region_proxy,haikou,NA,2024-10-15,气象数据原/海口市2021-2026气象数据.xlsx,2024,47,26,26,G47,24.6,24.6,F47,29.6,29.6,E47,0,0,H47,86,86,J47,1.8,1.8,I47,NA,,
haikou_region_proxy,haikou,NA,2024-10-16,气象数据原/海口市2021-2026气象数据.xlsx,2024,48,26,26,G48,24.5,24.5,F48,31.7,31.7,E48,5.6,5.6,H48,86.8,86.8,J48,2.7,2.7,I48,NA,,
haikou_region_proxy,haikou,NA,2024-10-17,气象数据原/海口市2021-2026气象数据.xlsx,2024,49,25.4,25.4,G49,23.3,23.3,F49,28.2,28.2,E49,51.3,51.3,H49,90.5,90.5,J49,1.8,1.8,I49,NA,,
haikou_region_proxy,haikou,NA,2024-10-18,气象数据原/海口市2021-2026气象数据.xlsx,2024,50,26.5,26.5,G50,24.8,24.8,F50,30.3,30.3,E50,3,3,H50,87.2,87.2,J50,4.5,4.5,I50,NA,,
haikou_region_proxy,haikou,NA,2024-10-19,气象数据原/海口市2021-2026气象数据.xlsx,2024,51,27.3,27.3,G51,24.8,24.8,F51,32.1,32.1,E51,0,0,H51,81.2,81.2,J51,6.5,6.5,I51,NA,,
haikou_region_proxy,haikou,NA,2024-10-20,气象数据原/海口市2021-2026气象数据.xlsx,2024,52,27.2,27.2,G52,25,25,F52,30.6,30.6,E52,0.5,0.5,H52,82,82,J52,1.5,1.5,I52,NA,,
haikou_region_proxy,haikou,NA,2024-10-21,气象数据原/海口市2021-2026气象数据.xlsx,2024,53,27.2,27.2,G53,25.4,25.4,F53,30.2,30.2,E53,0,0,H53,79.5,79.5,J53,0.7,0.7,I53,NA,,
haikou_region_proxy,haikou,NA,2024-10-22,气象数据原/海口市2021-2026气象数据.xlsx,2024,54,27.5,27.5,G54,25.1,25.1,F54,31.7,31.7,E54,0,0,H54,76.8,76.8,J54,7.4,7.4,I54,NA,,
haikou_region_proxy,haikou,NA,2024-10-23,气象数据原/海口市2021-2026气象数据.xlsx,2024,55,26,26,G55,24.6,24.6,F55,29.2,29.2,E55,0.1,0.1,H55,69.8,69.8,J55,3.3,3.3,I55,NA,,
haikou_region_proxy,haikou,NA,2024-10-24,气象数据原/海口市2021-2026气象数据.xlsx,2024,56,25,25,G56,22,22,F56,29.1,29.1,E56,0,0,H56,59.8,59.8,J56,10.1,10.1,I56,NA,,
haikou_region_proxy,haikou,NA,2024-10-25,气象数据原/海口市2021-2026气象数据.xlsx,2024,57,24.2,24.2,G57,19.3,19.3,F57,29.2,29.2,E57,0,0,H57,61,61,J57,10.4,10.4,I57,NA,,
haikou_region_proxy,haikou,NA,2024-10-26,气象数据原/海口市2021-2026气象数据.xlsx,2024,58,24.3,24.3,G58,23.6,23.6,F58,26.3,26.3,E58,3.7,3.7,H58,72,72,J58,0,0,I58,NA,,
haikou_region_proxy,haikou,NA,2024-10-27,气象数据原/海口市2021-2026气象数据.xlsx,2024,59,24.9,24.9,G59,23.7,23.7,F59,27.8,27.8,E59,32.4,32.4,H59,89,89,J59,0.3,0.3,I59,NA,,
haikou_region_proxy,haikou,NA,2024-10-28,气象数据原/海口市2021-2026气象数据.xlsx,2024,60,24,24,G60,23.4,23.4,F60,25.8,25.8,E60,32,32,H60,91,91,J60,0,0,I60,NA,,
haikou_region_proxy,haikou,NA,2024-10-29,气象数据原/海口市2021-2026气象数据.xlsx,2024,61,23.6,23.6,G61,22.6,22.6,F61,24.1,24.1,E61,301.7,301.7,H61,93.8,93.8,J61,0,0,I61,NA,,
haikou_region_proxy,haikou,NA,2024-10-30,气象数据原/海口市2021-2026气象数据.xlsx,2024,62,23.9,23.9,G62,23.4,23.4,F62,25.1,25.1,E62,10.6,10.6,H62,88.5,88.5,J62,0,0,I62,NA,,
haikou_region_proxy,haikou,NA,2024-10-31,气象数据原/海口市2021-2026气象数据.xlsx,2024,63,24.7,24.7,G63,21.8,21.8,F63,30.2,30.2,E63,0,0,H63,77.8,77.8,J63,9,9,I63,NA,,
haikou_region_proxy,haikou,NA,2024-11-01,气象数据原/海口市2021-2026气象数据.xlsx,2024,64,24.5,24.5,G64,19.9,19.9,F64,30.5,30.5,E64,0,0,H64,72.2,72.2,J64,10.3,10.3,I64,NA,,
haikou_region_proxy,haikou,NA,2024-11-02,气象数据原/海口市2021-2026气象数据.xlsx,2024,65,24.4,24.4,G65,22.5,22.5,F65,27,27,E65,0,0,H65,73.8,73.8,J65,3,3,I65,NA,,
haikou_region_proxy,haikou,NA,2024-11-03,气象数据原/海口市2021-2026气象数据.xlsx,2024,66,23,23,G66,22.4,22.4,F66,24.1,24.1,E66,48.6,48.6,H66,90.8,90.8,J66,0,0,I66,NA,,
haikou_region_proxy,haikou,NA,2024-11-04,气象数据原/海口市2021-2026气象数据.xlsx,2024,67,23.3,23.3,G67,21.9,21.9,F67,24.3,24.3,E67,205.4,205.4,H67,93,93,J67,0,0,I67,NA,,
haikou_region_proxy,haikou,NA,2024-11-05,气象数据原/海口市2021-2026气象数据.xlsx,2024,68,23.9,23.9,G68,22.8,22.8,F68,27.1,27.1,E68,0.1,0.1,H68,83.8,83.8,J68,0.7,0.7,I68,NA,,
haikou_region_proxy,haikou,NA,2024-11-06,气象数据原/海口市2021-2026气象数据.xlsx,2024,69,23,23,G69,21.8,21.8,F69,25.2,25.2,E69,0.8,0.8,H69,80.2,80.2,J69,2.3,2.3,I69,NA,,
haikou_region_proxy,haikou,NA,2024-11-07,气象数据原/海口市2021-2026气象数据.xlsx,2024,70,23.2,23.2,G70,21.6,21.6,F70,26.1,26.1,E70,0.7,0.7,H70,77.2,77.2,J70,3.3,3.3,I70,NA,,
haikou_region_proxy,haikou,NA,2024-11-08,气象数据原/海口市2021-2026气象数据.xlsx,2024,71,22.1,22.1,G71,17.9,17.9,F71,27.9,27.9,E71,0.1,0.1,H71,70.2,70.2,J71,9.3,9.3,I71,NA,,
haikou_region_proxy,haikou,NA,2024-11-09,气象数据原/海口市2021-2026气象数据.xlsx,2024,72,23,23,G72,18.5,18.5,F72,28.1,28.1,E72,0,0,H72,65.5,65.5,J72,5,5,I72,NA,,
haikou_region_proxy,haikou,NA,2024-11-10,气象数据原/海口市2021-2026气象数据.xlsx,2024,73,24.6,24.6,G73,23,23,F73,27.8,27.8,E73,0,0,H73,72,72,J73,2,2,I73,NA,,
haikou_region_proxy,haikou,NA,2024-11-11,气象数据原/海口市2021-2026气象数据.xlsx,2024,74,25.4,25.4,G74,24.5,24.5,F74,27.4,27.4,E74,0,0,H74,79.2,79.2,J74,0,0,I74,NA,,
haikou_region_proxy,haikou,NA,2024-11-12,气象数据原/海口市2021-2026气象数据.xlsx,2024,75,24.9,24.9,G75,23.3,23.3,F75,27.9,27.9,E75,0,0,H75,81,81,J75,1.7,1.7,I75,NA,,
haikou_region_proxy,haikou,NA,2024-11-13,气象数据原/海口市2021-2026气象数据.xlsx,2024,76,25,25,G76,21.2,21.2,F76,30.8,30.8,E76,0,0,H76,77.8,77.8,J76,8,8,I76,NA,,
haikou_region_proxy,haikou,NA,2024-11-14,气象数据原/海口市2021-2026气象数据.xlsx,2024,77,25.3,25.3,G77,21.4,21.4,F77,31.8,31.8,E77,0,0,H77,76.5,76.5,J77,8.2,8.2,I77,NA,,
haikou_region_proxy,haikou,NA,2024-11-15,气象数据原/海口市2021-2026气象数据.xlsx,2024,78,26.8,26.8,G78,23.1,23.1,F78,33.1,33.1,E78,0,0,H78,72.8,72.8,J78,9,9,I78,NA,,
haikou_region_proxy,haikou,NA,2024-11-16,气象数据原/海口市2021-2026气象数据.xlsx,2024,79,26,26,G79,22,22,F79,32.4,32.4,E79,0,0,H79,75,75,J79,9.2,9.2,I79,NA,,
haikou_region_proxy,haikou,NA,2024-11-17,气象数据原/海口市2021-2026气象数据.xlsx,2024,80,24.7,24.7,G80,23.1,23.1,F80,29.1,29.1,E80,1,1,H80,87.8,87.8,J80,1.2,1.2,I80,NA,,
haikou_region_proxy,haikou,NA,2024-11-18,气象数据原/海口市2021-2026气象数据.xlsx,2024,81,24.4,24.4,G81,23.3,23.3,F81,27.3,27.3,E81,0,0,H81,79,79,J81,1.2,1.2,I81,NA,,
haikou_region_proxy,haikou,NA,2024-11-19,气象数据原/海口市2021-2026气象数据.xlsx,2024,82,22.2,22.2,G82,20.7,20.7,F82,24,24,E82,6.1,6.1,H82,84,84,J82,0,0,I82,NA,,
haikou_region_proxy,haikou,NA,2024-11-20,气象数据原/海口市2021-2026气象数据.xlsx,2024,83,20.7,20.7,G83,19.9,19.9,F83,22.7,22.7,E83,3.4,3.4,H83,89,89,J83,0,0,I83,NA,,
haikou_region_proxy,haikou,NA,2024-11-21,气象数据原/海口市2021-2026气象数据.xlsx,2024,84,20.8,20.8,G84,20.2,20.2,F84,22,22,E84,4.1,4.1,H84,91,91,J84,0,0,I84,NA,,
haikou_region_proxy,haikou,NA,2024-11-22,气象数据原/海口市2021-2026气象数据.xlsx,2024,85,21.8,21.8,G85,20.8,20.8,F85,23.2,23.2,E85,0,0,H85,82,82,J85,0.1,0.1,I85,NA,,
haikou_region_proxy,haikou,NA,2024-11-23,气象数据原/海口市2021-2026气象数据.xlsx,2024,86,21.3,21.3,G86,20.8,20.8,F86,22.8,22.8,E86,0,0,H86,82.8,82.8,J86,0,0,I86,NA,,
haikou_region_proxy,haikou,NA,2024-11-24,气象数据原/海口市2021-2026气象数据.xlsx,2024,87,21.5,21.5,G87,20.7,20.7,F87,23.6,23.6,E87,4.4,4.4,H87,89.8,89.8,J87,0,0,I87,NA,,
haikou_region_proxy,haikou,NA,2024-11-25,气象数据原/海口市2021-2026气象数据.xlsx,2024,88,23.1,23.1,G88,21.9,21.9,F88,25.1,25.1,E88,14.1,14.1,H88,90.2,90.2,J88,0,0,I88,NA,,
haikou_region_proxy,haikou,NA,2024-11-26,气象数据原/海口市2021-2026气象数据.xlsx,2024,89,21.6,21.6,G89,19.7,19.7,F89,24.1,24.1,E89,0.1,0.1,H89,82.8,82.8,J89,0.7,0.7,I89,NA,,
haikou_region_proxy,haikou,NA,2024-11-27,气象数据原/海口市2021-2026气象数据.xlsx,2024,90,19.9,19.9,G90,17.7,17.7,F90,23,23,E90,0,0,H90,76.5,76.5,J90,5.1,5.1,I90,NA,,
haikou_region_proxy,haikou,NA,2024-11-28,气象数据原/海口市2021-2026气象数据.xlsx,2024,91,19.2,19.2,G91,16.6,16.6,F91,24.2,24.2,E91,0,0,H91,59.5,59.5,J91,10.2,10.2,I91,NA,,
haikou_region_proxy,haikou,NA,2024-11-29,气象数据原/海口市2021-2026气象数据.xlsx,2024,92,19,19,G92,15.5,15.5,F92,23.9,23.9,E92,0,0,H92,56.2,56.2,J92,10.2,10.2,I92,NA,,
haikou_region_proxy,haikou,NA,2024-11-30,气象数据原/海口市2021-2026气象数据.xlsx,2024,93,18.6,18.6,G93,13.7,13.7,F93,25.7,25.7,E93,0,0,H93,65.2,65.2,J93,10.2,10.2,I93,NA,,
haikou_region_proxy,haikou,NA,2024-12-01,气象数据原/海口市2021-2026气象数据.xlsx,2024,94,20.7,20.7,G94,16.1,16.1,F94,26.8,26.8,E94,0,0,H94,78,78,J94,5.1,5.1,I94,NA,,
haikou_region_proxy,haikou,NA,2024-12-02,气象数据原/海口市2021-2026气象数据.xlsx,2024,95,22.2,22.2,G95,20.9,20.9,F95,27.6,27.6,E95,0.3,0.3,H95,83,83,J95,2.8,2.8,I95,NA,,
haikou_region_proxy,haikou,NA,2024-12-03,气象数据原/海口市2021-2026气象数据.xlsx,2024,96,22.4,22.4,G96,19.9,19.9,F96,27.3,27.3,E96,0.2,0.2,H96,80.8,80.8,J96,4.7,4.7,I96,NA,,
haikou_region_proxy,haikou,NA,2024-12-04,气象数据原/海口市2021-2026气象数据.xlsx,2024,97,22.3,22.3,G97,19.4,19.4,F97,27.6,27.6,E97,0.2,0.2,H97,81,81,J97,7.3,7.3,I97,NA,,
haikou_region_proxy,haikou,NA,2024-12-05,气象数据原/海口市2021-2026气象数据.xlsx,2024,98,22.8,22.8,G98,21.5,21.5,F98,27.4,27.4,E98,8.6,8.6,H98,81.2,81.2,J98,5.4,5.4,I98,NA,,
haikou_region_proxy,haikou,NA,2024-12-06,气象数据原/海口市2021-2026气象数据.xlsx,2024,99,21.7,21.7,G99,19.2,19.2,F99,25.6,25.6,E99,0,0,H99,78.2,78.2,J99,2.4,2.4,I99,NA,,
haikou_region_proxy,haikou,NA,2024-12-07,气象数据原/海口市2021-2026气象数据.xlsx,2024,100,21.1,21.1,G100,18.4,18.4,F100,26.2,26.2,E100,0,0,H100,77.5,77.5,J100,6.2,6.2,I100,NA,,
haikou_region_proxy,haikou,NA,2024-12-08,气象数据原/海口市2021-2026气象数据.xlsx,2024,101,19.6,19.6,G101,18.7,18.7,F101,22.5,22.5,E101,0,0,H101,73.8,73.8,J101,2.6,2.6,I101,NA,,
haikou_region_proxy,haikou,NA,2024-12-09,气象数据原/海口市2021-2026气象数据.xlsx,2024,102,20.4,20.4,G102,18.8,18.8,F102,23.4,23.4,E102,0.8,0.8,H102,79,79,J102,0.4,0.4,I102,NA,,
haikou_region_proxy,haikou,NA,2024-12-10,气象数据原/海口市2021-2026气象数据.xlsx,2024,103,21.8,21.8,G103,19.2,19.2,F103,26.9,26.9,E103,0,0,H103,81,81,J103,2.1,2.1,I103,NA,,
haikou_region_proxy,haikou,NA,2024-12-11,气象数据原/海口市2021-2026气象数据.xlsx,2024,104,22.4,22.4,G104,21.4,21.4,F104,24.6,24.6,E104,1.6,1.6,H104,86.2,86.2,J104,0,0,I104,NA,,
haikou_region_proxy,haikou,NA,2024-12-12,气象数据原/海口市2021-2026气象数据.xlsx,2024,105,20.5,20.5,G105,19.6,19.6,F105,22.2,22.2,E105,0.1,0.1,H105,82.8,82.8,J105,0,0,I105,NA,,
haikou_region_proxy,haikou,NA,2024-12-13,气象数据原/海口市2021-2026气象数据.xlsx,2024,106,18.7,18.7,G106,17.5,17.5,F106,20.8,20.8,E106,2.7,2.7,H106,81.5,81.5,J106,0,0,I106,NA,,
haikou_region_proxy,haikou,NA,2024-12-14,气象数据原/海口市2021-2026气象数据.xlsx,2024,107,17.1,17.1,G107,16.1,16.1,F107,18.6,18.6,E107,0,0,H107,70,70,J107,0,0,I107,NA,,
haikou_region_proxy,haikou,NA,2024-12-15,气象数据原/海口市2021-2026气象数据.xlsx,2024,108,16.2,16.2,G108,15.2,15.2,F108,18.2,18.2,E108,0,0,H108,60.8,60.8,J108,1.3,1.3,I108,NA,,
haikou_region_proxy,haikou,NA,2024-12-16,气象数据原/海口市2021-2026气象数据.xlsx,2024,109,16.9,16.9,G109,14.3,14.3,F109,21.9,21.9,E109,0,0,H109,58,58,J109,7.3,7.3,I109,NA,,
haikou_region_proxy,haikou,NA,2024-12-17,气象数据原/海口市2021-2026气象数据.xlsx,2024,110,19.1,19.1,G110,15,15,F110,25,25,E110,0,0,H110,66,66,J110,5.6,5.6,I110,NA,,
haikou_region_proxy,haikou,NA,2024-12-18,气象数据原/海口市2021-2026气象数据.xlsx,2024,111,19.6,19.6,G111,17.7,17.7,F111,24,24,E111,0,0,H111,64.2,64.2,J111,5.3,5.3,I111,NA,,
haikou_region_proxy,haikou,NA,2024-12-19,气象数据原/海口市2021-2026气象数据.xlsx,2024,112,18,18,G112,16.1,16.1,F112,21.5,21.5,E112,0,0,H112,63.8,63.8,J112,3.3,3.3,I112,NA,,
haikou_region_proxy,haikou,NA,2024-12-20,气象数据原/海口市2021-2026气象数据.xlsx,2024,113,16.4,16.4,G113,13.4,13.4,F113,21.6,21.6,E113,0,0,H113,64.2,64.2,J113,9.5,9.5,I113,NA,,
haikou_region_proxy,haikou,NA,2024-12-21,气象数据原/海口市2021-2026气象数据.xlsx,2024,114,16.6,16.6,G114,13.6,13.6,F114,23,23,E114,0,0,H114,62.2,62.2,J114,9.7,9.7,I114,NA,,
haikou_region_proxy,haikou,NA,2024-12-22,气象数据原/海口市2021-2026气象数据.xlsx,2024,115,16.4,16.4,G115,13.4,13.4,F115,19.7,19.7,E115,0,0,H115,71.5,71.5,J115,1.4,1.4,I115,NA,,
haikou_region_proxy,haikou,NA,2024-12-23,气象数据原/海口市2021-2026气象数据.xlsx,2024,116,17.9,17.9,G116,17,17,F116,19.6,19.6,E116,0,0,H116,66,66,J116,0,0,I116,NA,,
haikou_region_proxy,haikou,NA,2024-12-24,气象数据原/海口市2021-2026气象数据.xlsx,2024,117,18.6,18.6,G117,17,17,F117,21.4,21.4,E117,0,0,H117,61.2,61.2,J117,2.3,2.3,I117,NA,,
haikou_region_proxy,haikou,NA,2024-12-25,气象数据原/海口市2021-2026气象数据.xlsx,2024,118,17.8,17.8,G118,16.9,16.9,F118,18.9,18.9,E118,0,0,H118,80.8,80.8,J118,0,0,I118,NA,,
haikou_region_proxy,haikou,NA,2024-12-26,气象数据原/海口市2021-2026气象数据.xlsx,2024,119,18,18,G119,17.1,17.1,F119,19.3,19.3,E119,1.6,1.6,H119,90.2,90.2,J119,0,0,I119,NA,,
haikou_region_proxy,haikou,NA,2024-12-27,气象数据原/海口市2021-2026气象数据.xlsx,2024,120,18.4,18.4,G120,17.3,17.3,F120,19.2,19.2,E120,2.2,2.2,H120,85.8,85.8,J120,0,0,I120,NA,,
haikou_region_proxy,haikou,NA,2024-12-28,气象数据原/海口市2021-2026气象数据.xlsx,2024,121,17.2,17.2,G121,15.5,15.5,F121,20.4,20.4,E121,0.5,0.5,H121,74.2,74.2,J121,2.9,2.9,I121,NA,,
haikou_region_proxy,haikou,NA,2024-12-29,气象数据原/海口市2021-2026气象数据.xlsx,2024,122,17,17,G122,13.8,13.8,F122,20.9,20.9,E122,0.2,0.2,H122,70.2,70.2,J122,4.2,4.2,I122,NA,,
haikou_region_proxy,haikou,NA,2024-12-30,气象数据原/海口市2021-2026气象数据.xlsx,2024,123,18.6,18.6,G123,16.2,16.2,F123,23.8,23.8,E123,0.2,0.2,H123,79,79,J123,2.9,2.9,I123,NA,,
haikou_region_proxy,haikou,NA,2024-12-31,气象数据原/海口市2021-2026气象数据.xlsx,2024,124,19.5,19.5,G124,17.5,17.5,F124,24,24,E124,0,0,H124,67.2,67.2,J124,2,2,I124,NA,,
haikou_region_proxy,haikou,NA,2025-01-01,气象数据原/海口市2021-2026气象数据.xlsx,2025,2,19.6,19.6,G2,17.3,17.3,F2,22.5,22.5,E2,0,0,H2,71,71,J2,5.1,5.1,I2,NA,,
haikou_region_proxy,haikou,NA,2025-01-02,气象数据原/海口市2021-2026气象数据.xlsx,2025,3,19.9,19.9,G3,19.4,19.4,F3,21.1,21.1,E3,0,0,H3,73,73,J3,0.1,0.1,I3,NA,,
haikou_region_proxy,haikou,NA,2025-01-03,气象数据原/海口市2021-2026气象数据.xlsx,2025,4,19.6,19.6,G4,17.9,17.9,F4,21.8,21.8,E4,0,0,H4,61,61,J4,9.1,9.1,I4,NA,,
haikou_region_proxy,haikou,NA,2025-01-04,气象数据原/海口市2021-2026气象数据.xlsx,2025,5,18.4,18.4,G5,16.6,16.6,F5,21.4,21.4,E5,0,0,H5,67,67,J5,3.7,3.7,I5,NA,,
haikou_region_proxy,haikou,NA,2025-01-05,气象数据原/海口市2021-2026气象数据.xlsx,2025,6,18.9,18.9,G6,16.8,16.8,F6,22.9,22.9,E6,0,0,H6,65,65,J6,9.1,9.1,I6,NA,,
haikou_region_proxy,haikou,NA,2025-01-06,气象数据原/海口市2021-2026气象数据.xlsx,2025,7,18.3,18.3,G7,15.6,15.6,F7,22.4,22.4,E7,0,0,H7,78,78,J7,8.8,8.8,I7,NA,,
haikou_region_proxy,haikou,NA,2025-01-07,气象数据原/海口市2021-2026气象数据.xlsx,2025,8,19.7,19.7,G8,18.3,18.3,F8,22.6,22.6,E8,0,0,H8,89,89,J8,1.1,1.1,I8,NA,,
haikou_region_proxy,haikou,NA,2025-01-08,气象数据原/海口市2021-2026气象数据.xlsx,2025,9,20.3,20.3,G9,19.6,19.6,F9,22,22,E9,0,0,H9,88,88,J9,0.9,0.9,I9,NA,,
haikou_region_proxy,haikou,NA,2025-01-09,气象数据原/海口市2021-2026气象数据.xlsx,2025,10,19.7,19.7,G10,18.7,18.7,F10,21.8,21.8,E10,0,0,H10,80,80,J10,1.9,1.9,I10,NA,,
haikou_region_proxy,haikou,NA,2025-01-10,气象数据原/海口市2021-2026气象数据.xlsx,2025,11,17.2,17.2,G11,15.8,15.8,F11,19.2,19.2,E11,0,0,H11,63,63,J11,0.1,0.1,I11,NA,,
haikou_region_proxy,haikou,NA,2025-01-11,气象数据原/海口市2021-2026气象数据.xlsx,2025,12,16.4,16.4,G12,15.3,15.3,F12,17.6,17.6,E12,0,0,H12,49,49,J12,9.2,9.2,I12,NA,,
haikou_region_proxy,haikou,NA,2025-01-12,气象数据原/海口市2021-2026气象数据.xlsx,2025,13,15.6,15.6,G13,14,14,F13,17.7,17.7,E13,0,0,H13,47,47,J13,9.3,9.3,I13,NA,,
haikou_region_proxy,haikou,NA,2025-01-13,气象数据原/海口市2021-2026气象数据.xlsx,2025,14,17.6,17.6,G14,14.5,14.5,F14,20,20,E14,0,0,H14,64,64,J14,8.9,8.9,I14,NA,,
haikou_region_proxy,haikou,NA,2025-01-14,气象数据原/海口市2021-2026气象数据.xlsx,2025,15,18.1,18.1,G15,17.2,17.2,F15,19.3,19.3,E15,5.1,5.1,H15,100,100,J15,0,0,I15,NA,,
haikou_region_proxy,haikou,NA,2025-01-15,气象数据原/海口市2021-2026气象数据.xlsx,2025,16,18.5,18.5,G16,17.3,17.3,F16,20,20,E16,0,0,H16,77,77,J16,0,0,I16,NA,,
haikou_region_proxy,haikou,NA,2025-01-16,气象数据原/海口市2021-2026气象数据.xlsx,2025,17,18.1,18.1,G17,17,17,F17,19.5,19.5,E17,0,0,H17,60,60,J17,7.4,7.4,I17,NA,,
haikou_region_proxy,haikou,NA,2025-01-17,气象数据原/海口市2021-2026气象数据.xlsx,2025,18,17.1,17.1,G18,14.8,14.8,F18,20,20,E18,0,0,H18,64,64,J18,8.2,8.2,I18,NA,,
haikou_region_proxy,haikou,NA,2025-01-18,气象数据原/海口市2021-2026气象数据.xlsx,2025,19,17.9,17.9,G19,15.9,15.9,F19,21.1,21.1,E19,0,0,H19,76,76,J19,8.3,8.3,I19,NA,,
haikou_region_proxy,haikou,NA,2025-01-19,气象数据原/海口市2021-2026气象数据.xlsx,2025,20,18.3,18.3,G20,16.2,16.2,F20,22.2,22.2,E20,0,0,H20,67,67,J20,9.3,9.3,I20,NA,,
haikou_region_proxy,haikou,NA,2025-01-20,气象数据原/海口市2021-2026气象数据.xlsx,2025,21,17.7,17.7,G21,14.4,14.4,F21,22,22,E21,0,0,H21,72,72,J21,9.3,9.3,I21,NA,,
haikou_region_proxy,haikou,NA,2025-01-21,气象数据原/海口市2021-2026气象数据.xlsx,2025,22,18.4,18.4,G22,15.6,15.6,F22,22,22,E22,0,0,H22,86,86,J22,9.2,9.2,I22,NA,,
haikou_region_proxy,haikou,NA,2025-01-22,气象数据原/海口市2021-2026气象数据.xlsx,2025,23,18.7,18.7,G23,18.2,18.2,F23,19.9,19.9,E23,0,0,H23,96,96,J23,0,0,I23,NA,,
haikou_region_proxy,haikou,NA,2025-01-23,气象数据原/海口市2021-2026气象数据.xlsx,2025,24,19.4,19.4,G24,18.4,18.4,F24,21.2,21.2,E24,0,0,H24,98,98,J24,0,0,I24,NA,,
haikou_region_proxy,haikou,NA,2025-01-24,气象数据原/海口市2021-2026气象数据.xlsx,2025,25,21.6,21.6,G25,19.2,19.2,F25,26,26,E25,0,0,H25,89,89,J25,4.6,4.6,I25,NA,,
haikou_region_proxy,haikou,NA,2025-01-25,气象数据原/海口市2021-2026气象数据.xlsx,2025,26,22.1,22.1,G26,20.4,20.4,F26,26.5,26.5,E26,0.1,0.1,H26,90,90,J26,3.1,3.1,I26,NA,,
haikou_region_proxy,haikou,NA,2025-01-26,气象数据原/海口市2021-2026气象数据.xlsx,2025,27,16.9,16.9,G27,12.2,12.2,F27,20.7,20.7,E27,0,0,H27,89,89,J27,0,0,I27,NA,,
haikou_region_proxy,haikou,NA,2025-01-27,气象数据原/海口市2021-2026气象数据.xlsx,2025,28,14.1,14.1,G28,11.6,11.6,F28,16.3,16.3,E28,0,0,H28,57,57,J28,8.4,8.4,I28,NA,,
haikou_region_proxy,haikou,NA,2025-01-28,气象数据原/海口市2021-2026气象数据.xlsx,2025,29,16.1,16.1,G29,14.1,14.1,F29,18.3,18.3,E29,0.1,0.1,H29,54,54,J29,6.6,6.6,I29,NA,,
haikou_region_proxy,haikou,NA,2025-01-29,气象数据原/海口市2021-2026气象数据.xlsx,2025,30,16.9,16.9,G30,14,14,F30,21.3,21.3,E30,0,0,H30,72,72,J30,4.9,4.9,I30,NA,,
haikou_region_proxy,haikou,NA,2025-01-30,气象数据原/海口市2021-2026气象数据.xlsx,2025,31,19.1,19.1,G31,16.5,16.5,F31,22.8,22.8,E31,3.2,3.2,H31,92,92,J31,0.6,0.6,I31,NA,,
haikou_region_proxy,haikou,NA,2025-01-31,气象数据原/海口市2021-2026气象数据.xlsx,2025,32,20.4,20.4,G32,18.7,18.7,F32,24.1,24.1,E32,0,0,H32,94,94,J32,3.6,3.6,I32,NA,,
haikou_region_proxy,haikou,NA,2025-10-01,气象数据原/海口市2021-2026气象数据.xlsx,2025,33,28.4,28.4,G33,24.9,24.9,F33,33.9,33.9,E33,0,0,H33,78.5,78.5,J33,8.4,8.4,I33,NA,,
haikou_region_proxy,haikou,NA,2025-10-02,气象数据原/海口市2021-2026气象数据.xlsx,2025,34,26.6,26.6,G34,25,25,F34,33.3,33.3,E34,13.7,13.7,H34,89.8,89.8,J34,2.9,2.9,I34,NA,,
haikou_region_proxy,haikou,NA,2025-10-03,气象数据原/海口市2021-2026气象数据.xlsx,2025,35,28.4,28.4,G35,25.5,25.5,F35,33.6,33.6,E35,1.8,1.8,H35,84.8,84.8,J35,3.5,3.5,I35,NA,,
haikou_region_proxy,haikou,NA,2025-10-04,气象数据原/海口市2021-2026气象数据.xlsx,2025,36,28.3,28.3,G36,24.8,24.8,F36,32.7,32.7,E36,0,0,H36,77.8,77.8,J36,10,10,I36,NA,,
haikou_region_proxy,haikou,NA,2025-10-05,气象数据原/海口市2021-2026气象数据.xlsx,2025,37,24.2,24.2,G37,22.6,22.6,F37,28,28,E37,103.8,103.8,H37,94,94,J37,0,0,I37,NA,,
haikou_region_proxy,haikou,NA,2025-10-06,气象数据原/海口市2021-2026气象数据.xlsx,2025,38,27.2,27.2,G38,24.9,24.9,F38,31.3,31.3,E38,8.3,8.3,H38,91.2,91.2,J38,0.3,0.3,I38,NA,,
haikou_region_proxy,haikou,NA,2025-10-07,气象数据原/海口市2021-2026气象数据.xlsx,2025,39,28.2,28.2,G39,25.8,25.8,F39,33,33,E39,1.3,1.3,H39,83.8,83.8,J39,5.9,5.9,I39,NA,,
haikou_region_proxy,haikou,NA,2025-10-08,气象数据原/海口市2021-2026气象数据.xlsx,2025,40,27.1,27.1,G40,24,24,F40,32.3,32.3,E40,0,0,H40,85,85,J40,7.3,7.3,I40,NA,,
haikou_region_proxy,haikou,NA,2025-10-09,气象数据原/海口市2021-2026气象数据.xlsx,2025,41,27.9,27.9,G41,24.8,24.8,F41,32.9,32.9,E41,0,0,H41,82.8,82.8,J41,5.5,5.5,I41,NA,,
haikou_region_proxy,haikou,NA,2025-10-10,气象数据原/海口市2021-2026气象数据.xlsx,2025,42,27.2,27.2,G42,25.6,25.6,F42,31.9,31.9,E42,0.5,0.5,H42,86.8,86.8,J42,1.4,1.4,I42,NA,,
haikou_region_proxy,haikou,NA,2025-10-11,气象数据原/海口市2021-2026气象数据.xlsx,2025,43,27.6,27.6,G43,24.9,24.9,F43,32.7,32.7,E43,0,0,H43,82,82,J43,7,7,I43,NA,,
haikou_region_proxy,haikou,NA,2025-10-12,气象数据原/海口市2021-2026气象数据.xlsx,2025,44,27.5,27.5,G44,25.6,25.6,F44,32.8,32.8,E44,9.4,9.4,H44,85.2,85.2,J44,3.6,3.6,I44,NA,,
haikou_region_proxy,haikou,NA,2025-10-13,气象数据原/海口市2021-2026气象数据.xlsx,2025,45,26.3,26.3,G45,25.4,25.4,F45,28.9,28.9,E45,14.4,14.4,H45,91.8,91.8,J45,1.5,1.5,I45,NA,,
haikou_region_proxy,haikou,NA,2025-10-14,气象数据原/海口市2021-2026气象数据.xlsx,2025,46,27.6,27.6,G46,24.8,24.8,F46,31.7,31.7,E46,19.2,19.2,H46,88.5,88.5,J46,4.6,4.6,I46,NA,,
haikou_region_proxy,haikou,NA,2025-10-15,气象数据原/海口市2021-2026气象数据.xlsx,2025,47,28.4,28.4,G47,25.8,25.8,F47,32.6,32.6,E47,0.1,0.1,H47,83.5,83.5,J47,6.9,6.9,I47,NA,,
haikou_region_proxy,haikou,NA,2025-10-16,气象数据原/海口市2021-2026气象数据.xlsx,2025,48,28,28,G48,25.4,25.4,F48,32.1,32.1,E48,0,0,H48,80.2,80.2,J48,6.8,6.8,I48,NA,,
haikou_region_proxy,haikou,NA,2025-10-17,气象数据原/海口市2021-2026气象数据.xlsx,2025,49,28.1,28.1,G49,25.7,25.7,F49,32.3,32.3,E49,0,0,H49,80.8,80.8,J49,5.9,5.9,I49,NA,,
haikou_region_proxy,haikou,NA,2025-10-18,气象数据原/海口市2021-2026气象数据.xlsx,2025,50,27.9,27.9,G50,25.6,25.6,F50,32.1,32.1,E50,0,0,H50,81.2,81.2,J50,4.1,4.1,I50,NA,,
haikou_region_proxy,haikou,NA,2025-10-19,气象数据原/海口市2021-2026气象数据.xlsx,2025,51,27.9,27.9,G51,25.6,25.6,F51,32,32,E51,0.1,0.1,H51,81,81,J51,4.5,4.5,I51,NA,,
haikou_region_proxy,haikou,NA,2025-10-20,气象数据原/海口市2021-2026气象数据.xlsx,2025,52,26.6,26.6,G52,25.2,25.2,F52,29.2,29.2,E52,0.5,0.5,H52,77.8,77.8,J52,3.9,3.9,I52,NA,,
haikou_region_proxy,haikou,NA,2025-10-21,气象数据原/海口市2021-2026气象数据.xlsx,2025,53,23.4,23.4,G53,21.6,21.6,F53,26.5,26.5,E53,4,4,H53,81,81,J53,0,0,I53,NA,,
haikou_region_proxy,haikou,NA,2025-10-22,气象数据原/海口市2021-2026气象数据.xlsx,2025,54,20.5,20.5,G54,19.9,19.9,F54,23.1,23.1,E54,47.4,47.4,H54,92.2,92.2,J54,0,0,I54,NA,,
haikou_region_proxy,haikou,NA,2025-10-23,气象数据原/海口市2021-2026气象数据.xlsx,2025,55,20.8,20.8,G55,20.1,20.1,F55,21.5,21.5,E55,14.3,14.3,H55,94.5,94.5,J55,0,0,I55,NA,,
haikou_region_proxy,haikou,NA,2025-10-24,气象数据原/海口市2021-2026气象数据.xlsx,2025,56,22.2,22.2,G56,21,21,F56,24.1,24.1,E56,0.1,0.1,H56,87.2,87.2,J56,0.3,0.3,I56,NA,,
haikou_region_proxy,haikou,NA,2025-10-25,气象数据原/海口市2021-2026气象数据.xlsx,2025,57,23.6,23.6,G57,21.8,21.8,F57,25.9,25.9,E57,0.9,0.9,H57,83.5,83.5,J57,0.4,0.4,I57,NA,,
haikou_region_proxy,haikou,NA,2025-10-26,气象数据原/海口市2021-2026气象数据.xlsx,2025,58,24.5,24.5,G58,23,23,F58,26.4,26.4,E58,0,0,H58,78,78,J58,0.4,0.4,I58,NA,,
haikou_region_proxy,haikou,NA,2025-10-27,气象数据原/海口市2021-2026气象数据.xlsx,2025,59,22.8,22.8,G59,21.5,21.5,F59,24.9,24.9,E59,4.8,4.8,H59,88,88,J59,0,0,I59,NA,,
haikou_region_proxy,haikou,NA,2025-10-28,气象数据原/海口市2021-2026气象数据.xlsx,2025,60,22,22,G60,21,21,F60,22.3,22.3,E60,3.2,3.2,H60,95.2,95.2,J60,0,0,I60,NA,,
haikou_region_proxy,haikou,NA,2025-10-29,气象数据原/海口市2021-2026气象数据.xlsx,2025,61,23.9,23.9,G61,22.3,22.3,F61,24.9,24.9,E61,16.4,16.4,H61,98.5,98.5,J61,0,0,I61,NA,,
haikou_region_proxy,haikou,NA,2025-10-30,气象数据原/海口市2021-2026气象数据.xlsx,2025,62,24.8,24.8,G62,24.3,24.3,F62,25.5,25.5,E62,39.3,39.3,H62,98.8,98.8,J62,0,0,I62,NA,,
haikou_region_proxy,haikou,NA,2025-10-31,气象数据原/海口市2021-2026气象数据.xlsx,2025,63,25.5,25.5,G63,24.1,24.1,F63,29.4,29.4,E63,0.2,0.2,H63,91.2,91.2,J63,0.4,0.4,I63,NA,,
haikou_region_proxy,haikou,NA,2025-11-01,气象数据原/海口市2021-2026气象数据.xlsx,2025,64,24.6,24.6,G64,23.6,23.6,F64,27.1,27.1,E64,0.4,0.4,H64,90.5,90.5,J64,1.9,1.9,I64,NA,,
haikou_region_proxy,haikou,NA,2025-11-02,气象数据原/海口市2021-2026气象数据.xlsx,2025,65,24.2,24.2,G65,23.5,23.5,F65,26.4,26.4,E65,3,3,H65,93.2,93.2,J65,0,0,I65,NA,,
haikou_region_proxy,haikou,NA,2025-11-03,气象数据原/海口市2021-2026气象数据.xlsx,2025,66,23.2,23.2,G66,22.5,22.5,F66,24.3,24.3,E66,11.3,11.3,H66,92.5,92.5,J66,0,0,I66,NA,,
haikou_region_proxy,haikou,NA,2025-11-04,气象数据原/海口市2021-2026气象数据.xlsx,2025,67,22.2,22.2,G67,21,21,F67,23.6,23.6,E67,137.4,137.4,H67,100,100,J67,0,0,I67,NA,,
haikou_region_proxy,haikou,NA,2025-11-05,气象数据原/海口市2021-2026气象数据.xlsx,2025,68,22.9,22.9,G68,21,21,F68,25.2,25.2,E68,4.6,4.6,H68,95.2,95.2,J68,0,0,I68,NA,,
haikou_region_proxy,haikou,NA,2025-11-06,气象数据原/海口市2021-2026气象数据.xlsx,2025,69,23.4,23.4,G69,22.9,22.9,F69,24,24,E69,3.5,3.5,H69,93,93,J69,0,0,I69,NA,,
haikou_region_proxy,haikou,NA,2025-11-07,气象数据原/海口市2021-2026气象数据.xlsx,2025,70,27,27,G70,24,24,F70,31.6,31.6,E70,7.2,7.2,H70,90.8,90.8,J70,3.7,3.7,I70,NA,,
haikou_region_proxy,haikou,NA,2025-11-08,气象数据原/海口市2021-2026气象数据.xlsx,2025,71,27.4,27.4,G71,25.4,25.4,F71,31.9,31.9,E71,6.5,6.5,H71,87.5,87.5,J71,3,3,I71,NA,,
haikou_region_proxy,haikou,NA,2025-11-09,气象数据原/海口市2021-2026气象数据.xlsx,2025,72,26.3,26.3,G72,24.4,24.4,F72,30.9,30.9,E72,0.2,0.2,H72,84.8,84.8,J72,9,9,I72,NA,,
haikou_region_proxy,haikou,NA,2025-11-10,气象数据原/海口市2021-2026气象数据.xlsx,2025,73,24.6,24.6,G73,23.6,23.6,F73,27.6,27.6,E73,0,0,H73,83,83,J73,0.5,0.5,I73,NA,,
haikou_region_proxy,haikou,NA,2025-11-11,气象数据原/海口市2021-2026气象数据.xlsx,2025,74,22.6,22.6,G74,20.8,20.8,F74,25.7,25.7,E74,0,0,H74,84.2,84.2,J74,2.3,2.3,I74,NA,,
haikou_region_proxy,haikou,NA,2025-11-12,气象数据原/海口市2021-2026气象数据.xlsx,2025,75,21.6,21.6,G75,19.3,19.3,F75,27.2,27.2,E75,0,0,H75,75.2,75.2,J75,9.5,9.5,I75,NA,,
haikou_region_proxy,haikou,NA,2025-11-13,气象数据原/海口市2021-2026气象数据.xlsx,2025,76,20.4,20.4,G76,18,18,F76,24,24,E76,0,0,H76,76.5,76.5,J76,5,5,I76,NA,,
haikou_region_proxy,haikou,NA,2025-11-14,气象数据原/海口市2021-2026气象数据.xlsx,2025,77,21.8,21.8,G77,18.7,18.7,F77,25.3,25.3,E77,0,0,H77,78,78,J77,4.9,4.9,I77,NA,,
haikou_region_proxy,haikou,NA,2025-11-15,气象数据原/海口市2021-2026气象数据.xlsx,2025,78,22.6,22.6,G78,21.5,21.5,F78,25.5,25.5,E78,2.3,2.3,H78,84,84,J78,0,0,I78,NA,,
haikou_region_proxy,haikou,NA,2025-11-16,气象数据原/海口市2021-2026气象数据.xlsx,2025,79,24.8,24.8,G79,22.1,22.1,F79,28.3,28.3,E79,0,0,H79,79.2,79.2,J79,1.9,1.9,I79,NA,,
haikou_region_proxy,haikou,NA,2025-11-17,气象数据原/海口市2021-2026气象数据.xlsx,2025,80,23.9,23.9,G80,22.1,22.1,F80,27.8,27.8,E80,0.1,0.1,H80,81.8,81.8,J80,1.1,1.1,I80,NA,,
haikou_region_proxy,haikou,NA,2025-11-18,气象数据原/海口市2021-2026气象数据.xlsx,2025,81,21.9,21.9,G81,20.3,20.3,F81,24.8,24.8,E81,0,0,H81,78.2,78.2,J81,0.7,0.7,I81,NA,,
haikou_region_proxy,haikou,NA,2025-11-19,气象数据原/海口市2021-2026气象数据.xlsx,2025,82,17.4,17.4,G82,16.7,16.7,F82,20.3,20.3,E82,0,0,H82,70.5,70.5,J82,0,0,I82,NA,,
haikou_region_proxy,haikou,NA,2025-11-20,气象数据原/海口市2021-2026气象数据.xlsx,2025,83,18,18,G83,16.6,16.6,F83,20.9,20.9,E83,0,0,H83,65.2,65.2,J83,0.3,0.3,I83,NA,,
haikou_region_proxy,haikou,NA,2025-11-21,气象数据原/海口市2021-2026气象数据.xlsx,2025,84,19.4,19.4,G84,15.3,15.3,F84,25.1,25.1,E84,0,0,H84,61.8,61.8,J84,7.4,7.4,I84,NA,,
haikou_region_proxy,haikou,NA,2025-11-22,气象数据原/海口市2021-2026气象数据.xlsx,2025,85,20.1,20.1,G85,16,16,F85,24.3,24.3,E85,0,0,H85,69.8,69.8,J85,4.7,4.7,I85,NA,,
haikou_region_proxy,haikou,NA,2025-11-23,气象数据原/海口市2021-2026气象数据.xlsx,2025,86,21.4,21.4,G86,19.4,19.4,F86,24.8,24.8,E86,0,0,H86,80.2,80.2,J86,3,3,I86,NA,,
haikou_region_proxy,haikou,NA,2025-11-24,气象数据原/海口市2021-2026气象数据.xlsx,2025,87,22.5,22.5,G87,20,20,F87,27.8,27.8,E87,0.1,0.1,H87,75,75,J87,2.6,2.6,I87,NA,,
haikou_region_proxy,haikou,NA,2025-11-25,气象数据原/海口市2021-2026气象数据.xlsx,2025,88,21.4,21.4,G88,19.2,19.2,F88,25,25,E88,0,0,H88,63.2,63.2,J88,9.8,9.8,I88,NA,,
haikou_region_proxy,haikou,NA,2025-11-26,气象数据原/海口市2021-2026气象数据.xlsx,2025,89,19.7,19.7,G89,17,17,F89,24.2,24.2,E89,0,0,H89,66.8,66.8,J89,9.7,9.7,I89,NA,,
haikou_region_proxy,haikou,NA,2025-11-27,气象数据原/海口市2021-2026气象数据.xlsx,2025,90,18.8,18.8,G90,16.6,16.6,F90,23.6,23.6,E90,0,0,H90,52.2,52.2,J90,4,4,I90,NA,,
haikou_region_proxy,haikou,NA,2025-11-28,气象数据原/海口市2021-2026气象数据.xlsx,2025,91,18.7,18.7,G91,15.5,15.5,F91,23.8,23.8,E91,0,0,H91,53.8,53.8,J91,10,10,I91,NA,,
haikou_region_proxy,haikou,NA,2025-11-29,气象数据原/海口市2021-2026气象数据.xlsx,2025,92,20.1,20.1,G92,18.7,18.7,F92,22.1,22.1,E92,0,0,H92,70.2,70.2,J92,0.4,0.4,I92,NA,,
haikou_region_proxy,haikou,NA,2025-11-30,气象数据原/海口市2021-2026气象数据.xlsx,2025,93,22,22,G93,19.5,19.5,F93,23.8,23.8,E93,5.7,5.7,H93,94.2,94.2,J93,0,0,I93,NA,,
haikou_region_proxy,haikou,NA,2025-12-01,气象数据原/海口市2021-2026气象数据.xlsx,2025,94,22,22,G94,21.2,21.2,F94,22.4,22.4,E94,3.6,3.6,H94,96,96,J94,0,0,I94,NA,,
haikou_region_proxy,haikou,NA,2025-12-02,气象数据原/海口市2021-2026气象数据.xlsx,2025,95,23,23,G95,21.4,21.4,F95,25.6,25.6,E95,20.5,20.5,H95,95,95,J95,0,0,I95,NA,,
haikou_region_proxy,haikou,NA,2025-12-03,气象数据原/海口市2021-2026气象数据.xlsx,2025,96,21.8,21.8,G96,20.2,20.2,F96,24.4,24.4,E96,5,5,H96,88.5,88.5,J96,0.4,0.4,I96,NA,,
haikou_region_proxy,haikou,NA,2025-12-04,气象数据原/海口市2021-2026气象数据.xlsx,2025,97,21.7,21.7,G97,20.4,20.4,F97,25.3,25.3,E97,0.6,0.6,H97,82.8,82.8,J97,0.4,0.4,I97,NA,,
haikou_region_proxy,haikou,NA,2025-12-05,气象数据原/海口市2021-2026气象数据.xlsx,2025,98,21.7,21.7,G98,20.3,20.3,F98,25.5,25.5,E98,0,0,H98,82.2,82.2,J98,4.2,4.2,I98,NA,,
haikou_region_proxy,haikou,NA,2025-12-06,气象数据原/海口市2021-2026气象数据.xlsx,2025,99,21.1,21.1,G99,18.1,18.1,F99,26.2,26.2,E99,0,0,H99,76,76,J99,5.1,5.1,I99,NA,,
haikou_region_proxy,haikou,NA,2025-12-07,气象数据原/海口市2021-2026气象数据.xlsx,2025,100,21.1,21.1,G100,18,18,F100,26.1,26.1,E100,0,0,H100,77,77,J100,8.3,8.3,I100,NA,,
haikou_region_proxy,haikou,NA,2025-12-08,气象数据原/海口市2021-2026气象数据.xlsx,2025,101,21,21,G101,18.6,18.6,F101,25.7,25.7,E101,0,0,H101,80.2,80.2,J101,9.3,9.3,I101,NA,,
haikou_region_proxy,haikou,NA,2025-12-09,气象数据原/海口市2021-2026气象数据.xlsx,2025,102,20.6,20.6,G102,18.1,18.1,F102,24.5,24.5,E102,0.1,0.1,H102,80.5,80.5,J102,3,3,I102,NA,,
haikou_region_proxy,haikou,NA,2025-12-10,气象数据原/海口市2021-2026气象数据.xlsx,2025,103,20.8,20.8,G103,20.2,20.2,F103,21.5,21.5,E103,12.9,12.9,H103,92,92,J103,0,0,I103,NA,,
haikou_region_proxy,haikou,NA,2025-12-11,气象数据原/海口市2021-2026气象数据.xlsx,2025,104,22.2,22.2,G104,20.3,20.3,F104,26.6,26.6,E104,1,1,H104,86.2,86.2,J104,1.1,1.1,I104,NA,,
haikou_region_proxy,haikou,NA,2025-12-12,气象数据原/海口市2021-2026气象数据.xlsx,2025,105,22.6,22.6,G105,19.4,19.4,F105,28.1,28.1,E105,0,0,H105,80,80,J105,3.5,3.5,I105,NA,,
haikou_region_proxy,haikou,NA,2025-12-13,气象数据原/海口市2021-2026气象数据.xlsx,2025,106,21.8,21.8,G106,20.3,20.3,F106,25.1,25.1,E106,0.3,0.3,H106,86.2,86.2,J106,0,0,I106,NA,,
haikou_region_proxy,haikou,NA,2025-12-14,气象数据原/海口市2021-2026气象数据.xlsx,2025,107,17.9,17.9,G107,16.2,16.2,F107,20.5,20.5,E107,0.8,0.8,H107,81.5,81.5,J107,0,0,I107,NA,,
haikou_region_proxy,haikou,NA,2025-12-15,气象数据原/海口市2021-2026气象数据.xlsx,2025,108,19.8,19.8,G108,18.1,18.1,F108,22.3,22.3,E108,0,0,H108,77.8,77.8,J108,3.5,3.5,I108,NA,,
haikou_region_proxy,haikou,NA,2025-12-16,气象数据原/海口市2021-2026气象数据.xlsx,2025,109,21.7,21.7,G109,20,20,F109,24.2,24.2,E109,0,0,H109,85,85,J109,0.2,0.2,I109,NA,,
haikou_region_proxy,haikou,NA,2025-12-17,气象数据原/海口市2021-2026气象数据.xlsx,2025,110,21.6,21.6,G110,19.1,19.1,F110,26.2,26.2,E110,0,0,H110,78.8,78.8,J110,8.2,8.2,I110,NA,,
haikou_region_proxy,haikou,NA,2025-12-18,气象数据原/海口市2021-2026气象数据.xlsx,2025,111,20.7,20.7,G111,17.4,17.4,F111,25.7,25.7,E111,0,0,H111,82.2,82.2,J111,4.9,4.9,I111,NA,,
haikou_region_proxy,haikou,NA,2025-12-19,气象数据原/海口市2021-2026气象数据.xlsx,2025,112,22.2,22.2,G112,21,21,F112,26.1,26.1,E112,6.8,6.8,H112,87.5,87.5,J112,2.3,2.3,I112,NA,,
haikou_region_proxy,haikou,NA,2025-12-20,气象数据原/海口市2021-2026气象数据.xlsx,2025,113,21.6,21.6,G113,20.5,20.5,F113,23.1,23.1,E113,0.5,0.5,H113,91,91,J113,0.2,0.2,I113,NA,,
haikou_region_proxy,haikou,NA,2025-12-21,气象数据原/海口市2021-2026气象数据.xlsx,2025,114,22.4,22.4,G114,20,20,F114,27.4,27.4,E114,0,0,H114,81.5,81.5,J114,8.7,8.7,I114,NA,,
haikou_region_proxy,haikou,NA,2025-12-22,气象数据原/海口市2021-2026气象数据.xlsx,2025,115,22.3,22.3,G115,19.8,19.8,F115,25.9,25.9,E115,0,0,H115,79.3,79.3,J115,2,2,I115,NA,,
haikou_region_proxy,haikou,NA,2025-12-23,气象数据原/海口市2021-2026气象数据.xlsx,2025,116,22.4,22.4,G116,19.8,19.8,F116,27.1,27.1,E116,0,0,H116,84.2,84.2,J116,5.5,5.5,I116,NA,,
haikou_region_proxy,haikou,NA,2025-12-24,气象数据原/海口市2021-2026气象数据.xlsx,2025,117,23,23,G117,21.7,21.7,F117,26.5,26.5,E117,0,0,H117,85,85,J117,4.8,4.8,I117,NA,,
haikou_region_proxy,haikou,NA,2025-12-25,气象数据原/海口市2021-2026气象数据.xlsx,2025,118,18.8,18.8,G118,16.7,16.7,F118,22.2,22.2,E118,0,0,H118,78,78,J118,0,0,I118,NA,,
haikou_region_proxy,haikou,NA,2025-12-26,气象数据原/海口市2021-2026气象数据.xlsx,2025,119,16.8,16.8,G119,15.4,15.4,F119,17.5,17.5,E119,0,0,H119,78,78,J119,0,0,I119,NA,,
haikou_region_proxy,haikou,NA,2025-12-27,气象数据原/海口市2021-2026气象数据.xlsx,2025,120,18.9,18.9,G120,17.2,17.2,F120,21.5,21.5,E120,0,0,H120,77,77,J120,2.9,2.9,I120,NA,,
haikou_region_proxy,haikou,NA,2025-12-28,气象数据原/海口市2021-2026气象数据.xlsx,2025,121,19.9,19.9,G121,18.2,18.2,F121,22.9,22.9,E121,0,0,H121,76,76,J121,4.7,4.7,I121,NA,,
haikou_region_proxy,haikou,NA,2025-12-29,气象数据原/海口市2021-2026气象数据.xlsx,2025,122,19.8,19.8,G122,17,17,F122,24,24,E122,0,0,H122,79,79,J122,8.4,8.4,I122,NA,,
haikou_region_proxy,haikou,NA,2025-12-30,气象数据原/海口市2021-2026气象数据.xlsx,2025,123,20.5,20.5,G123,17.9,17.9,F123,24.5,24.5,E123,0,0,H123,77,77,J123,6,6,I123,NA,,
haikou_region_proxy,haikou,NA,2025-12-31,气象数据原/海口市2021-2026气象数据.xlsx,2025,124,20.4,20.4,G124,17.3,17.3,F124,25.1,25.1,E124,0,0,H124,76,76,J124,8,8,I124,NA,,
haikou_region_proxy,haikou,NA,2026-01-01,气象数据原/海口市2021-2026气象数据.xlsx,2026,2,20.9,20.9,G2,19.4,19.4,F2,24,24,E2,0,0,H2,80,80,J2,5,5,I2,NA,,
haikou_region_proxy,haikou,NA,2026-01-02,气象数据原/海口市2021-2026气象数据.xlsx,2026,3,18.4,18.4,G3,17.3,17.3,F3,20.2,20.2,E3,0,0,H3,75,75,J3,0,0,I3,NA,,
haikou_region_proxy,haikou,NA,2026-01-03,气象数据原/海口市2021-2026气象数据.xlsx,2026,4,18.5,18.5,G4,17,17,F4,20.2,20.2,E4,0,0,H4,71,71,J4,1.2,1.2,I4,NA,,
haikou_region_proxy,haikou,NA,2026-01-04,气象数据原/海口市2021-2026气象数据.xlsx,2026,5,18.8,18.8,G5,17.3,17.3,F5,21.7,21.7,E5,0,0,H5,79,79,J5,3.6,3.6,I5,NA,,
haikou_region_proxy,haikou,NA,2026-01-05,气象数据原/海口市2021-2026气象数据.xlsx,2026,6,19.6,19.6,G6,18.2,18.2,F6,23.7,23.7,E6,0,0,H6,77,77,J6,8,8,I6,NA,,
haikou_region_proxy,haikou,NA,2026-01-06,气象数据原/海口市2021-2026气象数据.xlsx,2026,7,17.2,17.2,G7,15.8,15.8,F7,19.1,19.1,E7,0,0,H7,71,71,J7,0,0,I7,NA,,
haikou_region_proxy,haikou,NA,2026-01-07,气象数据原/海口市2021-2026气象数据.xlsx,2026,8,15.6,15.6,G8,14.6,14.6,F8,17.6,17.6,E8,0,0,H8,55,55,J8,8.3,8.3,I8,NA,,
haikou_region_proxy,haikou,NA,2026-01-08,气象数据原/海口市2021-2026气象数据.xlsx,2026,9,15.7,15.7,G9,13.3,13.3,F9,18.8,18.8,E9,0,0,H9,51,51,J9,9.3,9.3,I9,NA,,
haikou_region_proxy,haikou,NA,2026-01-09,气象数据原/海口市2021-2026气象数据.xlsx,2026,10,15.9,15.9,G10,12.9,12.9,F10,20.3,20.3,E10,0,0,H10,64,64,J10,9.3,9.3,I10,NA,,
haikou_region_proxy,haikou,NA,2026-01-10,气象数据原/海口市2021-2026气象数据.xlsx,2026,11,16.6,16.6,G11,13.1,13.1,F11,21.6,21.6,E11,0,0,H11,67,67,J11,9.3,9.3,I11,NA,,
haikou_region_proxy,haikou,NA,2026-01-11,气象数据原/海口市2021-2026气象数据.xlsx,2026,12,17.3,17.3,G12,14.6,14.6,F12,21.3,21.3,E12,0,0,H12,65,65,J12,9.3,9.3,I12,NA,,
haikou_region_proxy,haikou,NA,2026-01-12,气象数据原/海口市2021-2026气象数据.xlsx,2026,13,17.9,17.9,G13,15.1,15.1,F13,21.4,21.4,E13,0,0,H13,82,82,J13,6.3,6.3,I13,NA,,
haikou_region_proxy,haikou,NA,2026-01-13,气象数据原/海口市2021-2026气象数据.xlsx,2026,14,19,19,G14,16.3,16.3,F14,23.9,23.9,E14,0,0,H14,83,83,J14,6.1,6.1,I14,NA,,
haikou_region_proxy,haikou,NA,2026-01-14,气象数据原/海口市2021-2026气象数据.xlsx,2026,15,19.5,19.5,G15,16.1,16.1,F15,24.6,24.6,E15,0,0,H15,82,82,J15,9.3,9.3,I15,NA,,
haikou_region_proxy,haikou,NA,2026-01-15,气象数据原/海口市2021-2026气象数据.xlsx,2026,16,21,21,G16,19.3,19.3,F16,24.2,24.2,E16,0,0,H16,87,87,J16,5.4,5.4,I16,NA,,
haikou_region_proxy,haikou,NA,2026-01-16,气象数据原/海口市2021-2026气象数据.xlsx,2026,17,21.1,21.1,G17,18.4,18.4,F17,26.5,26.5,E17,0,0,H17,80,80,J17,9.3,9.3,I17,NA,,
haikou_region_proxy,haikou,NA,2026-01-17,气象数据原/海口市2021-2026气象数据.xlsx,2026,18,21.1,21.1,G18,18.8,18.8,F18,26.1,26.1,E18,0,0,H18,83,83,J18,8.4,8.4,I18,NA,,
haikou_region_proxy,haikou,NA,2026-01-18,气象数据原/海口市2021-2026气象数据.xlsx,2026,19,21,21,G19,18.4,18.4,F19,24.9,24.9,E19,0,0,H19,86,86,J19,7.5,7.5,I19,NA,,
haikou_region_proxy,haikou,NA,2026-01-19,气象数据原/海口市2021-2026气象数据.xlsx,2026,20,21.9,21.9,G20,20.6,20.6,F20,25.4,25.4,E20,0,0,H20,84,84,J20,7,7,I20,NA,,
haikou_region_proxy,haikou,NA,2026-01-20,气象数据原/海口市2021-2026气象数据.xlsx,2026,21,22.3,22.3,G21,20.3,20.3,F21,26.4,26.4,E21,0,0,H21,75,75,J21,6.8,6.8,I21,NA,,
haikou_region_proxy,haikou,NA,2026-01-21,气象数据原/海口市2021-2026气象数据.xlsx,2026,22,19.3,19.3,G22,17.8,17.8,F22,21.7,21.7,E22,0,0,H22,81,81,J22,0.3,0.3,I22,NA,,
haikou_region_proxy,haikou,NA,2026-01-22,气象数据原/海口市2021-2026气象数据.xlsx,2026,23,16.8,16.8,G23,15.2,15.2,F23,18.6,18.6,E23,0.3,0.3,H23,83,83,J23,0,0,I23,NA,,
haikou_region_proxy,haikou,NA,2026-01-23,气象数据原/海口市2021-2026气象数据.xlsx,2026,24,17.1,17.1,G24,16.1,16.1,F24,19,19,E24,0,0,H24,81,81,J24,0.1,0.1,I24,NA,,
haikou_region_proxy,haikou,NA,2026-01-24,气象数据原/海口市2021-2026气象数据.xlsx,2026,25,18.7,18.7,G25,16.8,16.8,F25,20.5,20.5,E25,0,0,H25,83,83,J25,0.7,0.7,I25,NA,,
haikou_region_proxy,haikou,NA,2026-01-25,气象数据原/海口市2021-2026气象数据.xlsx,2026,26,21,21,G26,17.8,17.8,F26,26.2,26.2,E26,0,0,H26,74,74,J26,5,5,I26,NA,,
haikou_region_proxy,haikou,NA,2026-01-26,气象数据原/海口市2021-2026气象数据.xlsx,2026,27,20.7,20.7,G27,19.2,19.2,F27,23.7,23.7,E27,0,0,H27,86,86,J27,4.8,4.8,I27,NA,,
haikou_region_proxy,haikou,NA,2026-01-27,气象数据原/海口市2021-2026气象数据.xlsx,2026,28,21.4,21.4,G28,19.8,19.8,F28,24.9,24.9,E28,0,0,H28,84,84,J28,7.1,7.1,I28,NA,,
haikou_region_proxy,haikou,NA,2026-01-28,气象数据原/海口市2021-2026气象数据.xlsx,2026,29,20.6,20.6,G29,19.2,19.2,F29,23.1,23.1,E29,0,0,H29,83,83,J29,3.9,3.9,I29,NA,,
haikou_region_proxy,haikou,NA,2026-01-29,气象数据原/海口市2021-2026气象数据.xlsx,2026,30,21.5,21.5,G30,18.6,18.6,F30,26.2,26.2,E30,0,0,H30,75,75,J30,6.5,6.5,I30,NA,,
haikou_region_proxy,haikou,NA,2026-01-30,气象数据原/海口市2021-2026气象数据.xlsx,2026,31,21,21,G31,19.8,19.8,F31,22.8,22.8,E31,0,0,H31,87,87,J31,0.2,0.2,I31,NA,,
haikou_region_proxy,haikou,NA,2026-01-31,气象数据原/海口市2021-2026气象数据.xlsx,2026,32,20.3,20.3,G32,18.3,18.3,F32,22.7,22.7,E32,2.2,2.2,H32,82,82,J32,1.7,1.7,I32,NA,,
lingshui_region_proxy,lingshui,NA,2021-10-01,气象数据原/陵水县2021-2026气象数据.xlsx,2021年,2,26.3,26.3,G2,21.4,21.4,F2,33.7,33.7,E2,0,0,H2,87,87,I2,9.8,9.8,J2,NA,,
lingshui_region_proxy,lingshui,NA,2021-10-02,气象数据原/陵水县2021-2026气象数据.xlsx,2021年,3,26,26,G3,20.7,20.7,F3,33.8,33.8,E3,0,0,H3,85,85,I3,8.6,8.6,J3,NA,,
lingshui_region_proxy,lingshui,NA,2021-10-03,气象数据原/陵水县2021-2026气象数据.xlsx,2021年,4,25.8,25.8,G4,21.2,21.2,F4,34.2,34.2,E4,0,0,H4,89,89,I4,8.4,8.4,J4,NA,,
lingshui_region_proxy,lingshui,NA,2021-10-04,气象数据原/陵水县2021-2026气象数据.xlsx,2021年,5,25.3,25.3,G5,22.5,22.5,F5,31.7,31.7,E5,3,3,H5,93,93,I5,4.4,4.4,J5,NA,,
lingshui_region_proxy,lingshui,NA,2021-10-05,气象数据原/陵水县2021-2026气象数据.xlsx,2021年,6,24,24,G6,22.9,22.9,F6,25.1,25.1,E6,103.9,103.9,H6,98,98,I6,0,0,J6,NA,,
lingshui_region_proxy,lingshui,NA,2021-10-06,气象数据原/陵水县2021-2026气象数据.xlsx,2021年,7,25.7,25.7,G7,23.8,23.8,F7,30.2,30.2,E7,36.8,36.8,H7,89,89,I7,1.1,1.1,J7,NA,,
lingshui_region_proxy,lingshui,NA,2021-10-07,气象数据原/陵水县2021-2026气象数据.xlsx,2021年,8,25.6,25.6,G8,24.7,24.7,F8,28,28,E8,48.1,48.1,H8,91,91,I8,0.4,0.4,J8,NA,,
lingshui_region_proxy,lingshui,NA,2021-10-08,气象数据原/陵水县2021-2026气象数据.xlsx,2021年,9,25.4,25.4,G9,24.4,24.4,F9,26.4,26.4,E9,21.4,21.4,H9,92,92,I9,0,0,J9,NA,,
lingshui_region_proxy,lingshui,NA,2021-10-09,气象数据原/陵水县2021-2026气象数据.xlsx,2021年,10,25.7,25.7,G10,23.7,23.7,F10,31,31,E10,6.1,6.1,H10,88,88,I10,4,4,J10,NA,,
lingshui_region_proxy,lingshui,NA,2021-10-10,气象数据原/陵水县2021-2026气象数据.xlsx,2021年,11,24.4,24.4,G11,22.7,22.7,F11,29.3,29.3,E11,20.6,20.6,H11,95,95,I11,3.6,3.6,J11,NA,,
lingshui_region_proxy,lingshui,NA,2021-10-11,气象数据原/陵水县2021-2026气象数据.xlsx,2021年,12,25.1,25.1,G12,23,23,F12,32.6,32.6,E12,10.4,10.4,H12,95,95,I12,1.8,1.8,J12,NA,,
lingshui_region_proxy,lingshui,NA,2021-10-12,气象数据原/陵水县2021-2026气象数据.xlsx,2021年,13,24.4,24.4,G13,21.8,21.8,F13,30,30,E13,0.2,0.2,H13,83,83,I13,6.6,6.6,J13,NA,,
lingshui_region_proxy,lingshui,NA,2021-10-13,气象数据原/陵水县2021-2026气象数据.xlsx,2021年,14,22,22,G14,20.7,20.7,F14,25.2,25.2,E14,53.6,53.6,H14,88,88,I14,0,0,J14,NA,,
lingshui_region_proxy,lingshui,NA,2021-10-14,气象数据原/陵水县2021-2026气象数据.xlsx,2021年,15,25.1,25.1,G15,21.2,21.2,F15,29.5,29.5,E15,21.1,21.1,H15,92,92,I15,3.7,3.7,J15,NA,,
lingshui_region_proxy,lingshui,NA,2021-10-15,气象数据原/陵水县2021-2026气象数据.xlsx,2021年,16,24.6,24.6,G16,22.6,22.6,F16,27.4,27.4,E16,25.1,25.1,H16,97,97,I16,2.1,2.1,J16,NA,,
lingshui_region_proxy,lingshui,NA,2021-10-16,气象数据原/陵水县2021-2026气象数据.xlsx,2021年,17,25,25,G17,23.9,23.9,F17,27.4,27.4,E17,30.6,30.6,H17,90,90,I17,0.1,0.1,J17,NA,,
lingshui_region_proxy,lingshui,NA,2021-10-17,气象数据原/陵水县2021-2026气象数据.xlsx,2021年,18,24,24,G18,22.7,22.7,F18,26.8,26.8,E18,46,46,H18,89,89,I18,1.7,1.7,J18,NA,,
lingshui_region_proxy,lingshui,NA,2021-10-18,气象数据原/陵水县2021-2026气象数据.xlsx,2021年,19,24.1,24.1,G19,23.1,23.1,F19,25.2,25.2,E19,154.4,154.4,H19,98,98,I19,0,0,J19,NA,,
lingshui_region_proxy,lingshui,NA,2021-10-19,气象数据原/陵水县2021-2026气象数据.xlsx,2021年,20,24.5,24.5,G20,23.6,23.6,F20,27.4,27.4,E20,25.2,25.2,H20,98,98,I20,3.3,3.3,J20,NA,,
lingshui_region_proxy,lingshui,NA,2021-10-20,气象数据原/陵水县2021-2026气象数据.xlsx,2021年,21,25.5,25.5,G21,23.5,23.5,F21,31.4,31.4,E21,3,3,H21,93,93,I21,1.2,1.2,J21,NA,,
lingshui_region_proxy,lingshui,NA,2021-10-21,气象数据原/陵水县2021-2026气象数据.xlsx,2021年,22,24.9,24.9,G22,21.5,21.5,F22,32.6,32.6,E22,57.9,57.9,H22,95,95,I22,7.5,7.5,J22,NA,,
lingshui_region_proxy,lingshui,NA,2021-10-22,气象数据原/陵水县2021-2026气象数据.xlsx,2021年,23,23.3,23.3,G23,22.3,22.3,F23,27,27,E23,1.7,1.7,H23,89,89,I23,2,2,J23,NA,,
lingshui_region_proxy,lingshui,NA,2021-10-23,气象数据原/陵水县2021-2026气象数据.xlsx,2021年,24,21.9,21.9,G24,20.3,20.3,F24,26.1,26.1,E24,0,0,H24,83,83,I24,3.8,3.8,J24,NA,,
lingshui_region_proxy,lingshui,NA,2021-10-24,气象数据原/陵水县2021-2026气象数据.xlsx,2021年,25,23.2,23.2,G25,21,21,F25,28.4,28.4,E25,0,0,H25,82,82,I25,8.7,8.7,J25,NA,,
lingshui_region_proxy,lingshui,NA,2021-10-25,气象数据原/陵水县2021-2026气象数据.xlsx,2021年,26,23.9,23.9,G26,21.5,21.5,F26,29.4,29.4,E26,0,0,H26,75,75,I26,7.8,7.8,J26,NA,,
lingshui_region_proxy,lingshui,NA,2021-10-26,气象数据原/陵水县2021-2026气象数据.xlsx,2021年,27,23.4,23.4,G27,20.3,20.3,F27,28.8,28.8,E27,0.3,0.3,H27,82,82,I27,4.4,4.4,J27,NA,,
lingshui_region_proxy,lingshui,NA,2021-10-27,气象数据原/陵水县2021-2026气象数据.xlsx,2021年,28,24.4,24.4,G28,23.1,23.1,F28,28.9,28.9,E28,12,12,H28,94,94,I28,1.8,1.8,J28,NA,,
lingshui_region_proxy,lingshui,NA,2021-10-28,气象数据原/陵水县2021-2026气象数据.xlsx,2021年,29,23.6,23.6,G29,23.3,23.3,F29,24.6,24.6,E29,132,132,H29,98,98,I29,0,0,J29,NA,,
lingshui_region_proxy,lingshui,NA,2021-10-29,气象数据原/陵水县2021-2026气象数据.xlsx,2021年,30,23.4,23.4,G30,22.7,22.7,F30,25,25,E30,49.3,49.3,H30,98,98,I30,0,0,J30,NA,,
lingshui_region_proxy,lingshui,NA,2021-10-30,气象数据原/陵水县2021-2026气象数据.xlsx,2021年,31,24.2,24.2,G31,22.2,22.2,F31,27.7,27.7,E31,14.2,14.2,H31,95,95,I31,0.3,0.3,J31,NA,,
lingshui_region_proxy,lingshui,NA,2021-10-31,气象数据原/陵水县2021-2026气象数据.xlsx,2021年,32,24.4,24.4,G32,22.5,22.5,F32,30.1,30.1,E32,5.2,5.2,H32,92,92,I32,0.8,0.8,J32,NA,,
lingshui_region_proxy,lingshui,NA,2021-11-01,气象数据原/陵水县2021-2026气象数据.xlsx,2021年,33,23.7,23.7,G33,21.3,21.3,F33,28.2,28.2,E33,3.6,3.6,H33,96,96,I33,6.7,6.7,J33,NA,,
lingshui_region_proxy,lingshui,NA,2021-11-02,气象数据原/陵水县2021-2026气象数据.xlsx,2021年,34,25,25,G34,21.3,21.3,F34,32.1,32.1,E34,0,0,H34,88,88,I34,7.2,7.2,J34,NA,,
lingshui_region_proxy,lingshui,NA,2021-11-03,气象数据原/陵水县2021-2026气象数据.xlsx,2021年,35,25.4,25.4,G35,22.7,22.7,F35,32.2,32.2,E35,16.6,16.6,H35,89,89,I35,9.5,9.5,J35,NA,,
lingshui_region_proxy,lingshui,NA,2021-11-04,气象数据原/陵水县2021-2026气象数据.xlsx,2021年,36,24.8,24.8,G36,20.9,20.9,F36,32.2,32.2,E36,0.1,0.1,H36,91,91,I36,9.8,9.8,J36,NA,,
lingshui_region_proxy,lingshui,NA,2021-11-05,气象数据原/陵水县2021-2026气象数据.xlsx,2021年,37,24.4,24.4,G37,20.3,20.3,F37,31.9,31.9,E37,0,0,H37,90,90,I37,9.6,9.6,J37,NA,,
lingshui_region_proxy,lingshui,NA,2021-11-06,气象数据原/陵水县2021-2026气象数据.xlsx,2021年,38,23.8,23.8,G38,18.9,18.9,F38,31.9,31.9,E38,0,0,H38,88,88,I38,8.8,8.8,J38,NA,,
lingshui_region_proxy,lingshui,NA,2021-11-07,气象数据原/陵水县2021-2026气象数据.xlsx,2021年,39,24.1,24.1,G39,18.8,18.8,F39,32.5,32.5,E39,0,0,H39,87,87,I39,8.6,8.6,J39,NA,,
lingshui_region_proxy,lingshui,NA,2021-11-08,气象数据原/陵水县2021-2026气象数据.xlsx,2021年,40,22.9,22.9,G40,20.1,20.1,F40,26.6,26.6,E40,0,0,H40,83,83,I40,7.7,7.7,J40,NA,,
lingshui_region_proxy,lingshui,NA,2021-11-09,气象数据原/陵水县2021-2026气象数据.xlsx,2021年,41,21.2,21.2,G41,18.5,18.5,F41,26.4,26.4,E41,0,0,H41,72,72,I41,6.7,6.7,J41,NA,,
lingshui_region_proxy,lingshui,NA,2021-11-10,气象数据原/陵水县2021-2026气象数据.xlsx,2021年,42,22.2,22.2,G42,19.9,19.9,F42,27.2,27.2,E42,0,0,H42,70,70,I42,10.1,10.1,J42,NA,,
lingshui_region_proxy,lingshui,NA,2021-11-11,气象数据原/陵水县2021-2026气象数据.xlsx,2021年,43,22,22,G43,17.1,17.1,F43,28.7,28.7,E43,0,0,H43,70,70,I43,9,9,J43,NA,,
lingshui_region_proxy,lingshui,NA,2021-11-12,气象数据原/陵水县2021-2026气象数据.xlsx,2021年,44,22.4,22.4,G44,18.3,18.3,F44,28,28,E44,0,0,H44,78,78,I44,4.5,4.5,J44,NA,,
lingshui_region_proxy,lingshui,NA,2021-11-13,气象数据原/陵水县2021-2026气象数据.xlsx,2021年,45,23.9,23.9,G45,20.8,20.8,F45,29.2,29.2,E45,0,0,H45,62,62,I45,8.4,8.4,J45,NA,,
lingshui_region_proxy,lingshui,NA,2021-11-14,气象数据原/陵水县2021-2026气象数据.xlsx,2021年,46,23.6,23.6,G46,17.8,17.8,F46,30,30,E46,0,0,H46,66,66,I46,9.6,9.6,J46,NA,,
lingshui_region_proxy,lingshui,NA,2021-11-15,气象数据原/陵水县2021-2026气象数据.xlsx,2021年,47,23.7,23.7,G47,21.1,21.1,F47,27.3,27.3,E47,0,0,H47,77,77,I47,2.6,2.6,J47,NA,,
lingshui_region_proxy,lingshui,NA,2021-11-16,气象数据原/陵水县2021-2026气象数据.xlsx,2021年,48,23.3,23.3,G48,18.7,18.7,F48,32,32,E48,0,0,H48,86,86,I48,3.1,3.1,J48,NA,,
lingshui_region_proxy,lingshui,NA,2021-11-17,气象数据原/陵水县2021-2026气象数据.xlsx,2021年,49,24.9,24.9,G49,21.9,21.9,F49,30.6,30.6,E49,0,0,H49,83,83,I49,1.2,1.2,J49,NA,,
lingshui_region_proxy,lingshui,NA,2021-11-18,气象数据原/陵水县2021-2026气象数据.xlsx,2021年,50,24.5,24.5,G50,22.6,22.6,F50,28.7,28.7,E50,0,0,H50,76,76,I50,7.7,7.7,J50,NA,,
lingshui_region_proxy,lingshui,NA,2021-11-19,气象数据原/陵水县2021-2026气象数据.xlsx,2021年,51,22.8,22.8,G51,18.7,18.7,F51,30.7,30.7,E51,0,0,H51,86,86,I51,9.4,9.4,J51,NA,,
lingshui_region_proxy,lingshui,NA,2021-11-20,气象数据原/陵水县2021-2026气象数据.xlsx,2021年,52,23.6,23.6,G52,18.9,18.9,F52,31.3,31.3,E52,0,0,H52,87,87,I52,9.4,9.4,J52,NA,,
lingshui_region_proxy,lingshui,NA,2021-11-21,气象数据原/陵水县2021-2026气象数据.xlsx,2021年,53,23.2,23.2,G53,19.7,19.7,F53,30.8,30.8,E53,0,0,H53,93,93,I53,8.2,8.2,J53,NA,,
lingshui_region_proxy,lingshui,NA,2021-11-22,气象数据原/陵水县2021-2026气象数据.xlsx,2021年,54,22.7,22.7,G54,18.5,18.5,F54,32.1,32.1,E54,0,0,H54,85,85,I54,6.8,6.8,J54,NA,,
lingshui_region_proxy,lingshui,NA,2021-11-23,气象数据原/陵水县2021-2026气象数据.xlsx,2021年,55,20.8,20.8,G55,18.9,18.9,F55,25,25,E55,0,0,H55,77,77,I55,7.7,7.7,J55,NA,,
lingshui_region_proxy,lingshui,NA,2021-11-24,气象数据原/陵水县2021-2026气象数据.xlsx,2021年,56,20.6,20.6,G56,18.3,18.3,F56,26.2,26.2,E56,0,0,H56,75,75,I56,9.3,9.3,J56,NA,,
lingshui_region_proxy,lingshui,NA,2021-11-25,气象数据原/陵水县2021-2026气象数据.xlsx,2021年,57,19.2,19.2,G57,15.1,15.1,F57,27,27,E57,0,0,H57,86,86,I57,9.7,9.7,J57,NA,,
lingshui_region_proxy,lingshui,NA,2021-11-26,气象数据原/陵水县2021-2026气象数据.xlsx,2021年,58,21.2,21.2,G58,15.4,15.4,F58,27.6,27.6,E58,0,0,H58,73,73,I58,8.7,8.7,J58,NA,,
lingshui_region_proxy,lingshui,NA,2021-11-27,气象数据原/陵水县2021-2026气象数据.xlsx,2021年,59,22.9,22.9,G59,20.3,20.3,F59,28.5,28.5,E59,0,0,H59,69,69,I59,3.1,3.1,J59,NA,,
lingshui_region_proxy,lingshui,NA,2021-11-28,气象数据原/陵水县2021-2026气象数据.xlsx,2021年,60,22.9,22.9,G60,21.1,21.1,F60,27.3,27.3,E60,0,0,H60,75,75,I60,1.1,1.1,J60,NA,,
lingshui_region_proxy,lingshui,NA,2021-11-29,气象数据原/陵水县2021-2026气象数据.xlsx,2021年,61,23.5,23.5,G61,21.4,21.4,F61,28.7,28.7,E61,0,0,H61,70,70,I61,7.4,7.4,J61,NA,,
lingshui_region_proxy,lingshui,NA,2021-11-30,气象数据原/陵水县2021-2026气象数据.xlsx,2021年,62,22.8,22.8,G62,19.4,19.4,F62,28.9,28.9,E62,0,0,H62,65,65,I62,9.5,9.5,J62,NA,,
lingshui_region_proxy,lingshui,NA,2021-12-01,气象数据原/陵水县2021-2026气象数据.xlsx,2021年,63,19.8,19.8,G63,15.9,15.9,F63,25.9,25.9,E63,0,0,H63,69,69,I63,9.3,9.3,J63,NA,,
lingshui_region_proxy,lingshui,NA,2021-12-02,气象数据原/陵水县2021-2026气象数据.xlsx,2021年,64,18.1,18.1,G64,13.3,13.3,F64,26,26,E64,0,0,H64,73,73,I64,9.8,9.8,J64,NA,,
lingshui_region_proxy,lingshui,NA,2021-12-03,气象数据原/陵水县2021-2026气象数据.xlsx,2021年,65,16.7,16.7,G65,11.6,11.6,F65,26.8,26.8,E65,0,0,H65,76,76,I65,9.9,9.9,J65,NA,,
lingshui_region_proxy,lingshui,NA,2021-12-04,气象数据原/陵水县2021-2026气象数据.xlsx,2021年,66,18.9,18.9,G66,11.3,11.3,F66,26.5,26.5,E66,0,0,H66,60,60,I66,8.4,8.4,J66,NA,,
lingshui_region_proxy,lingshui,NA,2021-12-05,气象数据原/陵水县2021-2026气象数据.xlsx,2021年,67,21.4,21.4,G67,18.4,18.4,F67,27,27,E67,0,0,H67,65,65,I67,4.4,4.4,J67,NA,,
lingshui_region_proxy,lingshui,NA,2021-12-06,气象数据原/陵水县2021-2026气象数据.xlsx,2021年,68,19.3,19.3,G68,14.5,14.5,F68,27,27,E68,0,0,H68,62,62,I68,9.2,9.2,J68,NA,,
lingshui_region_proxy,lingshui,NA,2021-12-07,气象数据原/陵水县2021-2026气象数据.xlsx,2021年,69,18.8,18.8,G69,13.7,13.7,F69,26.8,26.8,E69,0,0,H69,72,72,I69,6.9,6.9,J69,NA,,
lingshui_region_proxy,lingshui,NA,2021-12-08,气象数据原/陵水县2021-2026气象数据.xlsx,2021年,70,21.2,21.2,G70,19.4,19.4,F70,25.1,25.1,E70,NA,,H70,91,91,I70,0.1,0.1,J70,NA,,
lingshui_region_proxy,lingshui,NA,2021-12-09,气象数据原/陵水县2021-2026气象数据.xlsx,2021年,71,21.7,21.7,G71,19.1,19.1,F71,26.9,26.9,E71,2.5,2.5,H71,85,85,I71,4.7,4.7,J71,NA,,
lingshui_region_proxy,lingshui,NA,2021-12-10,气象数据原/陵水县2021-2026气象数据.xlsx,2021年,72,21.5,21.5,G72,18.2,18.2,F72,27.9,27.9,E72,NA,,H72,72,72,I72,9,9,J72,NA,,
lingshui_region_proxy,lingshui,NA,2021-12-11,气象数据原/陵水县2021-2026气象数据.xlsx,2021年,73,20.6,20.6,G73,14.7,14.7,F73,28.8,28.8,E73,0.1,0.1,H73,85,85,I73,6,6,J73,NA,,
lingshui_region_proxy,lingshui,NA,2021-12-12,气象数据原/陵水县2021-2026气象数据.xlsx,2021年,74,23.2,23.2,G74,21.1,21.1,F74,29,29,E74,0.1,0.1,H74,69,69,I74,7.9,7.9,J74,NA,,
lingshui_region_proxy,lingshui,NA,2021-12-13,气象数据原/陵水县2021-2026气象数据.xlsx,2021年,75,21.8,21.8,G75,19.8,19.8,F75,26.1,26.1,E75,0,0,H75,69,69,I75,7.8,7.8,J75,NA,,
lingshui_region_proxy,lingshui,NA,2021-12-14,气象数据原/陵水县2021-2026气象数据.xlsx,2021年,76,21.6,21.6,G76,19.1,19.1,F76,27.4,27.4,E76,0,0,H76,72,72,I76,7.7,7.7,J76,NA,,
lingshui_region_proxy,lingshui,NA,2021-12-15,气象数据原/陵水县2021-2026气象数据.xlsx,2021年,77,21.9,21.9,G77,16.6,16.6,F77,30.8,30.8,E77,0,0,H77,82,82,I77,6.7,6.7,J77,NA,,
lingshui_region_proxy,lingshui,NA,2021-12-16,气象数据原/陵水县2021-2026气象数据.xlsx,2021年,78,23.4,23.4,G78,17.3,17.3,F78,32.6,32.6,E78,0,0,H78,80,80,I78,8.9,8.9,J78,NA,,
lingshui_region_proxy,lingshui,NA,2021-12-17,气象数据原/陵水县2021-2026气象数据.xlsx,2021年,79,23.1,23.1,G79,19.6,19.6,F79,28.8,28.8,E79,0.2,0.2,H79,76,76,I79,2.6,2.6,J79,NA,,
lingshui_region_proxy,lingshui,NA,2021-12-18,气象数据原/陵水县2021-2026气象数据.xlsx,2021年,80,21.5,21.5,G80,19.5,19.5,F80,25.4,25.4,E80,0,0,H80,69,69,I80,7,7,J80,NA,,
lingshui_region_proxy,lingshui,NA,2021-12-19,气象数据原/陵水县2021-2026气象数据.xlsx,2021年,81,19.1,19.1,G81,17.4,17.4,F81,21.8,21.8,E81,1.2,1.2,H81,69,69,I81,0,0,J81,NA,,
lingshui_region_proxy,lingshui,NA,2021-12-20,气象数据原/陵水县2021-2026气象数据.xlsx,2021年,82,17.8,17.8,G82,16.6,16.6,F82,20.6,20.6,E82,12.9,12.9,H82,90,90,I82,0.6,0.6,J82,NA,,
lingshui_region_proxy,lingshui,NA,2021-12-21,气象数据原/陵水县2021-2026气象数据.xlsx,2021年,83,19.5,19.5,G83,17.8,17.8,F83,23.9,23.9,E83,0,0,H83,89,89,I83,0,0,J83,NA,,
lingshui_region_proxy,lingshui,NA,2021-12-22,气象数据原/陵水县2021-2026气象数据.xlsx,2021年,84,21.9,21.9,G84,18.4,18.4,F84,28.8,28.8,E84,0.1,0.1,H84,81,81,I84,5.8,5.8,J84,NA,,
lingshui_region_proxy,lingshui,NA,2021-12-23,气象数据原/陵水县2021-2026气象数据.xlsx,2021年,85,21.4,21.4,G85,18.1,18.1,F85,27.4,27.4,E85,0,0,H85,88,88,I85,2.1,2.1,J85,NA,,
lingshui_region_proxy,lingshui,NA,2021-12-24,气象数据原/陵水县2021-2026气象数据.xlsx,2021年,86,21.8,21.8,G86,19.7,19.7,F86,26.1,26.1,E86,4.6,4.6,H86,93,93,I86,0,0,J86,NA,,
lingshui_region_proxy,lingshui,NA,2021-12-25,气象数据原/陵水县2021-2026气象数据.xlsx,2021年,87,21.1,21.1,G87,19.9,19.9,F87,22.5,22.5,E87,5.5,5.5,H87,88,88,I87,0.1,0.1,J87,NA,,
lingshui_region_proxy,lingshui,NA,2021-12-26,气象数据原/陵水县2021-2026气象数据.xlsx,2021年,88,21.1,21.1,G88,19.9,19.9,F88,22.8,22.8,E88,0.2,0.2,H88,78,78,I88,0,0,J88,NA,,
lingshui_region_proxy,lingshui,NA,2021-12-27,气象数据原/陵水县2021-2026气象数据.xlsx,2021年,89,19.3,19.3,G89,18.5,18.5,F89,21.4,21.4,E89,0,0,H89,73,73,I89,1.6,1.6,J89,NA,,
lingshui_region_proxy,lingshui,NA,2021-12-28,气象数据原/陵水县2021-2026气象数据.xlsx,2021年,90,19.6,19.6,G90,16.4,16.4,F90,24.9,24.9,E90,0,0,H90,79,79,I90,6,6,J90,NA,,
lingshui_region_proxy,lingshui,NA,2021-12-29,气象数据原/陵水县2021-2026气象数据.xlsx,2021年,91,20.6,20.6,G91,18.8,18.8,F91,25.8,25.8,E91,0,0,H91,83,83,I91,0.3,0.3,J91,NA,,
lingshui_region_proxy,lingshui,NA,2021-12-30,气象数据原/陵水县2021-2026气象数据.xlsx,2021年,92,21.1,21.1,G92,18.7,18.7,F92,26,26,E92,0,0,H92,75,75,I92,8.4,8.4,J92,NA,,
lingshui_region_proxy,lingshui,NA,2021-12-31,气象数据原/陵水县2021-2026气象数据.xlsx,2021年,93,20.5,20.5,G93,16.9,16.9,F93,26.1,26.1,E93,0,0,H93,75,75,I93,6.2,6.2,J93,NA,,
lingshui_region_proxy,lingshui,NA,2022-01-01,气象数据原/陵水县2021-2026气象数据.xlsx,2022年,2,21.5,21.5,G2,20.1,20.1,F2,24.5,24.5,E2,0,0,H2,77,77,I2,NA,,J2,NA,,
lingshui_region_proxy,lingshui,NA,2022-01-02,气象数据原/陵水县2021-2026气象数据.xlsx,2022年,3,22.1,22.1,G3,20.6,20.6,F3,26.2,26.2,E3,0,0,H3,69,69,I3,NA,,J3,NA,,
lingshui_region_proxy,lingshui,NA,2022-01-03,气象数据原/陵水县2021-2026气象数据.xlsx,2022年,4,21.3,21.3,G4,18.3,18.3,F4,26.2,26.2,E4,0,0,H4,76,76,I4,NA,,J4,NA,,
lingshui_region_proxy,lingshui,NA,2022-01-04,气象数据原/陵水县2021-2026气象数据.xlsx,2022年,5,22.4,22.4,G5,19.1,19.1,F5,27.2,27.2,E5,0,0,H5,79,79,I5,NA,,J5,NA,,
lingshui_region_proxy,lingshui,NA,2022-01-05,气象数据原/陵水县2021-2026气象数据.xlsx,2022年,6,22.9,22.9,G6,19.2,19.2,F6,28.4,28.4,E6,0,0,H6,81,81,I6,NA,,J6,NA,,
lingshui_region_proxy,lingshui,NA,2022-01-06,气象数据原/陵水县2021-2026气象数据.xlsx,2022年,7,22.8,22.8,G7,19.3,19.3,F7,27.4,27.4,E7,0,0,H7,78,78,I7,NA,,J7,NA,,
lingshui_region_proxy,lingshui,NA,2022-01-07,气象数据原/陵水县2021-2026气象数据.xlsx,2022年,8,22.3,22.3,G8,19.8,19.8,F8,26.8,26.8,E8,0,0,H8,75,75,I8,NA,,J8,NA,,
lingshui_region_proxy,lingshui,NA,2022-01-08,气象数据原/陵水县2021-2026气象数据.xlsx,2022年,9,22.5,22.5,G9,20.2,20.2,F9,26.1,26.1,E9,0,0,H9,76,76,I9,NA,,J9,NA,,
lingshui_region_proxy,lingshui,NA,2022-01-09,气象数据原/陵水县2021-2026气象数据.xlsx,2022年,10,22.6,22.6,G10,20.4,20.4,F10,26,26,E10,0,0,H10,81,81,I10,NA,,J10,NA,,
lingshui_region_proxy,lingshui,NA,2022-01-10,气象数据原/陵水县2021-2026气象数据.xlsx,2022年,11,21.8,21.8,G11,19,19,F11,26.7,26.7,E11,0,0,H11,84,84,I11,NA,,J11,NA,,
lingshui_region_proxy,lingshui,NA,2022-01-11,气象数据原/陵水县2021-2026气象数据.xlsx,2022年,12,20.8,20.8,G12,18.8,18.8,F12,24.5,24.5,E12,0.9,0.9,H12,84,84,I12,NA,,J12,NA,,
lingshui_region_proxy,lingshui,NA,2022-01-12,气象数据原/陵水县2021-2026气象数据.xlsx,2022年,13,20.5,20.5,G13,17.8,17.8,F13,25.5,25.5,E13,0,0,H13,77,77,I13,NA,,J13,NA,,
lingshui_region_proxy,lingshui,NA,2022-01-13,气象数据原/陵水县2021-2026气象数据.xlsx,2022年,14,21.7,21.7,G14,19.7,19.7,F14,26.5,26.5,E14,0.1,0.1,H14,78,78,I14,NA,,J14,NA,,
lingshui_region_proxy,lingshui,NA,2022-01-14,气象数据原/陵水县2021-2026气象数据.xlsx,2022年,15,21.6,21.6,G15,19.2,19.2,F15,24.9,24.9,E15,0,0,H15,81,81,I15,NA,,J15,NA,,
lingshui_region_proxy,lingshui,NA,2022-01-15,气象数据原/陵水县2021-2026气象数据.xlsx,2022年,16,21.9,21.9,G16,19.9,19.9,F16,26.5,26.5,E16,1.1,1.1,H16,83,83,I16,NA,,J16,NA,,
lingshui_region_proxy,lingshui,NA,2022-01-16,气象数据原/陵水县2021-2026气象数据.xlsx,2022年,17,22.2,22.2,G17,19.3,19.3,F17,26.4,26.4,E17,1.5,1.5,H17,85,85,I17,NA,,J17,NA,,
lingshui_region_proxy,lingshui,NA,2022-01-17,气象数据原/陵水县2021-2026气象数据.xlsx,2022年,18,21.7,21.7,G18,18.4,18.4,F18,27,27,E18,0,0,H18,86,86,I18,NA,,J18,NA,,
lingshui_region_proxy,lingshui,NA,2022-01-18,气象数据原/陵水县2021-2026气象数据.xlsx,2022年,19,20.9,20.9,G19,19.3,19.3,F19,24.3,24.3,E19,0,0,H19,76,76,I19,NA,,J19,NA,,
lingshui_region_proxy,lingshui,NA,2022-01-19,气象数据原/陵水县2021-2026气象数据.xlsx,2022年,20,20.6,20.6,G20,18.3,18.3,F20,25.2,25.2,E20,0,0,H20,73,73,I20,NA,,J20,NA,,
lingshui_region_proxy,lingshui,NA,2022-01-20,气象数据原/陵水县2021-2026气象数据.xlsx,2022年,21,20.6,20.6,G21,17.1,17.1,F21,25.7,25.7,E21,0,0,H21,74,74,I21,NA,,J21,NA,,
lingshui_region_proxy,lingshui,NA,2022-01-21,气象数据原/陵水县2021-2026气象数据.xlsx,2022年,22,20.7,20.7,G22,16.9,16.9,F22,25.7,25.7,E22,0,0,H22,81,81,I22,NA,,J22,NA,,
lingshui_region_proxy,lingshui,NA,2022-01-22,气象数据原/陵水县2021-2026气象数据.xlsx,2022年,23,22.5,22.5,G23,19.2,19.2,F23,27.3,27.3,E23,0,0,H23,84,84,I23,NA,,J23,NA,,
lingshui_region_proxy,lingshui,NA,2022-01-23,气象数据原/陵水县2021-2026气象数据.xlsx,2022年,24,22.7,22.7,G24,19,19,F24,28,28,E24,0,0,H24,85,85,I24,NA,,J24,NA,,
lingshui_region_proxy,lingshui,NA,2022-01-24,气象数据原/陵水县2021-2026气象数据.xlsx,2022年,25,23.9,23.9,G25,21.7,21.7,F25,28.3,28.3,E25,0,0,H25,85,85,I25,NA,,J25,NA,,
lingshui_region_proxy,lingshui,NA,2022-01-25,气象数据原/陵水县2021-2026气象数据.xlsx,2022年,26,24.2,24.2,G26,21.3,21.3,F26,28.9,28.9,E26,0.1,0.1,H26,84,84,I26,NA,,J26,NA,,
lingshui_region_proxy,lingshui,NA,2022-01-26,气象数据原/陵水县2021-2026气象数据.xlsx,2022年,27,23.1,23.1,G27,19,19,F27,28,28,E27,0,0,H27,85,85,I27,NA,,J27,NA,,
lingshui_region_proxy,lingshui,NA,2022-01-27,气象数据原/陵水县2021-2026气象数据.xlsx,2022年,28,23.2,23.2,G28,19.7,19.7,F28,27.6,27.6,E28,0,0,H28,84,84,I28,NA,,J28,NA,,
lingshui_region_proxy,lingshui,NA,2022-01-28,气象数据原/陵水县2021-2026气象数据.xlsx,2022年,29,23.7,23.7,G29,20.6,20.6,F29,28.7,28.7,E29,0,0,H29,80,80,I29,NA,,J29,NA,,
lingshui_region_proxy,lingshui,NA,2022-01-29,气象数据原/陵水县2021-2026气象数据.xlsx,2022年,30,22.8,22.8,G30,20.3,20.3,F30,27.3,27.3,E30,0,0,H30,83,83,I30,NA,,J30,NA,,
lingshui_region_proxy,lingshui,NA,2022-01-30,气象数据原/陵水县2021-2026气象数据.xlsx,2022年,31,20.9,20.9,G31,18.8,18.8,F31,23.1,23.1,E31,2.6,2.6,H31,87,87,I31,NA,,J31,NA,,
lingshui_region_proxy,lingshui,NA,2022-01-31,气象数据原/陵水县2021-2026气象数据.xlsx,2022年,32,21.5,21.5,G32,18.9,18.9,F32,23.6,23.6,E32,4.2,4.2,H32,90,90,I32,NA,,J32,NA,,
lingshui_region_proxy,lingshui,NA,2022-10-01,气象数据原/陵水县2021-2026气象数据.xlsx,2022年,33,24.6,24.6,G33,24.2,24.2,F33,27.3,27.3,E33,79.2,79.2,H33,99,99,I33,0.1,0.1,J33,NA,,
lingshui_region_proxy,lingshui,NA,2022-10-02,气象数据原/陵水县2021-2026气象数据.xlsx,2022年,34,25.7,25.7,G34,21.8,21.8,F34,31.8,31.8,E34,2.5,2.5,H34,92,92,I34,7.8,7.8,J34,NA,,
lingshui_region_proxy,lingshui,NA,2022-10-03,气象数据原/陵水县2021-2026气象数据.xlsx,2022年,35,25.7,25.7,G35,21.9,21.9,F35,33,33,E35,3.4,3.4,H35,89,89,I35,9.8,9.8,J35,NA,,
lingshui_region_proxy,lingshui,NA,2022-10-04,气象数据原/陵水县2021-2026气象数据.xlsx,2022年,36,24.4,24.4,G36,22.7,22.7,F36,31.4,31.4,E36,48.5,48.5,H36,95,95,I36,2.3,2.3,J36,NA,,
lingshui_region_proxy,lingshui,NA,2022-10-05,气象数据原/陵水县2021-2026气象数据.xlsx,2022年,37,26.1,26.1,G37,22.3,22.3,F37,34,34,E37,4.2,4.2,H37,88,88,I37,7.6,7.6,J37,NA,,
lingshui_region_proxy,lingshui,NA,2022-10-06,气象数据原/陵水县2021-2026气象数据.xlsx,2022年,38,NA,,G38,NA,,F38,NA,,E38,NA,,H38,NA,,I38,4.5,4.5,J38,NA,,
lingshui_region_proxy,lingshui,NA,2022-10-07,气象数据原/陵水县2021-2026气象数据.xlsx,2022年,39,23.7,23.7,G39,22.6,22.6,F39,26.4,26.4,E39,53.2,53.2,H39,96,96,I39,0,0,J39,NA,,
lingshui_region_proxy,lingshui,NA,2022-10-08,气象数据原/陵水县2021-2026气象数据.xlsx,2022年,40,25.7,25.7,G40,22.3,22.3,F40,32.2,32.2,E40,7,7,H40,91,91,I40,3.4,3.4,J40,NA,,
lingshui_region_proxy,lingshui,NA,2022-10-09,气象数据原/陵水县2021-2026气象数据.xlsx,2022年,41,26.2,26.2,G41,22.8,22.8,F41,30.9,30.9,E41,10.5,10.5,H41,85,85,I41,3.5,3.5,J41,NA,,
lingshui_region_proxy,lingshui,NA,2022-10-10,气象数据原/陵水县2021-2026气象数据.xlsx,2022年,42,24.1,24.1,G42,22.6,22.6,F42,26.8,26.8,E42,0.4,0.4,H42,75,75,I42,3.6,3.6,J42,NA,,
lingshui_region_proxy,lingshui,NA,2022-10-11,气象数据原/陵水县2021-2026气象数据.xlsx,2022年,43,25,25,G43,22,22,F43,29.9,29.9,E43,0,0,H43,67,67,I43,10,10,J43,NA,,
lingshui_region_proxy,lingshui,NA,2022-10-12,气象数据原/陵水县2021-2026气象数据.xlsx,2022年,44,24.2,24.2,G44,18.2,18.2,F44,30.5,30.5,E44,0,0,H44,68,68,I44,10.5,10.5,J44,NA,,
lingshui_region_proxy,lingshui,NA,2022-10-13,气象数据原/陵水县2021-2026气象数据.xlsx,2022年,45,23.9,23.9,G45,18.5,18.5,F45,31.3,31.3,E45,0,0,H45,72,72,I45,8.6,8.6,J45,NA,,
lingshui_region_proxy,lingshui,NA,2022-10-14,气象数据原/陵水县2021-2026气象数据.xlsx,2022年,46,23.8,23.8,G46,21.3,21.3,F46,25.9,25.9,E46,4.7,4.7,H46,83,83,I46,0,0,J46,NA,,
lingshui_region_proxy,lingshui,NA,2022-10-15,气象数据原/陵水县2021-2026气象数据.xlsx,2022年,47,25.8,25.8,G47,22.4,22.4,F47,31.2,31.2,E47,2.2,2.2,H47,72,72,I47,2.3,2.3,J47,NA,,
lingshui_region_proxy,lingshui,NA,2022-10-16,气象数据原/陵水县2021-2026气象数据.xlsx,2022年,48,24.3,24.3,G48,20.4,20.4,F48,32.4,32.4,E48,0,0,H48,74,74,I48,8.7,8.7,J48,NA,,
lingshui_region_proxy,lingshui,NA,2022-10-17,气象数据原/陵水县2021-2026气象数据.xlsx,2022年,49,24,24,G49,18.7,18.7,F49,31.9,31.9,E49,0,0,H49,73,73,I49,4.7,4.7,J49,NA,,
lingshui_region_proxy,lingshui,NA,2022-10-18,气象数据原/陵水县2021-2026气象数据.xlsx,2022年,50,21.5,21.5,G50,18.5,18.5,F50,25.1,25.1,E50,0.9,0.9,H50,69,69,I50,0,0,J50,NA,,
lingshui_region_proxy,lingshui,NA,2022-10-19,气象数据原/陵水县2021-2026气象数据.xlsx,2022年,51,19.2,19.2,G51,18.1,18.1,F51,20.2,20.2,E51,6.3,6.3,H51,92,92,I51,0,0,J51,NA,,
lingshui_region_proxy,lingshui,NA,2022-10-20,气象数据原/陵水县2021-2026气象数据.xlsx,2022年,52,23.4,23.4,G52,19.1,19.1,F52,29.6,29.6,E52,12.8,12.8,H52,92,92,I52,4.3,4.3,J52,NA,,
lingshui_region_proxy,lingshui,NA,2022-10-21,气象数据原/陵水县2021-2026气象数据.xlsx,2022年,53,23.4,23.4,G53,22.6,22.6,F53,24.7,24.7,E53,66.7,66.7,H53,99,99,I53,0,0,J53,NA,,
lingshui_region_proxy,lingshui,NA,2022-10-22,气象数据原/陵水县2021-2026气象数据.xlsx,2022年,54,24.7,24.7,G54,22,22,F54,30.7,30.7,E54,0.2,0.2,H54,78,78,I54,5.9,5.9,J54,NA,,
lingshui_region_proxy,lingshui,NA,2022-10-23,气象数据原/陵水县2021-2026气象数据.xlsx,2022年,55,23.1,23.1,G55,18.7,18.7,F55,29.5,29.5,E55,0,0,H55,86,86,I55,1.4,1.4,J55,NA,,
lingshui_region_proxy,lingshui,NA,2022-10-24,气象数据原/陵水县2021-2026气象数据.xlsx,2022年,56,23.9,23.9,G56,21.2,21.2,F56,26.1,26.1,E56,4.2,4.2,H56,88,88,I56,0,0,J56,NA,,
lingshui_region_proxy,lingshui,NA,2022-10-25,气象数据原/陵水县2021-2026气象数据.xlsx,2022年,57,24.7,24.7,G57,23.2,23.2,F57,28.9,28.9,E57,58.8,58.8,H57,92,92,I57,1.3,1.3,J57,NA,,
lingshui_region_proxy,lingshui,NA,2022-10-26,气象数据原/陵水县2021-2026气象数据.xlsx,2022年,58,23.6,23.6,G58,22.4,22.4,F58,26.3,26.3,E58,2.5,2.5,H58,95,95,I58,1.2,1.2,J58,NA,,
lingshui_region_proxy,lingshui,NA,2022-10-27,气象数据原/陵水县2021-2026气象数据.xlsx,2022年,59,23.3,23.3,G59,19.3,19.3,F59,29.9,29.9,E59,0,0,H59,87,87,I59,8,8,J59,NA,,
lingshui_region_proxy,lingshui,NA,2022-10-28,气象数据原/陵水县2021-2026气象数据.xlsx,2022年,60,23,23,G60,18.2,18.2,F60,29.5,29.5,E60,0,0,H60,84,84,I60,8.3,8.3,J60,NA,,
lingshui_region_proxy,lingshui,NA,2022-10-29,气象数据原/陵水县2021-2026气象数据.xlsx,2022年,61,24,24,G61,21.4,21.4,F61,27.7,27.7,E61,0,0,H61,77,77,I61,1,1,J61,NA,,
lingshui_region_proxy,lingshui,NA,2022-10-30,气象数据原/陵水县2021-2026气象数据.xlsx,2022年,62,23.9,23.9,G62,20.4,20.4,F62,29.1,29.1,E62,0,0,H62,76,76,I62,6.6,6.6,J62,NA,,
lingshui_region_proxy,lingshui,NA,2022-10-31,气象数据原/陵水县2021-2026气象数据.xlsx,2022年,63,23.6,23.6,G63,19.2,19.2,F63,27.7,27.7,E63,0,0,H63,63,63,I63,4.5,4.5,J63,NA,,
lingshui_region_proxy,lingshui,NA,2022-11-01,气象数据原/陵水县2021-2026气象数据.xlsx,2022年,64,22.1,22.1,G64,17.1,17.1,F64,29.3,29.3,E64,0,0,H64,69,69,I64,9.4,9.4,J64,NA,,
lingshui_region_proxy,lingshui,NA,2022-11-02,气象数据原/陵水县2021-2026气象数据.xlsx,2022年,65,21,21,G65,16.3,16.3,F65,28.7,28.7,E65,0,0,H65,82,82,I65,3,3,J65,NA,,
lingshui_region_proxy,lingshui,NA,2022-11-03,气象数据原/陵水县2021-2026气象数据.xlsx,2022年,66,21.6,21.6,G66,17.7,17.7,F66,28.6,28.6,E66,0,0,H66,88,88,I66,3.1,3.1,J66,NA,,
lingshui_region_proxy,lingshui,NA,2022-11-04,气象数据原/陵水县2021-2026气象数据.xlsx,2022年,67,22.6,22.6,G67,20.7,20.7,F67,28.7,28.7,E67,0,0,H67,88,88,I67,0.2,0.2,J67,NA,,
lingshui_region_proxy,lingshui,NA,2022-11-05,气象数据原/陵水县2021-2026气象数据.xlsx,2022年,68,22.6,22.6,G68,18.3,18.3,F68,29.2,29.2,E68,0,0,H68,85,85,I68,5.4,5.4,J68,NA,,
lingshui_region_proxy,lingshui,NA,2022-11-06,气象数据原/陵水县2021-2026气象数据.xlsx,2022年,69,23.9,23.9,G69,18.3,18.3,F69,30.4,30.4,E69,0,0,H69,74,74,I69,9.9,9.9,J69,NA,,
lingshui_region_proxy,lingshui,NA,2022-11-07,气象数据原/陵水县2021-2026气象数据.xlsx,2022年,70,21.9,21.9,G70,17.8,17.8,F70,27.4,27.4,E70,0,0,H70,85,85,I70,6,6,J70,NA,,
lingshui_region_proxy,lingshui,NA,2022-11-08,气象数据原/陵水县2021-2026气象数据.xlsx,2022年,71,23.1,23.1,G71,20.5,20.5,F71,28.2,28.2,E71,0,0,H71,83,83,I71,0.4,0.4,J71,NA,,
lingshui_region_proxy,lingshui,NA,2022-11-09,气象数据原/陵水县2021-2026气象数据.xlsx,2022年,72,23.2,23.2,G72,22.1,22.1,F72,25.3,25.3,E72,3,3,H72,94,94,I72,0.3,0.3,J72,NA,,
lingshui_region_proxy,lingshui,NA,2022-11-10,气象数据原/陵水县2021-2026气象数据.xlsx,2022年,73,24.4,24.4,G73,20.9,20.9,F73,31.2,31.2,E73,0.2,0.2,H73,88,88,I73,5.5,5.5,J73,NA,,
lingshui_region_proxy,lingshui,NA,2022-11-11,气象数据原/陵水县2021-2026气象数据.xlsx,2022年,74,23.6,23.6,G74,18.7,18.7,F74,31.3,31.3,E74,0,0,H74,85,85,I74,6.4,6.4,J74,NA,,
lingshui_region_proxy,lingshui,NA,2022-11-12,气象数据原/陵水县2021-2026气象数据.xlsx,2022年,75,23.2,23.2,G75,18.7,18.7,F75,30.4,30.4,E75,0,0,H75,89,89,I75,4.4,4.4,J75,NA,,
lingshui_region_proxy,lingshui,NA,2022-11-13,气象数据原/陵水县2021-2026气象数据.xlsx,2022年,76,24.5,24.5,G76,20.6,20.6,F76,32.5,32.5,E76,0,0,H76,87,87,I76,5.2,5.2,J76,NA,,
lingshui_region_proxy,lingshui,NA,2022-11-14,气象数据原/陵水县2021-2026气象数据.xlsx,2022年,77,24.9,24.9,G77,21,21,F77,32.3,32.3,E77,0,0,H77,87,87,I77,3.3,3.3,J77,NA,,
lingshui_region_proxy,lingshui,NA,2022-11-15,气象数据原/陵水县2021-2026气象数据.xlsx,2022年,78,24.6,24.6,G78,22.4,22.4,F78,29.7,29.7,E78,5.5,5.5,H78,91,91,I78,6.1,6.1,J78,NA,,
lingshui_region_proxy,lingshui,NA,2022-11-16,气象数据原/陵水县2021-2026气象数据.xlsx,2022年,79,23.9,23.9,G79,20.3,20.3,F79,31.1,31.1,E79,0.2,0.2,H79,92,92,I79,9.1,9.1,J79,NA,,
lingshui_region_proxy,lingshui,NA,2022-11-17,气象数据原/陵水县2021-2026气象数据.xlsx,2022年,80,24.3,24.3,G80,20.9,20.9,F80,30.7,30.7,E80,1.1,1.1,H80,90,90,I80,7.2,7.2,J80,NA,,
lingshui_region_proxy,lingshui,NA,2022-11-18,气象数据原/陵水县2021-2026气象数据.xlsx,2022年,81,25.5,25.5,G81,22.3,22.3,F81,31.7,31.7,E81,0.3,0.3,H81,87,87,I81,7.5,7.5,J81,NA,,
lingshui_region_proxy,lingshui,NA,2022-11-19,气象数据原/陵水县2021-2026气象数据.xlsx,2022年,82,25,25,G82,20.7,20.7,F82,31.7,31.7,E82,0,0,H82,85,85,I82,0.9,0.9,J82,NA,,
lingshui_region_proxy,lingshui,NA,2022-11-20,气象数据原/陵水县2021-2026气象数据.xlsx,2022年,83,24.9,24.9,G83,23,23,F83,29.1,29.1,E83,0.6,0.6,H83,86,86,I83,2.8,2.8,J83,NA,,
lingshui_region_proxy,lingshui,NA,2022-11-21,气象数据原/陵水县2021-2026气象数据.xlsx,2022年,84,24.5,24.5,G84,22.8,22.8,F84,27.9,27.9,E84,33,33,H84,90,90,I84,0,0,J84,NA,,
lingshui_region_proxy,lingshui,NA,2022-11-22,气象数据原/陵水县2021-2026气象数据.xlsx,2022年,85,23.7,23.7,G85,22.7,22.7,F85,26.5,26.5,E85,71.6,71.6,H85,99,99,I85,0.1,0.1,J85,NA,,
lingshui_region_proxy,lingshui,NA,2022-11-23,气象数据原/陵水县2021-2026气象数据.xlsx,2022年,86,24.9,24.9,G86,21.5,21.5,F86,30,30,E86,28.1,28.1,H86,93,93,I86,5.8,5.8,J86,NA,,
lingshui_region_proxy,lingshui,NA,2022-11-24,气象数据原/陵水县2021-2026气象数据.xlsx,2022年,87,25,25,G87,23,23,F87,30,30,E87,1,1,H87,92,92,I87,3.9,3.9,J87,NA,,
lingshui_region_proxy,lingshui,NA,2022-11-25,气象数据原/陵水县2021-2026气象数据.xlsx,2022年,88,24.5,24.5,G88,22.9,22.9,F88,29.9,29.9,E88,1.4,1.4,H88,95,95,I88,7.4,7.4,J88,NA,,
lingshui_region_proxy,lingshui,NA,2022-11-26,气象数据原/陵水县2021-2026气象数据.xlsx,2022年,89,23.8,23.8,G89,20.5,20.5,F89,30.2,30.2,E89,0,0,H89,92,92,I89,8.6,8.6,J89,NA,,
lingshui_region_proxy,lingshui,NA,2022-11-27,气象数据原/陵水县2021-2026气象数据.xlsx,2022年,90,24.6,24.6,G90,22.8,22.8,F90,29.1,29.1,E90,0.8,0.8,H90,93,93,I90,2.2,2.2,J90,NA,,
lingshui_region_proxy,lingshui,NA,2022-11-28,气象数据原/陵水县2021-2026气象数据.xlsx,2022年,91,24.5,24.5,G91,22.5,22.5,F91,28.2,28.2,E91,1.2,1.2,H91,95,95,I91,1.6,1.6,J91,NA,,
lingshui_region_proxy,lingshui,NA,2022-11-29,气象数据原/陵水县2021-2026气象数据.xlsx,2022年,92,24.8,24.8,G92,21.7,21.7,F92,31.8,31.8,E92,0.1,0.1,H92,91,91,I92,6.7,6.7,J92,NA,,
lingshui_region_proxy,lingshui,NA,2022-11-30,气象数据原/陵水县2021-2026气象数据.xlsx,2022年,93,23.6,23.6,G93,18.6,18.6,F93,31.9,31.9,E93,0,0,H93,89,89,I93,9.6,9.6,J93,NA,,
lingshui_region_proxy,lingshui,NA,2022-12-01,气象数据原/陵水县2021-2026气象数据.xlsx,2022年,94,22.9,22.9,G94,21.1,21.1,F94,26.1,26.1,E94,8.7,8.7,H94,88,88,I94,0.2,0.2,J94,NA,,
lingshui_region_proxy,lingshui,NA,2022-12-02,气象数据原/陵水县2021-2026气象数据.xlsx,2022年,95,19.8,19.8,G95,17.4,17.4,F95,23.5,23.5,E95,0,0,H95,78,78,I95,9.3,9.3,J95,NA,,
lingshui_region_proxy,lingshui,NA,2022-12-03,气象数据原/陵水县2021-2026气象数据.xlsx,2022年,96,21.4,21.4,G96,17.3,17.3,F96,26.7,26.7,E96,0,0,H96,82,82,I96,4.8,4.8,J96,NA,,
lingshui_region_proxy,lingshui,NA,2022-12-04,气象数据原/陵水县2021-2026气象数据.xlsx,2022年,97,23.5,23.5,G97,20.5,20.5,F97,27.7,27.7,E97,0,0,H97,80,80,I97,9.9,9.9,J97,NA,,
lingshui_region_proxy,lingshui,NA,2022-12-05,气象数据原/陵水县2021-2026气象数据.xlsx,2022年,98,21,21,G98,18.7,18.7,F98,24.5,24.5,E98,0,0,H98,80,80,I98,9.9,9.9,J98,NA,,
lingshui_region_proxy,lingshui,NA,2022-12-06,气象数据原/陵水县2021-2026气象数据.xlsx,2022年,99,19.8,19.8,G99,17.4,17.4,F99,24.3,24.3,E99,0,0,H99,79,79,I99,8.3,8.3,J99,NA,,
lingshui_region_proxy,lingshui,NA,2022-12-07,气象数据原/陵水县2021-2026气象数据.xlsx,2022年,100,20.5,20.5,G100,17.4,17.4,F100,24.9,24.9,E100,0,0,H100,84,84,I100,2.9,2.9,J100,NA,,
lingshui_region_proxy,lingshui,NA,2022-12-08,气象数据原/陵水县2021-2026气象数据.xlsx,2022年,101,22.5,22.5,G101,19.4,19.4,F101,27.6,27.6,E101,0,0,H101,79,79,I101,9,9,J101,NA,,
lingshui_region_proxy,lingshui,NA,2022-12-09,气象数据原/陵水县2021-2026气象数据.xlsx,2022年,102,21.7,21.7,G102,18.5,18.5,F102,27,27,E102,0,0,H102,77,77,I102,5.2,5.2,J102,NA,,
lingshui_region_proxy,lingshui,NA,2022-12-10,气象数据原/陵水县2021-2026气象数据.xlsx,2022年,103,19.9,19.9,G103,14.8,14.8,F103,26.6,26.6,E103,0,0,H103,81,81,I103,7.5,7.5,J103,NA,,
lingshui_region_proxy,lingshui,NA,2022-12-11,气象数据原/陵水县2021-2026气象数据.xlsx,2022年,104,19.7,19.7,G104,17.1,17.1,F104,24.7,24.7,E104,0,0,H104,70,70,I104,7.3,7.3,J104,NA,,
lingshui_region_proxy,lingshui,NA,2022-12-12,气象数据原/陵水县2021-2026气象数据.xlsx,2022年,105,18,18,G105,15,15,F105,23.9,23.9,E105,0,0,H105,68,68,I105,9.7,9.7,J105,NA,,
lingshui_region_proxy,lingshui,NA,2022-12-13,气象数据原/陵水县2021-2026气象数据.xlsx,2022年,106,17.3,17.3,G106,11.4,11.4,F106,25.3,25.3,E106,0,0,H106,64,64,I106,9.8,9.8,J106,NA,,
lingshui_region_proxy,lingshui,NA,2022-12-14,气象数据原/陵水县2021-2026气象数据.xlsx,2022年,107,17.9,17.9,G107,11.5,11.5,F107,24.5,24.5,E107,0,0,H107,68,68,I107,6.4,6.4,J107,NA,,
lingshui_region_proxy,lingshui,NA,2022-12-15,气象数据原/陵水县2021-2026气象数据.xlsx,2022年,108,19.1,19.1,G108,16.7,16.7,F108,24.2,24.2,E108,0,0,H108,74,74,I108,2.2,2.2,J108,NA,,
lingshui_region_proxy,lingshui,NA,2022-12-16,气象数据原/陵水县2021-2026气象数据.xlsx,2022年,109,20.3,20.3,G109,18.5,18.5,F109,23.3,23.3,E109,0,0,H109,84,84,I109,0,0,J109,NA,,
lingshui_region_proxy,lingshui,NA,2022-12-17,气象数据原/陵水县2021-2026气象数据.xlsx,2022年,110,17.9,17.9,G110,14.3,14.3,F110,21.1,21.1,E110,0,0,H110,71,71,I110,0.3,0.3,J110,NA,,
lingshui_region_proxy,lingshui,NA,2022-12-18,气象数据原/陵水县2021-2026气象数据.xlsx,2022年,111,15.1,15.1,G111,13.8,13.8,F111,19.7,19.7,E111,0,0,H111,55,55,I111,0.2,0.2,J111,NA,,
lingshui_region_proxy,lingshui,NA,2022-12-19,气象数据原/陵水县2021-2026气象数据.xlsx,2022年,112,17.2,17.2,G112,12.8,12.8,F112,23.6,23.6,E112,0,0,H112,57,57,I112,9.1,9.1,J112,NA,,
lingshui_region_proxy,lingshui,NA,2022-12-20,气象数据原/陵水县2021-2026气象数据.xlsx,2022年,113,18.4,18.4,G113,14,14,F113,22.7,22.7,E113,0,0,H113,86,86,I113,0.4,0.4,J113,NA,,
lingshui_region_proxy,lingshui,NA,2022-12-21,气象数据原/陵水县2021-2026气象数据.xlsx,2022年,114,19.3,19.3,G114,15.5,15.5,F114,24.5,24.5,E114,0,0,H114,78,78,I114,7,7,J114,NA,,
lingshui_region_proxy,lingshui,NA,2022-12-22,气象数据原/陵水县2021-2026气象数据.xlsx,2022年,115,16.3,16.3,G115,10.4,10.4,F115,24.8,24.8,E115,0,0,H115,74,74,I115,9.1,9.1,J115,NA,,
lingshui_region_proxy,lingshui,NA,2022-12-23,气象数据原/陵水县2021-2026气象数据.xlsx,2022年,116,16,16,G116,11,11,F116,24.9,24.9,E116,0,0,H116,81,81,I116,8.3,8.3,J116,NA,,
lingshui_region_proxy,lingshui,NA,2022-12-24,气象数据原/陵水县2021-2026气象数据.xlsx,2022年,117,17.5,17.5,G117,14.2,14.2,F117,24.6,24.6,E117,0,0,H117,75,75,I117,7.2,7.2,J117,NA,,
lingshui_region_proxy,lingshui,NA,2022-12-25,气象数据原/陵水县2021-2026气象数据.xlsx,2022年,118,16.2,16.2,G118,12.4,12.4,F118,24.4,24.4,E118,0,0,H118,85,85,I118,4.3,4.3,J118,NA,,
lingshui_region_proxy,lingshui,NA,2022-12-26,气象数据原/陵水县2021-2026气象数据.xlsx,2022年,119,18.1,18.1,G119,11.9,11.9,F119,26.3,26.3,E119,0,0,H119,79,79,I119,9,9,J119,NA,,
lingshui_region_proxy,lingshui,NA,2022-12-27,气象数据原/陵水县2021-2026气象数据.xlsx,2022年,120,16.9,16.9,G120,12.2,12.2,F120,25.9,25.9,E120,0,0,H120,85,85,I120,8.7,8.7,J120,NA,,
lingshui_region_proxy,lingshui,NA,2022-12-28,气象数据原/陵水县2021-2026气象数据.xlsx,2022年,121,20.7,20.7,G121,14.9,14.9,F121,26.9,26.9,E121,0,0,H121,76,76,I121,2,2,J121,NA,,
lingshui_region_proxy,lingshui,NA,2022-12-29,气象数据原/陵水县2021-2026气象数据.xlsx,2022年,122,19.3,19.3,G122,17.9,17.9,F122,22.3,22.3,E122,0,0,H122,74,74,I122,7.1,7.1,J122,NA,,
lingshui_region_proxy,lingshui,NA,2022-12-30,气象数据原/陵水县2021-2026气象数据.xlsx,2022年,123,18.2,18.2,G123,15.1,15.1,F123,22.8,22.8,E123,0,0,H123,70,70,I123,7.3,7.3,J123,NA,,
lingshui_region_proxy,lingshui,NA,2022-12-31,气象数据原/陵水县2021-2026气象数据.xlsx,2022年,124,16.1,16.1,G124,12.2,12.2,F124,20,20,E124,0,0,H124,77,77,I124,0.1,0.1,J124,NA,,
lingshui_region_proxy,lingshui,NA,2023-01-01,气象数据原/陵水县2021-2026气象数据.xlsx,2023年,2,20.7,20.7,G2,19.3,19.3,F2,17.8,17.8,E2,0,0,H2,68,68,I2,NA,,J2,NA,,
lingshui_region_proxy,lingshui,NA,2023-01-02,气象数据原/陵水县2021-2026气象数据.xlsx,2023年,3,22.1,22.1,G3,20.3,20.3,F3,19.4,19.4,E3,0,0,H3,75,75,I3,NA,,J3,NA,,
lingshui_region_proxy,lingshui,NA,2023-01-03,气象数据原/陵水县2021-2026气象数据.xlsx,2023年,4,20.7,20.7,G4,19.5,19.5,F4,18.4,18.4,E4,0,0,H4,76,76,I4,NA,,J4,NA,,
lingshui_region_proxy,lingshui,NA,2023-01-04,气象数据原/陵水县2021-2026气象数据.xlsx,2023年,5,21.9,21.9,G5,19.5,19.5,F5,18.6,18.6,E5,0,0,H5,84,84,I5,NA,,J5,NA,,
lingshui_region_proxy,lingshui,NA,2023-01-05,气象数据原/陵水县2021-2026气象数据.xlsx,2023年,6,22.9,22.9,G6,20.7,20.7,F6,19.1,19.1,E6,0,0,H6,84,84,I6,NA,,J6,NA,,
lingshui_region_proxy,lingshui,NA,2023-01-06,气象数据原/陵水县2021-2026气象数据.xlsx,2023年,7,25.7,25.7,G7,21.6,21.6,F7,19.6,19.6,E7,0,0,H7,65,65,I7,NA,,J7,NA,,
lingshui_region_proxy,lingshui,NA,2023-01-07,气象数据原/陵水县2021-2026气象数据.xlsx,2023年,8,24.4,24.4,G8,21.6,21.6,F8,20.2,20.2,E8,0,0,H8,59,59,I8,NA,,J8,NA,,
lingshui_region_proxy,lingshui,NA,2023-01-08,气象数据原/陵水县2021-2026气象数据.xlsx,2023年,9,22.5,22.5,G9,20.5,20.5,F9,19.4,19.4,E9,4.6,4.6,H9,94,94,I9,NA,,J9,NA,,
lingshui_region_proxy,lingshui,NA,2023-01-09,气象数据原/陵水县2021-2026气象数据.xlsx,2023年,10,27,27,G10,22.8,22.8,F10,20.2,20.2,E10,0,0,H10,87,87,I10,NA,,J10,NA,,
lingshui_region_proxy,lingshui,NA,2023-01-10,气象数据原/陵水县2021-2026气象数据.xlsx,2023年,11,24.5,24.5,G11,22.3,22.3,F11,21.2,21.2,E11,0.2,0.2,H11,92,92,I11,NA,,J11,NA,,
lingshui_region_proxy,lingshui,NA,2023-01-11,气象数据原/陵水县2021-2026气象数据.xlsx,2023年,12,24.5,24.5,G12,22.3,22.3,F12,20.6,20.6,E12,3.3,3.3,H12,100,100,I12,NA,,J12,NA,,
lingshui_region_proxy,lingshui,NA,2023-01-12,气象数据原/陵水县2021-2026气象数据.xlsx,2023年,13,28.1,28.1,G13,24.5,24.5,F13,22.5,22.5,E13,1.2,1.2,H13,90,90,I13,NA,,J13,NA,,
lingshui_region_proxy,lingshui,NA,2023-01-13,气象数据原/陵水县2021-2026气象数据.xlsx,2023年,14,28.9,28.9,G14,23.8,23.8,F14,21.5,21.5,E14,0,0,H14,92,92,I14,NA,,J14,NA,,
lingshui_region_proxy,lingshui,NA,2023-01-14,气象数据原/陵水县2021-2026气象数据.xlsx,2023年,15,28.7,28.7,G15,22.9,22.9,F15,18.8,18.8,E15,0.1,0.1,H15,91,91,I15,NA,,J15,NA,,
lingshui_region_proxy,lingshui,NA,2023-01-15,气象数据原/陵水县2021-2026气象数据.xlsx,2023年,16,26.6,26.6,G16,23.1,23.1,F16,21.2,21.2,E16,0,0,H16,91,91,I16,NA,,J16,NA,,
lingshui_region_proxy,lingshui,NA,2023-01-16,气象数据原/陵水县2021-2026气象数据.xlsx,2023年,17,23.3,23.3,G17,18.7,18.7,F17,16.8,16.8,E17,0,0,H17,74,74,I17,NA,,J17,NA,,
lingshui_region_proxy,lingshui,NA,2023-01-17,气象数据原/陵水县2021-2026气象数据.xlsx,2023年,18,20.4,20.4,G18,17.7,17.7,F18,16.6,16.6,E18,0,0,H18,80,80,I18,NA,,J18,NA,,
lingshui_region_proxy,lingshui,NA,2023-01-18,气象数据原/陵水县2021-2026气象数据.xlsx,2023年,19,21.4,21.4,G19,17.8,17.8,F19,16.5,16.5,E19,0,0,H19,77,77,I19,NA,,J19,NA,,
lingshui_region_proxy,lingshui,NA,2023-01-19,气象数据原/陵水县2021-2026气象数据.xlsx,2023年,20,22.9,22.9,G20,18.4,18.4,F20,15.9,15.9,E20,0,0,H20,71,71,I20,NA,,J20,NA,,
lingshui_region_proxy,lingshui,NA,2023-01-20,气象数据原/陵水县2021-2026气象数据.xlsx,2023年,21,25.8,25.8,G21,19.7,19.7,F21,15.3,15.3,E21,0,0,H21,66,66,I21,NA,,J21,NA,,
lingshui_region_proxy,lingshui,NA,2023-01-21,气象数据原/陵水县2021-2026气象数据.xlsx,2023年,22,26.8,26.8,G22,21.8,21.8,F22,18.5,18.5,E22,0,0,H22,78,78,I22,NA,,J22,NA,,
lingshui_region_proxy,lingshui,NA,2023-01-22,气象数据原/陵水县2021-2026气象数据.xlsx,2023年,23,27.6,27.6,G23,22.4,22.4,F23,19.4,19.4,E23,0,0,H23,89,89,I23,NA,,J23,NA,,
lingshui_region_proxy,lingshui,NA,2023-01-23,气象数据原/陵水县2021-2026气象数据.xlsx,2023年,24,27.6,27.6,G24,22.7,22.7,F24,19.2,19.2,E24,0,0,H24,89,89,I24,NA,,J24,NA,,
lingshui_region_proxy,lingshui,NA,2023-01-24,气象数据原/陵水县2021-2026气象数据.xlsx,2023年,25,22.6,22.6,G25,19.5,19.5,F25,15.5,15.5,E25,0,0,H25,68,68,I25,NA,,J25,NA,,
lingshui_region_proxy,lingshui,NA,2023-01-25,气象数据原/陵水县2021-2026气象数据.xlsx,2023年,26,22.2,22.2,G26,17.5,17.5,F26,14.9,14.9,E26,0,0,H26,66,66,I26,NA,,J26,NA,,
lingshui_region_proxy,lingshui,NA,2023-01-26,气象数据原/陵水县2021-2026气象数据.xlsx,2023年,27,26.2,26.2,G27,19.1,19.1,F27,13.3,13.3,E27,0,0,H27,81,81,I27,NA,,J27,NA,,
lingshui_region_proxy,lingshui,NA,2023-01-27,气象数据原/陵水县2021-2026气象数据.xlsx,2023年,28,21.4,21.4,G28,18.9,18.9,F28,16.3,16.3,E28,0,0,H28,81,81,I28,NA,,J28,NA,,
lingshui_region_proxy,lingshui,NA,2023-01-28,气象数据原/陵水县2021-2026气象数据.xlsx,2023年,29,20,20,G29,15.9,15.9,F29,14.3,14.3,E29,0,0,H29,64,64,I29,NA,,J29,NA,,
lingshui_region_proxy,lingshui,NA,2023-01-29,气象数据原/陵水县2021-2026气象数据.xlsx,2023年,30,21.9,21.9,G30,16.1,16.1,F30,12.9,12.9,E30,0,0,H30,53,53,I30,NA,,J30,NA,,
lingshui_region_proxy,lingshui,NA,2023-01-30,气象数据原/陵水县2021-2026气象数据.xlsx,2023年,31,23.7,23.7,G31,17.1,17.1,F31,12,12,E31,0,0,H31,51,51,I31,NA,,J31,NA,,
lingshui_region_proxy,lingshui,NA,2023-01-31,气象数据原/陵水县2021-2026气象数据.xlsx,2023年,32,24.4,24.4,G32,19.2,19.2,F32,15.7,15.7,E32,0,0,H32,83,83,I32,NA,,J32,NA,,
lingshui_region_proxy,lingshui,NA,2023-10-01,气象数据原/陵水县2021-2026气象数据.xlsx,2023年,33,25.6,25.6,G33,21.2,21.2,F33,34,34,E33,4.7,4.7,H33,90,90,I33,9.9,9.9,J33,NA,,
lingshui_region_proxy,lingshui,NA,2023-10-02,气象数据原/陵水县2021-2026气象数据.xlsx,2023年,34,26.4,26.4,G34,22,22,F34,33.8,33.8,E34,0.4,0.4,H34,90,90,I34,8.7,8.7,J34,NA,,
lingshui_region_proxy,lingshui,NA,2023-10-03,气象数据原/陵水县2021-2026气象数据.xlsx,2023年,35,25.5,25.5,G35,22.7,22.7,F35,34,34,E35,9.7,9.7,H35,96,96,I35,7.8,7.8,J35,NA,,
lingshui_region_proxy,lingshui,NA,2023-10-04,气象数据原/陵水县2021-2026气象数据.xlsx,2023年,36,26.7,26.7,G36,22.5,22.5,F36,33.3,33.3,E36,0,0,H36,91,91,I36,10.3,10.3,J36,NA,,
lingshui_region_proxy,lingshui,NA,2023-10-05,气象数据原/陵水县2021-2026气象数据.xlsx,2023年,37,27.2,27.2,G37,22.9,22.9,F37,34.4,34.4,E37,0,0,H37,90,90,I37,8,8,J37,NA,,
lingshui_region_proxy,lingshui,NA,2023-10-06,气象数据原/陵水县2021-2026气象数据.xlsx,2023年,38,26.3,26.3,G38,24,24,F38,33.2,33.2,E38,8,8,H38,96,96,I38,4.5,4.5,J38,NA,,
lingshui_region_proxy,lingshui,NA,2023-10-07,气象数据原/陵水县2021-2026气象数据.xlsx,2023年,39,26.3,26.3,G39,23,23,F39,32.5,32.5,E39,0.1,0.1,H39,92,92,I39,6.2,6.2,J39,NA,,
lingshui_region_proxy,lingshui,NA,2023-10-08,气象数据原/陵水县2021-2026气象数据.xlsx,2023年,40,26,26,G40,21.8,21.8,F40,33,33,E40,0,0,H40,89,89,I40,7.2,7.2,J40,NA,,
lingshui_region_proxy,lingshui,NA,2023-10-09,气象数据原/陵水县2021-2026气象数据.xlsx,2023年,41,25.6,25.6,G41,22.1,22.1,F41,31.3,31.3,E41,0.1,0.1,H41,87,87,I41,4.3,4.3,J41,NA,,
lingshui_region_proxy,lingshui,NA,2023-10-10,气象数据原/陵水县2021-2026气象数据.xlsx,2023年,42,25.9,25.9,G42,22.4,22.4,F42,31.6,31.6,E42,0.1,0.1,H42,84,84,I42,7.8,7.8,J42,NA,,
lingshui_region_proxy,lingshui,NA,2023-10-11,气象数据原/陵水县2021-2026气象数据.xlsx,2023年,43,25.2,25.2,G43,22.4,22.4,F43,29.4,29.4,E43,0.5,0.5,H43,90,90,I43,0,0,J43,NA,,
lingshui_region_proxy,lingshui,NA,2023-10-12,气象数据原/陵水县2021-2026气象数据.xlsx,2023年,44,25.7,25.7,G44,22.9,22.9,F44,30.4,30.4,E44,1,1,H44,89,89,I44,1.9,1.9,J44,NA,,
lingshui_region_proxy,lingshui,NA,2023-10-13,气象数据原/陵水县2021-2026气象数据.xlsx,2023年,45,25.2,25.2,G45,23.3,23.3,F45,26.6,26.6,E45,4.2,4.2,H45,83,83,I45,0,0,J45,NA,,
lingshui_region_proxy,lingshui,NA,2023-10-14,气象数据原/陵水县2021-2026气象数据.xlsx,2023年,46,26,26,G46,24.6,24.6,F46,29.3,29.3,E46,0,0,H46,76,76,I46,0.1,0.1,J46,NA,,
lingshui_region_proxy,lingshui,NA,2023-10-15,气象数据原/陵水县2021-2026气象数据.xlsx,2023年,47,25.8,25.8,G47,23.6,23.6,F47,28.5,28.5,E47,0,0,H47,76,76,I47,0,0,J47,NA,,
lingshui_region_proxy,lingshui,NA,2023-10-16,气象数据原/陵水县2021-2026气象数据.xlsx,2023年,48,24.9,24.9,G48,23.2,23.2,F48,27.3,27.3,E48,4,4,H48,88,88,I48,0,0,J48,NA,,
lingshui_region_proxy,lingshui,NA,2023-10-17,气象数据原/陵水县2021-2026气象数据.xlsx,2023年,49,24.4,24.4,G49,23.7,23.7,F49,27.4,27.4,E49,34.3,34.3,H49,95,95,I49,0,0,J49,NA,,
lingshui_region_proxy,lingshui,NA,2023-10-18,气象数据原/陵水县2021-2026气象数据.xlsx,2023年,50,24.5,24.5,G50,23.5,23.5,F50,25.2,25.2,E50,87.1,87.1,H50,100,100,I50,0,0,J50,NA,,
lingshui_region_proxy,lingshui,NA,2023-10-19,气象数据原/陵水县2021-2026气象数据.xlsx,2023年,51,25.5,25.5,G51,24.5,24.5,F51,27.2,27.2,E51,21.8,21.8,H51,98,98,I51,0.2,0.2,J51,NA,,
lingshui_region_proxy,lingshui,NA,2023-10-20,气象数据原/陵水县2021-2026气象数据.xlsx,2023年,52,26.3,26.3,G52,23.1,23.1,F52,31.8,31.8,E52,0,0,H52,89,89,I52,7.5,7.5,J52,NA,,
lingshui_region_proxy,lingshui,NA,2023-10-21,气象数据原/陵水县2021-2026气象数据.xlsx,2023年,53,26.1,26.1,G53,23.2,23.2,F53,31.4,31.4,E53,0,0,H53,89,89,I53,4.5,4.5,J53,NA,,
lingshui_region_proxy,lingshui,NA,2023-10-22,气象数据原/陵水县2021-2026气象数据.xlsx,2023年,54,24.4,24.4,G54,22.8,22.8,F54,26.8,26.8,E54,9.1,9.1,H54,94,94,I54,0,0,J54,NA,,
lingshui_region_proxy,lingshui,NA,2023-10-23,气象数据原/陵水县2021-2026气象数据.xlsx,2023年,55,23.9,23.9,G55,22.8,22.8,F55,25.3,25.3,E55,39.6,39.6,H55,97,97,I55,0,0,J55,NA,,
lingshui_region_proxy,lingshui,NA,2023-10-24,气象数据原/陵水县2021-2026气象数据.xlsx,2023年,56,24.6,24.6,G56,23.6,23.6,F56,26.3,26.3,E56,47.9,47.9,H56,97,97,I56,0,0,J56,NA,,
lingshui_region_proxy,lingshui,NA,2023-10-25,气象数据原/陵水县2021-2026气象数据.xlsx,2023年,57,24.7,24.7,G57,23.5,23.5,F57,28.7,28.7,E57,33.8,33.8,H57,98,98,I57,1.8,1.8,J57,NA,,
lingshui_region_proxy,lingshui,NA,2023-10-26,气象数据原/陵水县2021-2026气象数据.xlsx,2023年,58,24.8,24.8,G58,23.2,23.2,F58,28.1,28.1,E58,31.9,31.9,H58,96,96,I58,0,0,J58,NA,,
lingshui_region_proxy,lingshui,NA,2023-10-27,气象数据原/陵水县2021-2026气象数据.xlsx,2023年,59,25.4,25.4,G59,23.6,23.6,F59,28.4,28.4,E59,7.5,7.5,H59,96,96,I59,1.4,1.4,J59,NA,,
lingshui_region_proxy,lingshui,NA,2023-10-28,气象数据原/陵水县2021-2026气象数据.xlsx,2023年,60,24.8,24.8,G60,21.6,21.6,F60,31.2,31.2,E60,0.1,0.1,H60,94,94,I60,9.5,9.5,J60,NA,,
lingshui_region_proxy,lingshui,NA,2023-10-29,气象数据原/陵水县2021-2026气象数据.xlsx,2023年,61,25.9,25.9,G61,23.3,23.3,F61,32,32,E61,16.8,16.8,H61,88,88,I61,4.4,4.4,J61,NA,,
lingshui_region_proxy,lingshui,NA,2023-10-30,气象数据原/陵水县2021-2026气象数据.xlsx,2023年,62,25.2,25.2,G62,23.2,23.2,F62,28.9,28.9,E62,6.5,6.5,H62,87,87,I62,2.7,2.7,J62,NA,,
lingshui_region_proxy,lingshui,NA,2023-10-31,气象数据原/陵水县2021-2026气象数据.xlsx,2023年,63,25.7,25.7,G63,24.1,24.1,F63,30.1,30.1,E63,0,0,H63,77,77,I63,5.6,5.6,J63,NA,,
lingshui_region_proxy,lingshui,NA,2023-11-01,气象数据原/陵水县2021-2026气象数据.xlsx,2023年,64,25.5,25.5,G64,22.4,22.4,F64,30.1,30.1,E64,0,0,H64,77,77,I64,4,4,J64,NA,,
lingshui_region_proxy,lingshui,NA,2023-11-02,气象数据原/陵水县2021-2026气象数据.xlsx,2023年,65,25.1,25.1,G65,23.5,23.5,F65,30.2,30.2,E65,4.2,4.2,H65,92,92,I65,4,4,J65,NA,,
lingshui_region_proxy,lingshui,NA,2023-11-03,气象数据原/陵水县2021-2026气象数据.xlsx,2023年,66,25.1,25.1,G66,21,21,F66,32.1,32.1,E66,0.1,0.1,H66,88,88,I66,8,8,J66,NA,,
lingshui_region_proxy,lingshui,NA,2023-11-04,气象数据原/陵水县2021-2026气象数据.xlsx,2023年,67,24.7,24.7,G67,20.3,20.3,F67,32.4,32.4,E67,0,0,H67,89,89,I67,8.2,8.2,J67,NA,,
lingshui_region_proxy,lingshui,NA,2023-11-05,气象数据原/陵水县2021-2026气象数据.xlsx,2023年,68,25.2,25.2,G68,21,21,F68,32.8,32.8,E68,4.4,4.4,H68,92,92,I68,6.5,6.5,J68,NA,,
lingshui_region_proxy,lingshui,NA,2023-11-06,气象数据原/陵水县2021-2026气象数据.xlsx,2023年,69,24.9,24.9,G69,22.1,22.1,F69,32.1,32.1,E69,2.8,2.8,H69,95,95,I69,5.8,5.8,J69,NA,,
lingshui_region_proxy,lingshui,NA,2023-11-07,气象数据原/陵水县2021-2026气象数据.xlsx,2023年,70,25.1,25.1,G70,22.8,22.8,F70,28.8,28.8,E70,0,0,H70,88,88,I70,2.6,2.6,J70,NA,,
lingshui_region_proxy,lingshui,NA,2023-11-08,气象数据原/陵水县2021-2026气象数据.xlsx,2023年,71,25.3,25.3,G71,23.6,23.6,F71,28.6,28.6,E71,12.8,12.8,H71,94,94,I71,2,2,J71,NA,,
lingshui_region_proxy,lingshui,NA,2023-11-09,气象数据原/陵水县2021-2026气象数据.xlsx,2023年,72,25.6,25.6,G72,22.2,22.2,F72,31.4,31.4,E72,1.8,1.8,H72,93,93,I72,9.6,9.6,J72,NA,,
lingshui_region_proxy,lingshui,NA,2023-11-10,气象数据原/陵水县2021-2026气象数据.xlsx,2023年,73,25.5,25.5,G73,21.4,21.4,F73,32.6,32.6,E73,0.2,0.2,H73,91,91,I73,10,10,J73,NA,,
lingshui_region_proxy,lingshui,NA,2023-11-11,气象数据原/陵水县2021-2026气象数据.xlsx,2023年,74,24.4,24.4,G74,21.5,21.5,F74,31.5,31.5,E74,2.4,2.4,H74,95,95,I74,7.2,7.2,J74,NA,,
lingshui_region_proxy,lingshui,NA,2023-11-12,气象数据原/陵水县2021-2026气象数据.xlsx,2023年,75,23.8,23.8,G75,23.1,23.1,F75,25.3,25.3,E75,72.2,72.2,H75,99,99,I75,2.6,2.6,J75,NA,,
lingshui_region_proxy,lingshui,NA,2023-11-13,气象数据原/陵水县2021-2026气象数据.xlsx,2023年,76,24.3,24.3,G76,22.6,22.6,F76,28.2,28.2,E76,2,2,H76,88,88,I76,1.8,1.8,J76,NA,,
lingshui_region_proxy,lingshui,NA,2023-11-14,气象数据原/陵水县2021-2026气象数据.xlsx,2023年,77,23.7,23.7,G77,21.8,21.8,F77,27.5,27.5,E77,0.4,0.4,H77,83,83,I77,5.2,5.2,J77,NA,,
lingshui_region_proxy,lingshui,NA,2023-11-15,气象数据原/陵水县2021-2026气象数据.xlsx,2023年,78,23.6,23.6,G78,21.8,21.8,F78,27.3,27.3,E78,0.2,0.2,H78,90,90,I78,1.2,1.2,J78,NA,,
lingshui_region_proxy,lingshui,NA,2023-11-16,气象数据原/陵水县2021-2026气象数据.xlsx,2023年,79,23.1,23.1,G79,20.5,20.5,F79,28.7,28.7,E79,0.7,0.7,H79,84,84,I79,4.9,4.9,J79,NA,,
lingshui_region_proxy,lingshui,NA,2023-11-17,气象数据原/陵水县2021-2026气象数据.xlsx,2023年,80,19.2,19.2,G80,15.1,15.1,F80,24.8,24.8,E80,0,0,H80,72,72,I80,10.1,10.1,J80,NA,,
lingshui_region_proxy,lingshui,NA,2023-11-18,气象数据原/陵水县2021-2026气象数据.xlsx,2023年,81,18.2,18.2,G81,13.2,13.2,F81,25.9,25.9,E81,0,0,H81,75,75,I81,10.1,10.1,J81,NA,,
lingshui_region_proxy,lingshui,NA,2023-11-19,气象数据原/陵水县2021-2026气象数据.xlsx,2023年,82,20.4,20.4,G82,15.8,15.8,F82,27.3,27.3,E82,0,0,H82,75,75,I82,9.6,9.6,J82,NA,,
lingshui_region_proxy,lingshui,NA,2023-11-20,气象数据原/陵水县2021-2026气象数据.xlsx,2023年,83,20.1,20.1,G83,16.3,16.3,F83,28,28,E83,0,0,H83,82,82,I83,10,10,J83,NA,,
lingshui_region_proxy,lingshui,NA,2023-11-21,气象数据原/陵水县2021-2026气象数据.xlsx,2023年,84,20.4,20.4,G84,15.3,15.3,F84,29.8,29.8,E84,0,0,H84,86,86,I84,9.2,9.2,J84,NA,,
lingshui_region_proxy,lingshui,NA,2023-11-22,气象数据原/陵水县2021-2026气象数据.xlsx,2023年,85,21.6,21.6,G85,17.7,17.7,F85,28.5,28.5,E85,0,0,H85,91,91,I85,3.4,3.4,J85,NA,,
lingshui_region_proxy,lingshui,NA,2023-11-23,气象数据原/陵水县2021-2026气象数据.xlsx,2023年,86,22.5,22.5,G86,17.7,17.7,F86,29.6,29.6,E86,0,0,H86,84,84,I86,9.4,9.4,J86,NA,,
lingshui_region_proxy,lingshui,NA,2023-11-24,气象数据原/陵水县2021-2026气象数据.xlsx,2023年,87,22.7,22.7,G87,18.5,18.5,F87,28.7,28.7,E87,0,0,H87,75,75,I87,9.5,9.5,J87,NA,,
lingshui_region_proxy,lingshui,NA,2023-11-25,气象数据原/陵水县2021-2026气象数据.xlsx,2023年,88,21.9,21.9,G88,19.9,19.9,F88,24,24,E88,0.4,0.4,H88,93,93,I88,0,0,J88,NA,,
lingshui_region_proxy,lingshui,NA,2023-11-26,气象数据原/陵水县2021-2026气象数据.xlsx,2023年,89,23.6,23.6,G89,21.2,21.2,F89,27.4,27.4,E89,0.1,0.1,H89,79,79,I89,1.2,1.2,J89,NA,,
lingshui_region_proxy,lingshui,NA,2023-11-27,气象数据原/陵水县2021-2026气象数据.xlsx,2023年,90,21.1,21.1,G90,17.3,17.3,F90,27.7,27.7,E90,0,0,H90,81,81,I90,9.4,9.4,J90,NA,,
lingshui_region_proxy,lingshui,NA,2023-11-28,气象数据原/陵水县2021-2026气象数据.xlsx,2023年,91,21.8,21.8,G91,15.5,15.5,F91,28.1,28.1,E91,0,0,H91,78,78,I91,4.4,4.4,J91,NA,,
lingshui_region_proxy,lingshui,NA,2023-11-29,气象数据原/陵水县2021-2026气象数据.xlsx,2023年,92,23.5,23.5,G92,21,21,F92,26.8,26.8,E92,0.1,0.1,H92,88,88,I92,0.5,0.5,J92,NA,,
lingshui_region_proxy,lingshui,NA,2023-11-30,气象数据原/陵水县2021-2026气象数据.xlsx,2023年,93,24.5,24.5,G93,22.4,22.4,F93,30,30,E93,3.3,3.3,H93,92,92,I93,2,2,J93,NA,,
lingshui_region_proxy,lingshui,NA,2023-12-01,气象数据原/陵水县2021-2026气象数据.xlsx,2023年,94,23.2,23.2,G94,22,22,F94,24.9,24.9,E94,1.9,1.9,H94,94,94,I94,0.1,0.1,J94,NA,,
lingshui_region_proxy,lingshui,NA,2023-12-02,气象数据原/陵水县2021-2026气象数据.xlsx,2023年,95,23.1,23.1,G95,21.7,21.7,F95,25.7,25.7,E95,0.5,0.5,H95,87,87,I95,0,0,J95,NA,,
lingshui_region_proxy,lingshui,NA,2023-12-03,气象数据原/陵水县2021-2026气象数据.xlsx,2023年,96,24,24,G96,22.5,22.5,F96,28.9,28.9,E96,0,0,H96,83,83,I96,2,2,J96,NA,,
lingshui_region_proxy,lingshui,NA,2023-12-04,气象数据原/陵水县2021-2026气象数据.xlsx,2023年,97,23.8,23.8,G97,21.4,21.4,F97,28.2,28.2,E97,0.1,0.1,H97,85,85,I97,1.1,1.1,J97,NA,,
lingshui_region_proxy,lingshui,NA,2023-12-05,气象数据原/陵水县2021-2026气象数据.xlsx,2023年,98,22.5,22.5,G98,18.9,18.9,F98,29.5,29.5,E98,0,0,H98,90,90,I98,6.4,6.4,J98,NA,,
lingshui_region_proxy,lingshui,NA,2023-12-06,气象数据原/陵水县2021-2026气象数据.xlsx,2023年,99,23.1,23.1,G99,20.8,20.8,F99,27.1,27.1,E99,0.4,0.4,H99,90,90,I99,0.7,0.7,J99,NA,,
lingshui_region_proxy,lingshui,NA,2023-12-07,气象数据原/陵水县2021-2026气象数据.xlsx,2023年,100,21.8,21.8,G100,20.3,20.3,F100,26.4,26.4,E100,0,0,H100,78,78,I100,6.5,6.5,J100,NA,,
lingshui_region_proxy,lingshui,NA,2023-12-08,气象数据原/陵水县2021-2026气象数据.xlsx,2023年,101,21.1,21.1,G101,16.3,16.3,F101,28.7,28.7,E101,0,0,H101,87,87,I101,9.3,9.3,J101,NA,,
lingshui_region_proxy,lingshui,NA,2023-12-09,气象数据原/陵水县2021-2026气象数据.xlsx,2023年,102,21.3,21.3,G102,16.1,16.1,F102,30.2,30.2,E102,0,0,H102,88,88,I102,8.7,8.7,J102,NA,,
lingshui_region_proxy,lingshui,NA,2023-12-10,气象数据原/陵水县2021-2026气象数据.xlsx,2023年,103,21.4,21.4,G103,17.3,17.3,F103,30.1,30.1,E103,0,0,H103,90,90,I103,9,9,J103,NA,,
lingshui_region_proxy,lingshui,NA,2023-12-11,气象数据原/陵水县2021-2026气象数据.xlsx,2023年,104,22.2,22.2,G104,16.9,16.9,F104,31.4,31.4,E104,0,0,H104,90,90,I104,7.7,7.7,J104,NA,,
lingshui_region_proxy,lingshui,NA,2023-12-12,气象数据原/陵水县2021-2026气象数据.xlsx,2023年,105,22.5,22.5,G105,18.5,18.5,F105,29.4,29.4,E105,0,0,H105,89,89,I105,5.6,5.6,J105,NA,,
lingshui_region_proxy,lingshui,NA,2023-12-13,气象数据原/陵水县2021-2026气象数据.xlsx,2023年,106,22.6,22.6,G106,19.4,19.4,F106,29.2,29.2,E106,0.7,0.7,H106,93,93,I106,7.6,7.6,J106,NA,,
lingshui_region_proxy,lingshui,NA,2023-12-14,气象数据原/陵水县2021-2026气象数据.xlsx,2023年,107,23,23,G107,19.6,19.6,F107,29.5,29.5,E107,0,0,H107,92,92,I107,8,8,J107,NA,,
lingshui_region_proxy,lingshui,NA,2023-12-15,气象数据原/陵水县2021-2026气象数据.xlsx,2023年,108,23.6,23.6,G108,19.2,19.2,F108,31.2,31.2,E108,0,0,H108,89,89,I108,8.7,8.7,J108,NA,,
lingshui_region_proxy,lingshui,NA,2023-12-16,气象数据原/陵水县2021-2026气象数据.xlsx,2023年,109,23.7,23.7,G109,20.4,20.4,F109,31.2,31.2,E109,0,0,H109,84,84,I109,7.2,7.2,J109,NA,,
lingshui_region_proxy,lingshui,NA,2023-12-17,气象数据原/陵水县2021-2026气象数据.xlsx,2023年,110,21.1,21.1,G110,19.8,19.8,F110,24.9,24.9,E110,0,0,H110,77,77,I110,3.2,3.2,J110,NA,,
lingshui_region_proxy,lingshui,NA,2023-12-18,气象数据原/陵水县2021-2026气象数据.xlsx,2023年,111,21.2,21.2,G111,18.6,18.6,F111,24.9,24.9,E111,0.2,0.2,H111,88,88,I111,0.9,0.9,J111,NA,,
lingshui_region_proxy,lingshui,NA,2023-12-19,气象数据原/陵水县2021-2026气象数据.xlsx,2023年,112,20.9,20.9,G112,19.4,19.4,F112,26.8,26.8,E112,0.1,0.1,H112,89,89,I112,4.6,4.6,J112,NA,,
lingshui_region_proxy,lingshui,NA,2023-12-20,气象数据原/陵水县2021-2026气象数据.xlsx,2023年,113,17.5,17.5,G113,16,16,F113,21.9,21.9,E113,0,0,H113,82,82,I113,3.6,3.6,J113,NA,,
lingshui_region_proxy,lingshui,NA,2023-12-21,气象数据原/陵水县2021-2026气象数据.xlsx,2023年,114,16.1,16.1,G114,14.1,14.1,F114,20.4,20.4,E114,0,0,H114,74,74,I114,4.1,4.1,J114,NA,,
lingshui_region_proxy,lingshui,NA,2023-12-22,气象数据原/陵水县2021-2026气象数据.xlsx,2023年,115,14.7,14.7,G115,13.7,13.7,F115,17.3,17.3,E115,0,0,H115,73,73,I115,0.5,0.5,J115,NA,,
lingshui_region_proxy,lingshui,NA,2023-12-23,气象数据原/陵水县2021-2026气象数据.xlsx,2023年,116,14.5,14.5,G116,13.3,13.3,F116,16.6,16.6,E116,0,0,H116,77,77,I116,1.4,1.4,J116,NA,,
lingshui_region_proxy,lingshui,NA,2023-12-24,气象数据原/陵水县2021-2026气象数据.xlsx,2023年,117,17.2,17.2,G117,14,14,F117,21.5,21.5,E117,0,0,H117,65,65,I117,3.7,3.7,J117,NA,,
lingshui_region_proxy,lingshui,NA,2023-12-25,气象数据原/陵水县2021-2026气象数据.xlsx,2023年,118,16.7,16.7,G118,13.6,13.6,F118,21.6,21.6,E118,0,0,H118,66,66,I118,5.3,5.3,J118,NA,,
lingshui_region_proxy,lingshui,NA,2023-12-26,气象数据原/陵水县2021-2026气象数据.xlsx,2023年,119,18.5,18.5,G119,13.9,13.9,F119,26.4,26.4,E119,0,0,H119,82,82,I119,8.4,8.4,J119,NA,,
lingshui_region_proxy,lingshui,NA,2023-12-27,气象数据原/陵水县2021-2026气象数据.xlsx,2023年,120,21.2,21.2,G120,17.5,17.5,F120,24.3,24.3,E120,0,0,H120,75,75,I120,0.3,0.3,J120,NA,,
lingshui_region_proxy,lingshui,NA,2023-12-28,气象数据原/陵水县2021-2026气象数据.xlsx,2023年,121,22.5,22.5,G121,20.1,20.1,F121,27.4,27.4,E121,0,0,H121,78,78,I121,3.5,3.5,J121,NA,,
lingshui_region_proxy,lingshui,NA,2023-12-29,气象数据原/陵水县2021-2026气象数据.xlsx,2023年,122,22.2,22.2,G122,20.3,20.3,F122,24.6,24.6,E122,0,0,H122,87,87,I122,0,0,J122,NA,,
lingshui_region_proxy,lingshui,NA,2023-12-30,气象数据原/陵水县2021-2026气象数据.xlsx,2023年,123,22.6,22.6,G123,20.2,20.2,F123,26.9,26.9,E123,0.8,0.8,H123,87,87,I123,3.1,3.1,J123,NA,,
lingshui_region_proxy,lingshui,NA,2023-12-31,气象数据原/陵水县2021-2026气象数据.xlsx,2023年,124,22,22,G124,17.7,17.7,F124,30.8,30.8,E124,0,0,H124,85,85,I124,9.6,9.6,J124,NA,,
lingshui_region_proxy,lingshui,NA,2024-01-01,气象数据原/陵水县2021-2026气象数据.xlsx,2024年,2,23.1,23.1,G2,19.5,19.5,F2,28.3,28.3,E2,0,0,H2,77,77,I2,7.8,7.8,J2,NA,,
lingshui_region_proxy,lingshui,NA,2024-01-02,气象数据原/陵水县2021-2026气象数据.xlsx,2024年,3,23.2,23.2,G3,21.6,21.6,F3,26.3,26.3,E3,2.3,2.3,H3,84,84,I3,5.1,5.1,J3,NA,,
lingshui_region_proxy,lingshui,NA,2024-01-03,气象数据原/陵水县2021-2026气象数据.xlsx,2024年,4,22.7,22.7,G4,20.7,20.7,F4,27.1,27.1,E4,0,0,H4,79,79,I4,6.8,6.8,J4,NA,,
lingshui_region_proxy,lingshui,NA,2024-01-04,气象数据原/陵水县2021-2026气象数据.xlsx,2024年,5,21.7,21.7,G5,19.5,19.5,F5,25.3,25.3,E5,0,0,H5,70,70,I5,4.3,4.3,J5,NA,,
lingshui_region_proxy,lingshui,NA,2024-01-05,气象数据原/陵水县2021-2026气象数据.xlsx,2024年,6,21.5,21.5,G6,17.4,17.4,F6,27.2,27.2,E6,0,0,H6,79,79,I6,7.9,7.9,J6,NA,,
lingshui_region_proxy,lingshui,NA,2024-01-06,气象数据原/陵水县2021-2026气象数据.xlsx,2024年,7,23,23,G7,19.4,19.4,F7,27.6,27.6,E7,0,0,H7,73,73,I7,7.5,7.5,J7,NA,,
lingshui_region_proxy,lingshui,NA,2024-01-07,气象数据原/陵水县2021-2026气象数据.xlsx,2024年,8,21.9,21.9,G8,18,18,F8,26.9,26.9,E8,0,0,H8,75,75,I8,9.3,9.3,J8,NA,,
lingshui_region_proxy,lingshui,NA,2024-01-08,气象数据原/陵水县2021-2026气象数据.xlsx,2024年,9,22.3,22.3,G9,18.4,18.4,F9,27.4,27.4,E9,0,0,H9,79,79,I9,5.2,5.2,J9,NA,,
lingshui_region_proxy,lingshui,NA,2024-01-09,气象数据原/陵水县2021-2026气象数据.xlsx,2024年,10,22.8,22.8,G10,20.1,20.1,F10,27.3,27.3,E10,0,0,H10,83,83,I10,6.7,6.7,J10,NA,,
lingshui_region_proxy,lingshui,NA,2024-01-10,气象数据原/陵水县2021-2026气象数据.xlsx,2024年,11,22.9,22.9,G11,21.2,21.2,F11,25.8,25.8,E11,3.2,3.2,H11,81,81,I11,4.2,4.2,J11,NA,,
lingshui_region_proxy,lingshui,NA,2024-01-11,气象数据原/陵水县2021-2026气象数据.xlsx,2024年,12,22.8,22.8,G12,21.7,21.7,F12,24.2,24.2,E12,0,0,H12,73,73,I12,0,0,J12,NA,,
lingshui_region_proxy,lingshui,NA,2024-01-12,气象数据原/陵水县2021-2026气象数据.xlsx,2024年,13,22.9,22.9,G13,21.3,21.3,F13,26.1,26.1,E13,0,0,H13,75,75,I13,2.5,2.5,J13,NA,,
lingshui_region_proxy,lingshui,NA,2024-01-13,气象数据原/陵水县2021-2026气象数据.xlsx,2024年,14,21.7,21.7,G14,19.8,19.8,F14,25.8,25.8,E14,0,0,H14,77,77,I14,3.5,3.5,J14,NA,,
lingshui_region_proxy,lingshui,NA,2024-01-14,气象数据原/陵水县2021-2026气象数据.xlsx,2024年,15,22,22,G15,19.4,19.4,F15,26.1,26.1,E15,0,0,H15,82,82,I15,2.7,2.7,J15,NA,,
lingshui_region_proxy,lingshui,NA,2024-01-15,气象数据原/陵水县2021-2026气象数据.xlsx,2024年,16,22.6,22.6,G16,21.2,21.2,F16,26,26,E16,0,0,H16,76,76,I16,2.2,2.2,J16,NA,,
lingshui_region_proxy,lingshui,NA,2024-01-16,气象数据原/陵水县2021-2026气象数据.xlsx,2024年,17,22.3,22.3,G17,19.6,19.6,F17,26.1,26.1,E17,0.5,0.5,H17,75,75,I17,4.8,4.8,J17,NA,,
lingshui_region_proxy,lingshui,NA,2024-01-17,气象数据原/陵水县2021-2026气象数据.xlsx,2024年,18,22.7,22.7,G18,20.1,20.1,F18,26.1,26.1,E18,0,0,H18,78,78,I18,5.3,5.3,J18,NA,,
lingshui_region_proxy,lingshui,NA,2024-01-18,气象数据原/陵水县2021-2026气象数据.xlsx,2024年,19,22.1,22.1,G19,18.1,18.1,F19,27.4,27.4,E19,0,0,H19,84,84,I19,9.4,9.4,J19,NA,,
lingshui_region_proxy,lingshui,NA,2024-01-19,气象数据原/陵水县2021-2026气象数据.xlsx,2024年,20,22.6,22.6,G20,19.2,19.2,F20,27.2,27.2,E20,0,0,H20,80,80,I20,8.9,8.9,J20,NA,,
lingshui_region_proxy,lingshui,NA,2024-01-20,气象数据原/陵水县2021-2026气象数据.xlsx,2024年,21,21.4,21.4,G21,17.3,17.3,F21,27.1,27.1,E21,0,0,H21,82,82,I21,9.8,9.8,J21,NA,,
lingshui_region_proxy,lingshui,NA,2024-01-21,气象数据原/陵水县2021-2026气象数据.xlsx,2024年,22,22.6,22.6,G22,20.5,20.5,F22,26,26,E22,0,0,H22,75,75,I22,6.6,6.6,J22,NA,,
lingshui_region_proxy,lingshui,NA,2024-01-22,气象数据原/陵水县2021-2026气象数据.xlsx,2024年,23,21.7,21.7,G23,19.2,19.2,F23,26.4,26.4,E23,0.1,0.1,H23,78,78,I23,5,5,J23,NA,,
lingshui_region_proxy,lingshui,NA,2024-01-23,气象数据原/陵水县2021-2026气象数据.xlsx,2024年,24,16.6,16.6,G24,15.1,15.1,F24,19.2,19.2,E24,0,0,H24,68,68,I24,5.3,5.3,J24,NA,,
lingshui_region_proxy,lingshui,NA,2024-01-24,气象数据原/陵水县2021-2026气象数据.xlsx,2024年,25,16.1,16.1,G25,14.7,14.7,F25,19,19,E25,0,0,H25,72,72,I25,4.5,4.5,J25,NA,,
lingshui_region_proxy,lingshui,NA,2024-01-25,气象数据原/陵水县2021-2026气象数据.xlsx,2024年,26,16.4,16.4,G26,14.8,14.8,F26,18.7,18.7,E26,0,0,H26,77,77,I26,0.9,0.9,J26,NA,,
lingshui_region_proxy,lingshui,NA,2024-01-26,气象数据原/陵水县2021-2026气象数据.xlsx,2024年,27,19.2,19.2,G27,16.4,16.4,F27,23.9,23.9,E27,0,0,H27,76,76,I27,1.2,1.2,J27,NA,,
lingshui_region_proxy,lingshui,NA,2024-01-27,气象数据原/陵水县2021-2026气象数据.xlsx,2024年,28,20,20,G28,17.4,17.4,F28,24.4,24.4,E28,0,0,H28,79,79,I28,3,3,J28,NA,,
lingshui_region_proxy,lingshui,NA,2024-01-28,气象数据原/陵水县2021-2026气象数据.xlsx,2024年,29,19.8,19.8,G29,18.4,18.4,F29,22.9,22.9,E29,0,0,H29,81,81,I29,1.3,1.3,J29,NA,,
lingshui_region_proxy,lingshui,NA,2024-01-29,气象数据原/陵水县2021-2026气象数据.xlsx,2024年,30,21.7,21.7,G30,19.1,19.1,F30,25.8,25.8,E30,0,0,H30,82,82,I30,2.8,2.8,J30,NA,,
lingshui_region_proxy,lingshui,NA,2024-01-30,气象数据原/陵水县2021-2026气象数据.xlsx,2024年,31,22.3,22.3,G31,19.3,19.3,F31,26.8,26.8,E31,0,0,H31,83,83,I31,8.1,8.1,J31,NA,,
lingshui_region_proxy,lingshui,NA,2024-01-31,气象数据原/陵水县2021-2026气象数据.xlsx,2024年,32,22,22,G32,20.1,20.1,F32,26.1,26.1,E32,0,0,H32,86,86,I32,2.9,2.9,J32,NA,,
lingshui_region_proxy,lingshui,NA,2024-10-01,气象数据原/陵水县2021-2026气象数据.xlsx,2024年,33,27.5,27.5,G33,23,23,F33,35.8,35.8,E33,0,0,H33,88,88,I33,5.1,5.1,J33,NA,,
lingshui_region_proxy,lingshui,NA,2024-10-02,气象数据原/陵水县2021-2026气象数据.xlsx,2024年,34,26.5,26.5,G34,24.7,24.7,F34,30.3,30.3,E34,7.8,7.8,H34,81,81,I34,6.5,6.5,J34,NA,,
lingshui_region_proxy,lingshui,NA,2024-10-03,气象数据原/陵水县2021-2026气象数据.xlsx,2024年,35,25.8,25.8,G35,22.1,22.1,F35,31,31,E35,0,0,H35,65,65,I35,10.6,10.6,J35,NA,,
lingshui_region_proxy,lingshui,NA,2024-10-04,气象数据原/陵水县2021-2026气象数据.xlsx,2024年,36,24.3,24.3,G36,18.9,18.9,F36,31.2,31.2,E36,0,0,H36,78,78,I36,9.2,9.2,J36,NA,,
lingshui_region_proxy,lingshui,NA,2024-10-05,气象数据原/陵水县2021-2026气象数据.xlsx,2024年,37,25.7,25.7,G37,22,22,F37,32.1,32.1,E37,0,0,H37,74,74,I37,7.8,7.8,J37,NA,,
lingshui_region_proxy,lingshui,NA,2024-10-06,气象数据原/陵水县2021-2026气象数据.xlsx,2024年,38,26.4,26.4,G38,22.7,22.7,F38,31.2,31.2,E38,0,0,H38,78,78,I38,2.5,2.5,J38,NA,,
lingshui_region_proxy,lingshui,NA,2024-10-07,气象数据原/陵水县2021-2026气象数据.xlsx,2024年,39,26.2,26.2,G39,23.9,23.9,F39,33.2,33.2,E39,14.5,14.5,H39,90,90,I39,6.9,6.9,J39,NA,,
lingshui_region_proxy,lingshui,NA,2024-10-08,气象数据原/陵水县2021-2026气象数据.xlsx,2024年,40,27.2,27.2,G40,23.2,23.2,F40,33.2,33.2,E40,0,0,H40,77,77,I40,9.2,9.2,J40,NA,,
lingshui_region_proxy,lingshui,NA,2024-10-09,气象数据原/陵水县2021-2026气象数据.xlsx,2024年,41,27.1,27.1,G41,23.4,23.4,F41,32.7,32.7,E41,0,0,H41,72,72,I41,9.4,9.4,J41,NA,,
lingshui_region_proxy,lingshui,NA,2024-10-10,气象数据原/陵水县2021-2026气象数据.xlsx,2024年,42,25,25,G42,20.3,20.3,F42,29.4,29.4,E42,0,0,H42,81,81,I42,0.8,0.8,J42,NA,,
lingshui_region_proxy,lingshui,NA,2024-10-11,气象数据原/陵水县2021-2026气象数据.xlsx,2024年,43,26.1,26.1,G43,24.1,24.1,F43,30.7,30.7,E43,0.2,0.2,H43,83,83,I43,0.9,0.9,J43,NA,,
lingshui_region_proxy,lingshui,NA,2024-10-12,气象数据原/陵水县2021-2026气象数据.xlsx,2024年,44,27.6,27.6,G44,23.4,23.4,F44,34.1,34.1,E44,0,0,H44,76,76,I44,6.8,6.8,J44,NA,,
lingshui_region_proxy,lingshui,NA,2024-10-13,气象数据原/陵水县2021-2026气象数据.xlsx,2024年,45,26.9,26.9,G45,22.1,22.1,F45,33.8,33.8,E45,0,0,H45,80,80,I45,8.2,8.2,J45,NA,,
lingshui_region_proxy,lingshui,NA,2024-10-14,气象数据原/陵水县2021-2026气象数据.xlsx,2024年,46,26.9,26.9,G46,24,24,F46,33,33,E46,7.8,7.8,H46,90,90,I46,5.4,5.4,J46,NA,,
lingshui_region_proxy,lingshui,NA,2024-10-15,气象数据原/陵水县2021-2026气象数据.xlsx,2024年,47,25.5,25.5,G47,23.7,23.7,F47,32.9,32.9,E47,11.1,11.1,H47,95,95,I47,5.3,5.3,J47,NA,,
lingshui_region_proxy,lingshui,NA,2024-10-16,气象数据原/陵水县2021-2026气象数据.xlsx,2024年,48,24.9,24.9,G48,22,22,F48,31.8,31.8,E48,0.1,0.1,H48,93,93,I48,8.4,8.4,J48,NA,,
lingshui_region_proxy,lingshui,NA,2024-10-17,气象数据原/陵水县2021-2026气象数据.xlsx,2024年,49,25.7,25.7,G49,22.4,22.4,F49,32.4,32.4,E49,0,0,H49,89,89,I49,7.5,7.5,J49,NA,,
lingshui_region_proxy,lingshui,NA,2024-10-18,气象数据原/陵水县2021-2026气象数据.xlsx,2024年,50,26.4,26.4,G50,22.5,22.5,F50,33.8,33.8,E50,1.7,1.7,H50,90,90,I50,9.3,9.3,J50,NA,,
lingshui_region_proxy,lingshui,NA,2024-10-19,气象数据原/陵水县2021-2026气象数据.xlsx,2024年,51,26,26,G51,21.9,21.9,F51,33.8,33.8,E51,0.1,0.1,H51,86,86,I51,8.3,8.3,J51,NA,,
lingshui_region_proxy,lingshui,NA,2024-10-20,气象数据原/陵水县2021-2026气象数据.xlsx,2024年,52,26.1,26.1,G52,23.1,23.1,F52,30.3,30.3,E52,29.2,29.2,H52,90,90,I52,0.1,0.1,J52,NA,,
lingshui_region_proxy,lingshui,NA,2024-10-21,气象数据原/陵水县2021-2026气象数据.xlsx,2024年,53,26,26,G53,23.9,23.9,F53,31.1,31.1,E53,12,12,H53,93,93,I53,2.2,2.2,J53,NA,,
lingshui_region_proxy,lingshui,NA,2024-10-22,气象数据原/陵水县2021-2026气象数据.xlsx,2024年,54,26.8,26.8,G54,23.4,23.4,F54,31.2,31.2,E54,0.1,0.1,H54,80,80,I54,9.2,9.2,J54,NA,,
lingshui_region_proxy,lingshui,NA,2024-10-23,气象数据原/陵水县2021-2026气象数据.xlsx,2024年,55,25.8,25.8,G55,22.5,22.5,F55,30.8,30.8,E55,0.1,0.1,H55,76,76,I55,2.8,2.8,J55,NA,,
lingshui_region_proxy,lingshui,NA,2024-10-24,气象数据原/陵水县2021-2026气象数据.xlsx,2024年,56,23.7,23.7,G56,20.3,20.3,F56,30.6,30.6,E56,0,0,H56,75,75,I56,10.2,10.2,J56,NA,,
lingshui_region_proxy,lingshui,NA,2024-10-25,气象数据原/陵水县2021-2026气象数据.xlsx,2024年,57,22,22,G57,16.9,16.9,F57,31.5,31.5,E57,0,0,H57,77,77,I57,9.1,9.1,J57,NA,,
lingshui_region_proxy,lingshui,NA,2024-10-26,气象数据原/陵水县2021-2026气象数据.xlsx,2024年,58,24.1,24.1,G58,19.8,19.8,F58,28.1,28.1,E58,10.3,10.3,H58,71,71,I58,0,0,J58,NA,,
lingshui_region_proxy,lingshui,NA,2024-10-27,气象数据原/陵水县2021-2026气象数据.xlsx,2024年,59,24.2,24.2,G59,22.9,22.9,F59,25.6,25.6,E59,60.5,60.5,H59,95,95,I59,0.3,0.3,J59,NA,,
lingshui_region_proxy,lingshui,NA,2024-10-28,气象数据原/陵水县2021-2026气象数据.xlsx,2024年,60,23.8,23.8,G60,22.7,22.7,F60,25.4,25.4,E60,151,151,H60,97,97,I60,0.1,0.1,J60,NA,,
lingshui_region_proxy,lingshui,NA,2024-10-29,气象数据原/陵水县2021-2026气象数据.xlsx,2024年,61,23.9,23.9,G61,22.6,22.6,F61,26.4,26.4,E61,240.9,240.9,H61,97,97,I61,0.3,0.3,J61,NA,,
lingshui_region_proxy,lingshui,NA,2024-10-30,气象数据原/陵水县2021-2026气象数据.xlsx,2024年,62,23.5,23.5,G62,23.1,23.1,F62,24.9,24.9,E62,138.5,138.5,H62,99,99,I62,0,0,J62,NA,,
lingshui_region_proxy,lingshui,NA,2024-10-31,气象数据原/陵水县2021-2026气象数据.xlsx,2024年,63,25,25,G63,21.5,21.5,F63,30.9,30.9,E63,2.1,2.1,H63,88,88,I63,9.5,9.5,J63,NA,,
lingshui_region_proxy,lingshui,NA,2024-11-01,气象数据原/陵水县2021-2026气象数据.xlsx,2024年,64,23,23,G64,18,18,F64,31.6,31.6,E64,0.1,0.1,H64,85,85,I64,10.2,10.2,J64,NA,,
lingshui_region_proxy,lingshui,NA,2024-11-02,气象数据原/陵水县2021-2026气象数据.xlsx,2024年,65,23.1,23.1,G65,19.3,19.3,F65,27.8,27.8,E65,0,0,H65,84,84,I65,1.6,1.6,J65,NA,,
lingshui_region_proxy,lingshui,NA,2024-11-03,气象数据原/陵水县2021-2026气象数据.xlsx,2024年,66,23.3,23.3,G66,21.5,21.5,F66,24.8,24.8,E66,14.2,14.2,H66,90,90,I66,0,0,J66,NA,,
lingshui_region_proxy,lingshui,NA,2024-11-04,气象数据原/陵水县2021-2026气象数据.xlsx,2024年,67,23.7,23.7,G67,20.9,20.9,F67,29.4,29.4,E67,12,12,H67,92,92,I67,4.9,4.9,J67,NA,,
lingshui_region_proxy,lingshui,NA,2024-11-05,气象数据原/陵水县2021-2026气象数据.xlsx,2024年,68,25.4,25.4,G68,23.9,23.9,F68,28.8,28.8,E68,0.9,0.9,H68,76,76,I68,4.7,4.7,J68,NA,,
lingshui_region_proxy,lingshui,NA,2024-11-06,气象数据原/陵水县2021-2026气象数据.xlsx,2024年,69,23.8,23.8,G69,22.7,22.7,F69,26.4,26.4,E69,0.5,0.5,H69,80,80,I69,1.6,1.6,J69,NA,,
lingshui_region_proxy,lingshui,NA,2024-11-07,气象数据原/陵水县2021-2026气象数据.xlsx,2024年,70,22.3,22.3,G70,21.1,21.1,F70,24,24,E70,2.7,2.7,H70,89,89,I70,0,0,J70,NA,,
lingshui_region_proxy,lingshui,NA,2024-11-08,气象数据原/陵水县2021-2026气象数据.xlsx,2024年,71,22.9,22.9,G71,19.7,19.7,F71,28.5,28.5,E71,0,0,H71,74,74,I71,10.2,10.2,J71,NA,,
lingshui_region_proxy,lingshui,NA,2024-11-09,气象数据原/陵水县2021-2026气象数据.xlsx,2024年,72,22.5,22.5,G72,16.5,16.5,F72,31.2,31.2,E72,0,0,H72,79,79,I72,6.5,6.5,J72,NA,,
lingshui_region_proxy,lingshui,NA,2024-11-10,气象数据原/陵水县2021-2026气象数据.xlsx,2024年,73,25.6,25.6,G73,22.2,22.2,F73,30.5,30.5,E73,0,0,H73,72,72,I73,3.8,3.8,J73,NA,,
lingshui_region_proxy,lingshui,NA,2024-11-11,气象数据原/陵水县2021-2026气象数据.xlsx,2024年,74,24.8,24.8,G74,23.2,23.2,F74,26.4,26.4,E74,2.5,2.5,H74,84,84,I74,0,0,J74,NA,,
lingshui_region_proxy,lingshui,NA,2024-11-12,气象数据原/陵水县2021-2026气象数据.xlsx,2024年,75,25.2,25.2,G75,23.5,23.5,F75,29.1,29.1,E75,0.2,0.2,H75,82,82,I75,0.4,0.4,J75,NA,,
lingshui_region_proxy,lingshui,NA,2024-11-13,气象数据原/陵水县2021-2026气象数据.xlsx,2024年,76,24.1,24.1,G76,19.5,19.5,F76,31.5,31.5,E76,0,0,H76,86,86,I76,9.5,9.5,J76,NA,,
lingshui_region_proxy,lingshui,NA,2024-11-14,气象数据原/陵水县2021-2026气象数据.xlsx,2024年,77,24.4,24.4,G77,19.5,19.5,F77,32.7,32.7,E77,0,0,H77,86,86,I77,9.4,9.4,J77,NA,,
lingshui_region_proxy,lingshui,NA,2024-11-15,气象数据原/陵水县2021-2026气象数据.xlsx,2024年,78,24,24,G78,19.4,19.4,F78,32.2,32.2,E78,0,0,H78,88,88,I78,8.8,8.8,J78,NA,,
lingshui_region_proxy,lingshui,NA,2024-11-16,气象数据原/陵水县2021-2026气象数据.xlsx,2024年,79,24.2,24.2,G79,19.7,19.7,F79,33,33,E79,0,0,H79,86,86,I79,9.8,9.8,J79,NA,,
lingshui_region_proxy,lingshui,NA,2024-11-17,气象数据原/陵水县2021-2026气象数据.xlsx,2024年,80,23.8,23.8,G80,19.9,19.9,F80,31.3,31.3,E80,0,0,H80,89,89,I80,5.4,5.4,J80,NA,,
lingshui_region_proxy,lingshui,NA,2024-11-18,气象数据原/陵水县2021-2026气象数据.xlsx,2024年,81,24.5,24.5,G81,22.3,22.3,F81,28,28,E81,0.1,0.1,H81,82,82,I81,0.8,0.8,J81,NA,,
lingshui_region_proxy,lingshui,NA,2024-11-19,气象数据原/陵水县2021-2026气象数据.xlsx,2024年,82,23.6,23.6,G82,22.4,22.4,F82,25.1,25.1,E82,0.2,0.2,H82,81,81,I82,0.1,0.1,J82,NA,,
lingshui_region_proxy,lingshui,NA,2024-11-20,气象数据原/陵水县2021-2026气象数据.xlsx,2024年,83,23.5,23.5,G83,21.8,21.8,F83,25.9,25.9,E83,0,0,H83,72,72,I83,0.7,0.7,J83,NA,,
lingshui_region_proxy,lingshui,NA,2024-11-21,气象数据原/陵水县2021-2026气象数据.xlsx,2024年,84,23.1,23.1,G84,22,22,F84,25.7,25.7,E84,0,0,H84,76,76,I84,2.7,2.7,J84,NA,,
lingshui_region_proxy,lingshui,NA,2024-11-22,气象数据原/陵水县2021-2026气象数据.xlsx,2024年,85,23.9,23.9,G85,21.9,21.9,F85,27.7,27.7,E85,0,0,H85,75,75,I85,8.5,8.5,J85,NA,,
lingshui_region_proxy,lingshui,NA,2024-11-23,气象数据原/陵水县2021-2026气象数据.xlsx,2024年,86,23.2,23.2,G86,22,22,F86,26,26,E86,0,0,H86,77,77,I86,2.8,2.8,J86,NA,,
lingshui_region_proxy,lingshui,NA,2024-11-24,气象数据原/陵水县2021-2026气象数据.xlsx,2024年,87,23.9,23.9,G87,21.9,21.9,F87,28.1,28.1,E87,0,0,H87,80,80,I87,1.9,1.9,J87,NA,,
lingshui_region_proxy,lingshui,NA,2024-11-25,气象数据原/陵水县2021-2026气象数据.xlsx,2024年,88,24.1,24.1,G88,22.3,22.3,F88,28.2,28.2,E88,10.6,10.6,H88,91,91,I88,2.3,2.3,J88,NA,,
lingshui_region_proxy,lingshui,NA,2024-11-26,气象数据原/陵水县2021-2026气象数据.xlsx,2024年,89,23.9,23.9,G89,22.3,22.3,F89,26.8,26.8,E89,0.1,0.1,H89,79,79,I89,2,2,J89,NA,,
lingshui_region_proxy,lingshui,NA,2024-11-27,气象数据原/陵水县2021-2026气象数据.xlsx,2024年,90,22,22,G90,20.8,20.8,F90,25.9,25.9,E90,0,0,H90,75,75,I90,2.1,2.1,J90,NA,,
lingshui_region_proxy,lingshui,NA,2024-11-28,气象数据原/陵水县2021-2026气象数据.xlsx,2024年,91,20.8,20.8,G91,17.2,17.2,F91,25.6,25.6,E91,0,0,H91,58,58,I91,10,10,J91,NA,,
lingshui_region_proxy,lingshui,NA,2024-11-29,气象数据原/陵水县2021-2026气象数据.xlsx,2024年,92,19,19,G92,13.2,13.2,F92,25.4,25.4,E92,0,0,H92,65,65,I92,10,10,J92,NA,,
lingshui_region_proxy,lingshui,NA,2024-11-30,气象数据原/陵水县2021-2026气象数据.xlsx,2024年,93,17.7,17.7,G93,12.5,12.5,F93,26.7,26.7,E93,0,0,H93,81,81,I93,9.9,9.9,J93,NA,,
lingshui_region_proxy,lingshui,NA,2024-12-01,气象数据原/陵水县2021-2026气象数据.xlsx,2024年,94,19.7,19.7,G94,14.4,14.4,F94,27.9,27.9,E94,0,0,H94,86,86,I94,3.7,3.7,J94,NA,,
lingshui_region_proxy,lingshui,NA,2024-12-02,气象数据原/陵水县2021-2026气象数据.xlsx,2024年,95,23.1,23.1,G95,18.8,18.8,F95,30.5,30.5,E95,0,0,H95,82,82,I95,4.9,4.9,J95,NA,,
lingshui_region_proxy,lingshui,NA,2024-12-03,气象数据原/陵水县2021-2026气象数据.xlsx,2024年,96,22.2,22.2,G96,18.3,18.3,F96,29.4,29.4,E96,0,0,H96,86,86,I96,4.1,4.1,J96,NA,,
lingshui_region_proxy,lingshui,NA,2024-12-04,气象数据原/陵水县2021-2026气象数据.xlsx,2024年,97,22.3,22.3,G97,17.1,17.1,F97,29.8,29.8,E97,0,0,H97,77,77,I97,10,10,J97,NA,,
lingshui_region_proxy,lingshui,NA,2024-12-05,气象数据原/陵水县2021-2026气象数据.xlsx,2024年,98,21.1,21.1,G98,18,18,F98,25.8,25.8,E98,0,0,H98,90,90,I98,0,0,J98,NA,,
lingshui_region_proxy,lingshui,NA,2024-12-06,气象数据原/陵水县2021-2026气象数据.xlsx,2024年,99,22.4,22.4,G99,17.7,17.7,F99,28.5,28.5,E99,0,0,H99,79,79,I99,5.9,5.9,J99,NA,,
lingshui_region_proxy,lingshui,NA,2024-12-07,气象数据原/陵水县2021-2026气象数据.xlsx,2024年,100,22.8,22.8,G100,18.8,18.8,F100,28.3,28.3,E100,0,0,H100,75,75,I100,10,10,J100,NA,,
lingshui_region_proxy,lingshui,NA,2024-12-08,气象数据原/陵水县2021-2026气象数据.xlsx,2024年,101,21.5,21.5,G101,19.1,19.1,F101,26.2,26.2,E101,0,0,H101,69,69,I101,8.8,8.8,J101,NA,,
lingshui_region_proxy,lingshui,NA,2024-12-09,气象数据原/陵水县2021-2026气象数据.xlsx,2024年,102,21.2,21.2,G102,17.4,17.4,F102,24.7,24.7,E102,0,0,H102,76,76,I102,2.3,2.3,J102,NA,,
lingshui_region_proxy,lingshui,NA,2024-12-10,气象数据原/陵水县2021-2026气象数据.xlsx,2024年,103,21.2,21.2,G103,18.4,18.4,F103,26.9,26.9,E103,0,0,H103,88,88,I103,2.8,2.8,J103,NA,,
lingshui_region_proxy,lingshui,NA,2024-12-11,气象数据原/陵水县2021-2026气象数据.xlsx,2024年,104,22.7,22.7,G104,18.9,18.9,F104,25.1,25.1,E104,0,0,H104,84,84,I104,0,0,J104,NA,,
lingshui_region_proxy,lingshui,NA,2024-12-12,气象数据原/陵水县2021-2026气象数据.xlsx,2024年,105,22.5,22.5,G105,21.2,21.2,F105,23.8,23.8,E105,0,0,H105,78,78,I105,0,0,J105,NA,,
lingshui_region_proxy,lingshui,NA,2024-12-13,气象数据原/陵水县2021-2026气象数据.xlsx,2024年,106,20.9,20.9,G106,19.4,19.4,F106,23.1,23.1,E106,0,0,H106,79,79,I106,0,0,J106,NA,,
lingshui_region_proxy,lingshui,NA,2024-12-14,气象数据原/陵水县2021-2026气象数据.xlsx,2024年,107,18.5,18.5,G107,17,17,F107,19.4,19.4,E107,0,0,H107,73,73,I107,0,0,J107,NA,,
lingshui_region_proxy,lingshui,NA,2024-12-15,气象数据原/陵水县2021-2026气象数据.xlsx,2024年,108,17.5,17.5,G108,16.5,16.5,F108,19.4,19.4,E108,0,0,H108,63,63,I108,0,0,J108,NA,,
lingshui_region_proxy,lingshui,NA,2024-12-16,气象数据原/陵水县2021-2026气象数据.xlsx,2024年,109,18.2,18.2,G109,15.6,15.6,F109,24.1,24.1,E109,0,0,H109,65,65,I109,5.2,5.2,J109,NA,,
lingshui_region_proxy,lingshui,NA,2024-12-17,气象数据原/陵水县2021-2026气象数据.xlsx,2024年,110,19,19,G110,12.4,12.4,F110,27.6,27.6,E110,0,0,H110,77,77,I110,8.2,8.2,J110,NA,,
lingshui_region_proxy,lingshui,NA,2024-12-18,气象数据原/陵水县2021-2026气象数据.xlsx,2024年,111,20.3,20.3,G111,15.3,15.3,F111,25.5,25.5,E111,0,0,H111,67,67,I111,5.7,5.7,J111,NA,,
lingshui_region_proxy,lingshui,NA,2024-12-19,气象数据原/陵水县2021-2026气象数据.xlsx,2024年,112,20,20,G112,18.5,18.5,F112,22.9,22.9,E112,0,0,H112,64,64,I112,2.7,2.7,J112,NA,,
lingshui_region_proxy,lingshui,NA,2024-12-20,气象数据原/陵水县2021-2026气象数据.xlsx,2024年,113,18.5,18.5,G113,16.2,16.2,F113,24,24,E113,0,0,H113,65,65,I113,9.9,9.9,J113,NA,,
lingshui_region_proxy,lingshui,NA,2024-12-21,气象数据原/陵水县2021-2026气象数据.xlsx,2024年,114,16.6,16.6,G114,11.1,11.1,F114,24.2,24.2,E114,0,0,H114,76,76,I114,9.7,9.7,J114,NA,,
lingshui_region_proxy,lingshui,NA,2024-12-22,气象数据原/陵水县2021-2026气象数据.xlsx,2024年,115,18.4,18.4,G115,15.2,15.2,F115,22.3,22.3,E115,0,0,H115,65,65,I115,1.8,1.8,J115,NA,,
lingshui_region_proxy,lingshui,NA,2024-12-23,气象数据原/陵水县2021-2026气象数据.xlsx,2024年,116,19.4,19.4,G116,17.3,17.3,F116,20.9,20.9,E116,0,0,H116,72,72,I116,0,0,J116,NA,,
lingshui_region_proxy,lingshui,NA,2024-12-24,气象数据原/陵水县2021-2026气象数据.xlsx,2024年,117,19.9,19.9,G117,17.5,17.5,F117,21.9,21.9,E117,0,0,H117,64,64,I117,0,0,J117,NA,,
lingshui_region_proxy,lingshui,NA,2024-12-25,气象数据原/陵水县2021-2026气象数据.xlsx,2024年,118,20.1,20.1,G118,18.3,18.3,F118,23.8,23.8,E118,0,0,H118,75,75,I118,1,1,J118,NA,,
lingshui_region_proxy,lingshui,NA,2024-12-26,气象数据原/陵水县2021-2026气象数据.xlsx,2024年,119,20.7,20.7,G119,19.2,19.2,F119,22.4,22.4,E119,0,0,H119,79,79,I119,0.1,0.1,J119,NA,,
lingshui_region_proxy,lingshui,NA,2024-12-27,气象数据原/陵水县2021-2026气象数据.xlsx,2024年,120,20.8,20.8,G120,19.4,19.4,F120,22.9,22.9,E120,0.1,0.1,H120,79,79,I120,0.1,0.1,J120,NA,,
lingshui_region_proxy,lingshui,NA,2024-12-28,气象数据原/陵水县2021-2026气象数据.xlsx,2024年,121,18.8,18.8,G121,17.3,17.3,F121,21.4,21.4,E121,0,0,H121,72,72,I121,1,1,J121,NA,,
lingshui_region_proxy,lingshui,NA,2024-12-29,气象数据原/陵水县2021-2026气象数据.xlsx,2024年,122,18.6,18.6,G122,15.8,15.8,F122,23.8,23.8,E122,0,0,H122,69,69,I122,8.5,8.5,J122,NA,,
lingshui_region_proxy,lingshui,NA,2024-12-30,气象数据原/陵水县2021-2026气象数据.xlsx,2024年,123,19.7,19.7,G123,13.8,13.8,F123,26.3,26.3,E123,0,0,H123,81,81,I123,2.2,2.2,J123,NA,,
lingshui_region_proxy,lingshui,NA,2024-12-31,气象数据原/陵水县2021-2026气象数据.xlsx,2024年,124,21.2,21.2,G124,19.2,19.2,F124,26.1,26.1,E124,0,0,H124,63,63,I124,5.3,5.3,J124,NA,,
lingshui_region_proxy,lingshui,NA,2025-01-01,气象数据原/陵水县2021-2026气象数据.xlsx,2025年,2,20.9,20.9,G2,19.8,19.8,F2,23.5,23.5,E2,0,0,H2,60,60,I2,0,0,J2,NA,,
lingshui_region_proxy,lingshui,NA,2025-01-02,气象数据原/陵水县2021-2026气象数据.xlsx,2025年,3,20.6,20.6,G3,19.8,19.8,F3,22.9,22.9,E3,0,0,H3,72,72,I3,0,0,J3,NA,,
lingshui_region_proxy,lingshui,NA,2025-01-03,气象数据原/陵水县2021-2026气象数据.xlsx,2025年,4,21.8,21.8,G4,19.2,19.2,F4,26.6,26.6,E4,0,0,H4,51,51,I4,9.6,9.6,J4,NA,,
lingshui_region_proxy,lingshui,NA,2025-01-04,气象数据原/陵水县2021-2026气象数据.xlsx,2025年,5,19.4,19.4,G5,16,16,F5,24.8,24.8,E5,0,0,H5,65,65,I5,8,8,J5,NA,,
lingshui_region_proxy,lingshui,NA,2025-01-05,气象数据原/陵水县2021-2026气象数据.xlsx,2025年,6,20.5,20.5,G6,17.6,17.6,F6,26,26,E6,0,0,H6,58,58,I6,9.8,9.8,J6,NA,,
lingshui_region_proxy,lingshui,NA,2025-01-06,气象数据原/陵水县2021-2026气象数据.xlsx,2025年,7,20.1,20.1,G7,16.2,16.2,F7,25.8,25.8,E7,0,0,H7,63,63,I7,9.7,9.7,J7,NA,,
lingshui_region_proxy,lingshui,NA,2025-01-07,气象数据原/陵水县2021-2026气象数据.xlsx,2025年,8,21.9,21.9,G8,18.7,18.7,F8,27,27,E8,0,0,H8,70,70,I8,6.1,6.1,J8,NA,,
lingshui_region_proxy,lingshui,NA,2025-01-08,气象数据原/陵水县2021-2026气象数据.xlsx,2025年,9,22,22,G9,19.5,19.5,F9,25.5,25.5,E9,0,0,H9,75,75,I9,3.8,3.8,J9,NA,,
lingshui_region_proxy,lingshui,NA,2025-01-09,气象数据原/陵水县2021-2026气象数据.xlsx,2025年,10,22.3,22.3,G10,21.1,21.1,F10,26.4,26.4,E10,0,0,H10,70,70,I10,5.5,5.5,J10,NA,,
lingshui_region_proxy,lingshui,NA,2025-01-10,气象数据原/陵水县2021-2026气象数据.xlsx,2025年,11,19.6,19.6,G11,17.8,17.8,F11,22.8,22.8,E11,0,0,H11,62,62,I11,4.3,4.3,J11,NA,,
lingshui_region_proxy,lingshui,NA,2025-01-11,气象数据原/陵水县2021-2026气象数据.xlsx,2025年,12,17.7,17.7,G12,15.2,15.2,F12,21.9,21.9,E12,0,0,H12,53,53,I12,9.9,9.9,J12,NA,,
lingshui_region_proxy,lingshui,NA,2025-01-12,气象数据原/陵水县2021-2026气象数据.xlsx,2025年,13,16.4,16.4,G13,12.5,12.5,F13,21.6,21.6,E13,0,0,H13,48,48,I13,9.9,9.9,J13,NA,,
lingshui_region_proxy,lingshui,NA,2025-01-13,气象数据原/陵水县2021-2026气象数据.xlsx,2025年,14,17.8,17.8,G14,12.6,12.6,F14,24,24,E14,0,0,H14,64,64,I14,6.5,6.5,J14,NA,,
lingshui_region_proxy,lingshui,NA,2025-01-14,气象数据原/陵水县2021-2026气象数据.xlsx,2025年,15,20.5,20.5,G15,17.7,17.7,F15,23.2,23.2,E15,0.9,0.9,H15,88,88,I15,0,0,J15,NA,,
lingshui_region_proxy,lingshui,NA,2025-01-15,气象数据原/陵水县2021-2026气象数据.xlsx,2025年,16,20.7,20.7,G16,19.6,19.6,F16,21.7,21.7,E16,0.2,0.2,H16,70,70,I16,0,0,J16,NA,,
lingshui_region_proxy,lingshui,NA,2025-01-16,气象数据原/陵水县2021-2026气象数据.xlsx,2025年,17,19.7,19.7,G17,18.3,18.3,F17,22.3,22.3,E17,0,0,H17,58,58,I17,2.3,2.3,J17,NA,,
lingshui_region_proxy,lingshui,NA,2025-01-17,气象数据原/陵水县2021-2026气象数据.xlsx,2025年,18,18.5,18.5,G18,14.9,14.9,F18,23.1,23.1,E18,0,0,H18,66,66,I18,8.5,8.5,J18,NA,,
lingshui_region_proxy,lingshui,NA,2025-01-18,气象数据原/陵水县2021-2026气象数据.xlsx,2025年,19,20,20,G19,16.3,16.3,F19,25.7,25.7,E19,0,0,H19,67,67,I19,7.5,7.5,J19,NA,,
lingshui_region_proxy,lingshui,NA,2025-01-19,气象数据原/陵水县2021-2026气象数据.xlsx,2025年,20,19.7,19.7,G20,18,18,F20,24.3,24.3,E20,0,0,H20,63,63,I20,4.1,4.1,J20,NA,,
lingshui_region_proxy,lingshui,NA,2025-01-20,气象数据原/陵水县2021-2026气象数据.xlsx,2025年,21,19.2,19.2,G21,16.5,16.5,F21,24.4,24.4,E21,0,0,H21,62,62,I21,9.8,9.8,J21,NA,,
lingshui_region_proxy,lingshui,NA,2025-01-21,气象数据原/陵水县2021-2026气象数据.xlsx,2025年,22,18.7,18.7,G22,14.5,14.5,F22,25.3,25.3,E22,0,0,H22,73,73,I22,7.7,7.7,J22,NA,,
lingshui_region_proxy,lingshui,NA,2025-01-22,气象数据原/陵水县2021-2026气象数据.xlsx,2025年,23,21.1,21.1,G23,16.3,16.3,F23,27.5,27.5,E23,0,0,H23,77,77,I23,8.6,8.6,J23,NA,,
lingshui_region_proxy,lingshui,NA,2025-01-23,气象数据原/陵水县2021-2026气象数据.xlsx,2025年,24,21.9,21.9,G24,19,19,F24,27.2,27.2,E24,0,0,H24,82,82,I24,7,7,J24,NA,,
lingshui_region_proxy,lingshui,NA,2025-01-24,气象数据原/陵水县2021-2026气象数据.xlsx,2025年,25,21.7,21.7,G25,18.8,18.8,F25,27.1,27.1,E25,0,0,H25,82,82,I25,9.9,9.9,J25,NA,,
lingshui_region_proxy,lingshui,NA,2025-01-25,气象数据原/陵水县2021-2026气象数据.xlsx,2025年,26,21.3,21.3,G26,17.2,17.2,F26,25.8,25.8,E26,0,0,H26,83,83,I26,6.7,6.7,J26,NA,,
lingshui_region_proxy,lingshui,NA,2025-01-26,气象数据原/陵水县2021-2026气象数据.xlsx,2025年,27,20.7,20.7,G27,16.5,16.5,F27,25,25,E27,0,0,H27,75,75,I27,2.5,2.5,J27,NA,,
lingshui_region_proxy,lingshui,NA,2025-01-27,气象数据原/陵水县2021-2026气象数据.xlsx,2025年,28,15.3,15.3,G28,12.9,12.9,F28,19.1,19.1,E28,0,0,H28,60,60,I28,1.7,1.7,J28,NA,,
lingshui_region_proxy,lingshui,NA,2025-01-28,气象数据原/陵水县2021-2026气象数据.xlsx,2025年,29,17.1,17.1,G29,13.8,13.8,F29,20.6,20.6,E29,0,0,H29,60,60,I29,4.9,4.9,J29,NA,,
lingshui_region_proxy,lingshui,NA,2025-01-29,气象数据原/陵水县2021-2026气象数据.xlsx,2025年,30,18.8,18.8,G30,15.5,15.5,F30,24,24,E30,0,0,H30,67,67,I30,8.6,8.6,J30,NA,,
lingshui_region_proxy,lingshui,NA,2025-01-30,气象数据原/陵水县2021-2026气象数据.xlsx,2025年,31,19.9,19.9,G31,15.8,15.8,F31,24.8,24.8,E31,0,0,H31,78,78,I31,4.7,4.7,J31,NA,,
lingshui_region_proxy,lingshui,NA,2025-01-31,气象数据原/陵水县2021-2026气象数据.xlsx,2025年,32,20.1,20.1,G32,15.1,15.1,F32,26.8,26.8,E32,0,0,H32,83,83,I32,9.7,9.7,J32,NA,,
lingshui_region_proxy,lingshui,NA,2025-10-01,气象数据原/陵水县2021-2026气象数据.xlsx,2025年,34,25.8,25.8,G34,21.2,21.2,F34,33.7,33.7,E34,0,0,H34,85,85,I34,9.1,9.1,J34,NA,,
lingshui_region_proxy,lingshui,NA,2025-10-02,气象数据原/陵水县2021-2026气象数据.xlsx,2025年,35,25.6,25.6,G35,22.1,22.1,F35,33,33,E35,18.5,18.5,H35,90,90,I35,7.9,7.9,J35,NA,,
lingshui_region_proxy,lingshui,NA,2025-10-03,气象数据原/陵水县2021-2026气象数据.xlsx,2025年,36,26.7,26.7,G36,23.2,23.2,F36,34.1,34.1,E36,0.3,0.3,H36,87,87,I36,9.3,9.3,J36,NA,,
lingshui_region_proxy,lingshui,NA,2025-10-04,气象数据原/陵水县2021-2026气象数据.xlsx,2025年,37,26.4,26.4,G37,22.2,22.2,F37,33.3,33.3,E37,0,0,H37,86,86,I37,9.1,9.1,J37,NA,,
lingshui_region_proxy,lingshui,NA,2025-10-05,气象数据原/陵水县2021-2026气象数据.xlsx,2025年,38,24.2,24.2,G38,23.3,23.3,F38,25.3,25.3,E38,51.2,51.2,H38,95,95,I38,0,0,J38,NA,,
lingshui_region_proxy,lingshui,NA,2025-10-06,气象数据原/陵水县2021-2026气象数据.xlsx,2025年,39,25.2,25.2,G39,22.5,22.5,F39,29.7,29.7,E39,146.1,146.1,H39,94,94,I39,1.2,1.2,J39,NA,,
lingshui_region_proxy,lingshui,NA,2025-10-07,气象数据原/陵水县2021-2026气象数据.xlsx,2025年,40,25.3,25.3,G40,23.2,23.2,F40,30.5,30.5,E40,5.9,5.9,H40,95,95,I40,6.2,6.2,J40,NA,,
lingshui_region_proxy,lingshui,NA,2025-10-08,气象数据原/陵水县2021-2026气象数据.xlsx,2025年,41,25.7,25.7,G41,21,21,F41,33.9,33.9,E41,0.1,0.1,H41,84,84,I41,10.6,10.6,J41,NA,,
lingshui_region_proxy,lingshui,NA,2025-10-09,气象数据原/陵水县2021-2026气象数据.xlsx,2025年,42,25.9,25.9,G42,21.2,21.2,F42,33.6,33.6,E42,0,0,H42,84,84,I42,8.4,8.4,J42,NA,,
lingshui_region_proxy,lingshui,NA,2025-10-10,气象数据原/陵水县2021-2026气象数据.xlsx,2025年,43,24.6,24.6,G43,22.2,22.2,F43,29,29,E43,23.4,23.4,H43,94,94,I43,4.5,4.5,J43,NA,,
lingshui_region_proxy,lingshui,NA,2025-10-11,气象数据原/陵水县2021-2026气象数据.xlsx,2025年,44,25.8,25.8,G44,22.4,22.4,F44,32.5,32.5,E44,2.8,2.8,H44,89,89,I44,4.5,4.5,J44,NA,,
lingshui_region_proxy,lingshui,NA,2025-10-12,气象数据原/陵水县2021-2026气象数据.xlsx,2025年,45,26.8,26.8,G45,24.1,24.1,F45,32.2,32.2,E45,13.9,13.9,H45,89,89,I45,8.2,8.2,J45,NA,,
lingshui_region_proxy,lingshui,NA,2025-10-13,气象数据原/陵水县2021-2026气象数据.xlsx,2025年,46,25.8,25.8,G46,23.9,23.9,F46,32.2,32.2,E46,0.6,0.6,H46,92,92,I46,6.6,6.6,J46,NA,,
lingshui_region_proxy,lingshui,NA,2025-10-14,气象数据原/陵水县2021-2026气象数据.xlsx,2025年,47,25.6,25.6,G47,23.9,23.9,F47,30.6,30.6,E47,33.4,33.4,H47,92,92,I47,2.1,2.1,J47,NA,,
lingshui_region_proxy,lingshui,NA,2025-10-15,气象数据原/陵水县2021-2026气象数据.xlsx,2025年,48,26.1,26.1,G48,22.2,22.2,F48,33.8,33.8,E48,0.1,0.1,H48,85,85,I48,8.5,8.5,J48,NA,,
lingshui_region_proxy,lingshui,NA,2025-10-16,气象数据原/陵水县2021-2026气象数据.xlsx,2025年,49,26,26,G49,22.5,22.5,F49,32.3,32.3,E49,0,0,H49,87,87,I49,6.9,6.9,J49,NA,,
lingshui_region_proxy,lingshui,NA,2025-10-17,气象数据原/陵水县2021-2026气象数据.xlsx,2025年,50,27,27,G50,24.4,24.4,F50,33.4,33.4,E50,0.2,0.2,H50,86,86,I50,6.1,6.1,J50,NA,,
lingshui_region_proxy,lingshui,NA,2025-10-18,气象数据原/陵水县2021-2026气象数据.xlsx,2025年,51,26.9,26.9,G51,24.2,24.2,F51,31.7,31.7,E51,3.7,3.7,H51,84,84,I51,5.5,5.5,J51,NA,,
lingshui_region_proxy,lingshui,NA,2025-10-19,气象数据原/陵水县2021-2026气象数据.xlsx,2025年,52,28.6,28.6,G52,25.7,25.7,F52,33.5,33.5,E52,0,0,H52,69,69,I52,8.9,8.9,J52,NA,,
lingshui_region_proxy,lingshui,NA,2025-10-20,气象数据原/陵水县2021-2026气象数据.xlsx,2025年,53,27.1,27.1,G53,24.8,24.8,F53,31.1,31.1,E53,0,0,H53,73,73,I53,2.3,2.3,J53,NA,,
lingshui_region_proxy,lingshui,NA,2025-10-21,气象数据原/陵水县2021-2026气象数据.xlsx,2025年,54,24.3,24.3,G54,22.7,22.7,F54,25.7,25.7,E54,0.7,0.7,H54,73,73,I54,0.3,0.3,J54,NA,,
lingshui_region_proxy,lingshui,NA,2025-10-22,气象数据原/陵水县2021-2026气象数据.xlsx,2025年,55,20.9,20.9,G55,19.7,19.7,F55,22.9,22.9,E55,61.6,61.6,H55,84,84,I55,0,0,J55,NA,,
lingshui_region_proxy,lingshui,NA,2025-10-23,气象数据原/陵水县2021-2026气象数据.xlsx,2025年,56,22.6,22.6,G56,20.9,20.9,F56,25.2,25.2,E56,7.4,7.4,H56,79,79,I56,0.1,0.1,J56,NA,,
lingshui_region_proxy,lingshui,NA,2025-10-24,气象数据原/陵水县2021-2026气象数据.xlsx,2025年,57,23.4,23.4,G57,20.8,20.8,F57,26.7,26.7,E57,0.1,0.1,H57,76,76,I57,4.4,4.4,J57,NA,,
lingshui_region_proxy,lingshui,NA,2025-10-25,气象数据原/陵水县2021-2026气象数据.xlsx,2025年,58,24.4,24.4,G58,22.6,22.6,F58,28.7,28.7,E58,0,0,H58,74,74,I58,2.3,2.3,J58,NA,,
lingshui_region_proxy,lingshui,NA,2025-10-26,气象数据原/陵水县2021-2026气象数据.xlsx,2025年,59,25.1,25.1,G59,24.1,24.1,F59,26.2,26.2,E59,0,0,H59,74,74,I59,0,0,J59,NA,,
lingshui_region_proxy,lingshui,NA,2025-10-27,气象数据原/陵水县2021-2026气象数据.xlsx,2025年,60,24.2,24.2,G60,22.5,22.5,F60,26.4,26.4,E60,6.6,6.6,H60,81,81,I60,0.2,0.2,J60,NA,,
lingshui_region_proxy,lingshui,NA,2025-10-28,气象数据原/陵水县2021-2026气象数据.xlsx,2025年,61,24.2,24.2,G61,22.6,22.6,F61,26.2,26.2,E61,0,0,H61,76,76,I61,0,0,J61,NA,,
lingshui_region_proxy,lingshui,NA,2025-10-29,气象数据原/陵水县2021-2026气象数据.xlsx,2025年,62,24.5,24.5,G62,22.8,22.8,F62,28.2,28.2,E62,11.8,11.8,H62,91,91,I62,0.1,0.1,J62,NA,,
lingshui_region_proxy,lingshui,NA,2025-10-30,气象数据原/陵水县2021-2026气象数据.xlsx,2025年,63,25,25,G63,23.8,23.8,F63,27.4,27.4,E63,68.5,68.5,H63,95,95,I63,0,0,J63,NA,,
lingshui_region_proxy,lingshui,NA,2025-10-31,气象数据原/陵水县2021-2026气象数据.xlsx,2025年,64,25.6,25.6,G64,23.3,23.3,F64,30.6,30.6,E64,38.6,38.6,H64,87,87,I64,2.9,2.9,J64,NA,,
lingshui_region_proxy,lingshui,NA,2025-11-01,气象数据原/陵水县2021-2026气象数据.xlsx,2025年,65,25.7,25.7,G65,24,24,F65,30.1,30.1,E65,0,0,H65,79,79,I65,3.2,3.2,J65,NA,,
lingshui_region_proxy,lingshui,NA,2025-11-02,气象数据原/陵水县2021-2026气象数据.xlsx,2025年,66,25.7,25.7,G66,23.6,23.6,F66,29.4,29.4,E66,0,0,H66,78,78,I66,0.2,0.2,J66,NA,,
lingshui_region_proxy,lingshui,NA,2025-11-03,气象数据原/陵水县2021-2026气象数据.xlsx,2025年,67,23.8,23.8,G67,22.8,22.8,F67,25.8,25.8,E67,42.3,42.3,H67,89,89,I67,0,0,J67,NA,,
lingshui_region_proxy,lingshui,NA,2025-11-04,气象数据原/陵水县2021-2026气象数据.xlsx,2025年,68,22.6,22.6,G68,21.4,21.4,F68,24.2,24.2,E68,35.7,35.7,H68,91,91,I68,0,0,J68,NA,,
lingshui_region_proxy,lingshui,NA,2025-11-05,气象数据原/陵水县2021-2026气象数据.xlsx,2025年,69,23.5,23.5,G69,21.3,21.3,F69,27.2,27.2,E69,0.2,0.2,H69,85,85,I69,0.9,0.9,J69,NA,,
lingshui_region_proxy,lingshui,NA,2025-11-06,气象数据原/陵水县2021-2026气象数据.xlsx,2025年,70,24.2,24.2,G70,22.5,22.5,F70,28.1,28.1,E70,0.1,0.1,H70,81,81,I70,0.5,0.5,J70,NA,,
lingshui_region_proxy,lingshui,NA,2025-11-07,气象数据原/陵水县2021-2026气象数据.xlsx,2025年,71,25.8,25.8,G71,23.4,23.4,F71,30.9,30.9,E71,8.7,8.7,H71,90,90,I71,1.4,1.4,J71,NA,,
lingshui_region_proxy,lingshui,NA,2025-11-08,气象数据原/陵水县2021-2026气象数据.xlsx,2025年,72,26.6,26.6,G72,23.9,23.9,F72,32,32,E72,9.3,9.3,H72,88,88,I72,7.8,7.8,J72,NA,,
lingshui_region_proxy,lingshui,NA,2025-11-09,气象数据原/陵水县2021-2026气象数据.xlsx,2025年,73,24.6,24.6,G73,22.3,22.3,F73,31.6,31.6,E73,1.2,1.2,H73,90,90,I73,3.5,3.5,J73,NA,,
lingshui_region_proxy,lingshui,NA,2025-11-10,气象数据原/陵水县2021-2026气象数据.xlsx,2025年,74,24.7,24.7,G74,21.4,21.4,F74,31.3,31.3,E74,0,0,H74,85,85,I74,3.6,3.6,J74,NA,,
lingshui_region_proxy,lingshui,NA,2025-11-11,气象数据原/陵水县2021-2026气象数据.xlsx,2025年,75,22.6,22.6,G75,20.5,20.5,F75,27.4,27.4,E75,0.1,0.1,H75,91,91,I75,0.3,0.3,J75,NA,,
lingshui_region_proxy,lingshui,NA,2025-11-12,气象数据原/陵水县2021-2026气象数据.xlsx,2025年,76,23.3,23.3,G76,20.3,20.3,F76,30.4,30.4,E76,0,0,H76,79,79,I76,8.1,8.1,J76,NA,,
lingshui_region_proxy,lingshui,NA,2025-11-13,气象数据原/陵水县2021-2026气象数据.xlsx,2025年,77,22.3,22.3,G77,18,18,F77,30,30,E77,0,0,H77,72,72,I77,9.9,9.9,J77,NA,,
lingshui_region_proxy,lingshui,NA,2025-11-14,气象数据原/陵水县2021-2026气象数据.xlsx,2025年,78,22.4,22.4,G78,18.5,18.5,F78,28.1,28.1,E78,0,0,H78,68,68,I78,4.9,4.9,J78,NA,,
lingshui_region_proxy,lingshui,NA,2025-11-15,气象数据原/陵水县2021-2026气象数据.xlsx,2025年,79,23.4,23.4,G79,22.3,22.3,F79,24.7,24.7,E79,0,0,H79,77,77,I79,0,0,J79,NA,,
lingshui_region_proxy,lingshui,NA,2025-11-16,气象数据原/陵水县2021-2026气象数据.xlsx,2025年,80,23.9,23.9,G80,21.7,21.7,F80,27.6,27.6,E80,4.8,4.8,H80,86,86,I80,0.4,0.4,J80,NA,,
lingshui_region_proxy,lingshui,NA,2025-11-17,气象数据原/陵水县2021-2026气象数据.xlsx,2025年,81,26.2,26.2,G81,24.2,24.2,F81,30.3,30.3,E81,0,0,H81,68,68,I81,5.6,5.6,J81,NA,,
lingshui_region_proxy,lingshui,NA,2025-11-18,气象数据原/陵水县2021-2026气象数据.xlsx,2025年,82,23.6,23.6,G82,21.5,21.5,F82,26.6,26.6,E82,0,0,H82,67,67,I82,1.7,1.7,J82,NA,,
lingshui_region_proxy,lingshui,NA,2025-11-19,气象数据原/陵水县2021-2026气象数据.xlsx,2025年,83,18.1,18.1,G83,16.5,16.5,F83,21.5,21.5,E83,0,0,H83,69,69,I83,1.1,1.1,J83,NA,,
lingshui_region_proxy,lingshui,NA,2025-11-20,气象数据原/陵水县2021-2026气象数据.xlsx,2025年,84,18.4,18.4,G84,15.8,15.8,F84,21.7,21.7,E84,0,0,H84,66,66,I84,0.5,0.5,J84,NA,,
lingshui_region_proxy,lingshui,NA,2025-11-21,气象数据原/陵水县2021-2026气象数据.xlsx,2025年,85,21.3,21.3,G85,18.1,18.1,F85,25.6,25.6,E85,0,0,H85,49,49,I85,4,4,J85,NA,,
lingshui_region_proxy,lingshui,NA,2025-11-22,气象数据原/陵水县2021-2026气象数据.xlsx,2025年,86,22.1,22.1,G86,18.2,18.2,F86,27.6,27.6,E86,0,0,H86,61,61,I86,9.7,9.7,J86,NA,,
lingshui_region_proxy,lingshui,NA,2025-11-23,气象数据原/陵水县2021-2026气象数据.xlsx,2025年,87,22.8,22.8,G87,21.4,21.4,F87,26.9,26.9,E87,0,0,H87,74,74,I87,3,3,J87,NA,,
lingshui_region_proxy,lingshui,NA,2025-11-24,气象数据原/陵水县2021-2026气象数据.xlsx,2025年,88,24.5,24.5,G88,22.3,22.3,F88,28.4,28.4,E88,0,0,H88,68,68,I88,4.4,4.4,J88,NA,,
lingshui_region_proxy,lingshui,NA,2025-11-25,气象数据原/陵水县2021-2026气象数据.xlsx,2025年,89,23.5,23.5,G89,21.1,21.1,F89,27.8,27.8,E89,0,0,H89,51,51,I89,9.2,9.2,J89,NA,,
lingshui_region_proxy,lingshui,NA,2025-11-26,气象数据原/陵水县2021-2026气象数据.xlsx,2025年,90,21.3,21.3,G90,15.9,15.9,F90,27.4,27.4,E90,0,0,H90,60,60,I90,8,8,J90,NA,,
lingshui_region_proxy,lingshui,NA,2025-11-27,气象数据原/陵水县2021-2026气象数据.xlsx,2025年,91,20.2,20.2,G91,17.3,17.3,F91,23.8,23.8,E91,0,0,H91,46,46,I91,5.7,5.7,J91,NA,,
lingshui_region_proxy,lingshui,NA,2025-11-28,气象数据原/陵水县2021-2026气象数据.xlsx,2025年,92,20.7,20.7,G92,17.1,17.1,F92,26.1,26.1,E92,0,0,H92,45,45,I92,7.8,7.8,J92,NA,,
lingshui_region_proxy,lingshui,NA,2025-11-29,气象数据原/陵水县2021-2026气象数据.xlsx,2025年,93,21.5,21.5,G93,19.3,19.3,F93,24.5,24.5,E93,0,0,H93,67,67,I93,1.2,1.2,J93,NA,,
lingshui_region_proxy,lingshui,NA,2025-11-30,气象数据原/陵水县2021-2026气象数据.xlsx,2025年,94,23.7,23.7,G94,20.7,20.7,F94,28.5,28.5,E94,0,0,H94,83,83,I94,1.4,1.4,J94,NA,,
lingshui_region_proxy,lingshui,NA,2025-12-01,气象数据原/陵水县2021-2026气象数据.xlsx,2025年,95,23,23,G95,22.3,22.3,F95,25,25,E95,0.1,0.1,H95,95,95,I95,0,0,J95,NA,,
lingshui_region_proxy,lingshui,NA,2025-12-02,气象数据原/陵水县2021-2026气象数据.xlsx,2025年,96,24.6,24.6,G96,20.9,20.9,F96,31,31,E96,0,0,H96,87,87,I96,1.7,1.7,J96,NA,,
lingshui_region_proxy,lingshui,NA,2025-12-03,气象数据原/陵水县2021-2026气象数据.xlsx,2025年,97,23.7,23.7,G97,22.8,22.8,F97,25.8,25.8,E97,0,0,H97,83,83,I97,0,0,J97,NA,,
lingshui_region_proxy,lingshui,NA,2025-12-04,气象数据原/陵水县2021-2026气象数据.xlsx,2025年,98,22.9,22.9,G98,21.6,21.6,F98,27.8,27.8,E98,0.1,0.1,H98,80,80,I98,0.6,0.6,J98,NA,,
lingshui_region_proxy,lingshui,NA,2025-12-05,气象数据原/陵水县2021-2026气象数据.xlsx,2025年,99,23.4,23.4,G99,20,20,F99,28.8,28.8,E99,0,0,H99,76,76,I99,6.2,6.2,J99,NA,,
lingshui_region_proxy,lingshui,NA,2025-12-06,气象数据原/陵水县2021-2026气象数据.xlsx,2025年,100,21.9,21.9,G100,18.3,18.3,F100,27.9,27.9,E100,0,0,H100,73,73,I100,8.4,8.4,J100,NA,,
lingshui_region_proxy,lingshui,NA,2025-12-07,气象数据原/陵水县2021-2026气象数据.xlsx,2025年,101,19.3,19.3,G101,14.9,14.9,F101,27,27,E101,0,0,H101,84,84,I101,6.2,6.2,J101,NA,,
lingshui_region_proxy,lingshui,NA,2025-12-08,气象数据原/陵水县2021-2026气象数据.xlsx,2025年,102,22,22,G102,18.6,18.6,F102,27.3,27.3,E102,0,0,H102,66,66,I102,4.7,4.7,J102,NA,,
lingshui_region_proxy,lingshui,NA,2025-12-09,气象数据原/陵水县2021-2026气象数据.xlsx,2025年,103,21.8,21.8,G103,19,19,F103,24,24,E103,0,0,H103,70,70,I103,0.1,0.1,J103,NA,,
lingshui_region_proxy,lingshui,NA,2025-12-10,气象数据原/陵水县2021-2026气象数据.xlsx,2025年,104,22.7,22.7,G104,20.6,20.6,F104,25.4,25.4,E104,0,0,H104,78,78,I104,0,0,J104,NA,,
lingshui_region_proxy,lingshui,NA,2025-12-11,气象数据原/陵水县2021-2026气象数据.xlsx,2025年,105,24.1,24.1,G105,20.7,20.7,F105,31.4,31.4,E105,0,0,H105,79,79,I105,6.4,6.4,J105,NA,,
lingshui_region_proxy,lingshui,NA,2025-12-12,气象数据原/陵水县2021-2026气象数据.xlsx,2025年,106,21.5,21.5,G106,17.2,17.2,F106,30.3,30.3,E106,0,0,H106,83,83,I106,8.1,8.1,J106,NA,,
lingshui_region_proxy,lingshui,NA,2025-12-13,气象数据原/陵水县2021-2026气象数据.xlsx,2025年,107,21.9,21.9,G107,17.8,17.8,F107,29.3,29.3,E107,0,0,H107,83,83,I107,3,3,J107,NA,,
lingshui_region_proxy,lingshui,NA,2025-12-14,气象数据原/陵水县2021-2026气象数据.xlsx,2025年,108,20.1,20.1,G108,18.4,18.4,F108,23,23,E108,0,0,H108,76,76,I108,1.5,1.5,J108,NA,,
lingshui_region_proxy,lingshui,NA,2025-12-15,气象数据原/陵水县2021-2026气象数据.xlsx,2025年,109,20.9,20.9,G109,18.3,18.3,F109,25.1,25.1,E109,0,0,H109,75,75,I109,4.1,4.1,J109,NA,,
lingshui_region_proxy,lingshui,NA,2025-12-16,气象数据原/陵水县2021-2026气象数据.xlsx,2025年,110,21.1,21.1,G110,19.6,19.6,F110,24.5,24.5,E110,0,0,H110,91,91,I110,0,0,J110,NA,,
lingshui_region_proxy,lingshui,NA,2025-12-17,气象数据原/陵水县2021-2026气象数据.xlsx,2025年,111,23.4,23.4,G111,19.8,19.8,F111,28.3,28.3,E111,0,0,H111,70,70,I111,8.9,8.9,J111,NA,,
lingshui_region_proxy,lingshui,NA,2025-12-18,气象数据原/陵水县2021-2026气象数据.xlsx,2025年,112,22.7,22.7,G112,18.2,18.2,F112,27.5,27.5,E112,0,0,H112,66,66,I112,4.8,4.8,J112,NA,,
lingshui_region_proxy,lingshui,NA,2025-12-19,气象数据原/陵水县2021-2026气象数据.xlsx,2025年,113,22.1,22.1,G113,18.2,18.2,F113,29.2,29.2,E113,0,0,H113,83,83,I113,2.6,2.6,J113,NA,,
lingshui_region_proxy,lingshui,NA,2025-12-20,气象数据原/陵水县2021-2026气象数据.xlsx,2025年,114,22.5,22.5,G114,18.1,18.1,F114,28.8,28.8,E114,0,0,H114,82,82,I114,8.5,8.5,J114,NA,,
lingshui_region_proxy,lingshui,NA,2025-12-21,气象数据原/陵水县2021-2026气象数据.xlsx,2025年,115,24.1,24.1,G115,21.4,21.4,F115,28.4,28.4,E115,0,0,H115,71,71,I115,5.6,5.6,J115,NA,,
lingshui_region_proxy,lingshui,NA,2025-12-22,气象数据原/陵水县2021-2026气象数据.xlsx,2025年,116,22.5,22.5,G116,19.2,19.2,F116,29,29,E116,0,0,H116,79,79,I116,7.5,7.5,J116,NA,,
lingshui_region_proxy,lingshui,NA,2025-12-23,气象数据原/陵水县2021-2026气象数据.xlsx,2025年,117,21.1,21.1,G117,17,17,F117,29.4,29.4,E117,0,0,H117,85,85,I117,4.6,4.6,J117,NA,,
lingshui_region_proxy,lingshui,NA,2025-12-24,气象数据原/陵水县2021-2026气象数据.xlsx,2025年,118,23.9,23.9,G118,21.9,21.9,F118,28.1,28.1,E118,0,0,H118,7.6,7.6,I118,84,84,J118,NA,,
lingshui_region_proxy,lingshui,NA,2025-12-25,气象数据原/陵水县2021-2026气象数据.xlsx,2025年,119,22.7,22.7,G119,19.2,19.2,F119,26.9,26.9,E119,0,0,H119,9.2,9.2,I119,71,71,J119,NA,,
lingshui_region_proxy,lingshui,NA,2025-12-26,气象数据原/陵水县2021-2026气象数据.xlsx,2025年,120,19.1,19.1,G120,16.6,16.6,F120,23.2,23.2,E120,0,0,H120,6.8,6.8,I120,71,71,J120,NA,,
lingshui_region_proxy,lingshui,NA,2025-12-27,气象数据原/陵水县2021-2026气象数据.xlsx,2025年,121,20.7,20.7,G121,18.6,18.6,F121,24.9,24.9,E121,0,0,H121,7.1,7.1,I121,70,70,J121,NA,,
lingshui_region_proxy,lingshui,NA,2025-12-28,气象数据原/陵水县2021-2026气象数据.xlsx,2025年,122,21.2,21.2,G122,18.2,18.2,F122,25.3,25.3,E122,0,0,H122,8.6,8.6,I122,70,70,J122,NA,,
lingshui_region_proxy,lingshui,NA,2025-12-29,气象数据原/陵水县2021-2026气象数据.xlsx,2025年,123,21.8,21.8,G123,18.8,18.8,F123,25.9,25.9,E123,0,0,H123,7.5,7.5,I123,68,68,J123,NA,,
lingshui_region_proxy,lingshui,NA,2025-12-30,气象数据原/陵水县2021-2026气象数据.xlsx,2025年,124,22.2,22.2,G124,20.1,20.1,F124,26.3,26.3,E124,0,0,H124,4.5,4.5,I124,67,67,J124,NA,,
lingshui_region_proxy,lingshui,NA,2025-12-31,气象数据原/陵水县2021-2026气象数据.xlsx,2025年,125,20.7,20.7,G125,16.8,16.8,F125,25.4,25.4,E125,0,0,H125,6.8,6.8,I125,73,73,J125,NA,,
lingshui_region_proxy,lingshui,NA,2026-01-01,气象数据原/陵水县2021-2026气象数据.xlsx,2026年,2,21.3,21.3,G2,17.7,17.7,F2,26.7,26.7,E2,0,0,H2,76,76,J2,7.5,7.5,I2,NA,,
lingshui_region_proxy,lingshui,NA,2026-01-02,气象数据原/陵水县2021-2026气象数据.xlsx,2026年,3,20.5,20.5,G3,19,19,F3,23.5,23.5,E3,0,0,H3,69,69,J3,3.8,3.8,I3,NA,,
lingshui_region_proxy,lingshui,NA,2026-01-03,气象数据原/陵水县2021-2026气象数据.xlsx,2026年,4,19.3,19.3,G4,18,18,F4,22.3,22.3,E4,0,0,H4,70,70,J4,9.2,9.2,I4,NA,,
lingshui_region_proxy,lingshui,NA,2026-01-04,气象数据原/陵水县2021-2026气象数据.xlsx,2026年,5,20.9,20.9,G5,18.3,18.3,F5,25.2,25.2,E5,0,0,H5,71,71,J5,9,9,I5,NA,,
lingshui_region_proxy,lingshui,NA,2026-01-05,气象数据原/陵水县2021-2026气象数据.xlsx,2026年,6,21.6,21.6,G6,18.7,18.7,F6,26.2,26.2,E6,0,0,H6,70,70,J6,8.5,8.5,I6,NA,,
lingshui_region_proxy,lingshui,NA,2026-01-06,气象数据原/陵水县2021-2026气象数据.xlsx,2026年,7,19.2,19.2,G7,17.4,17.4,F7,22.2,22.2,E7,0,0,H7,67,67,J7,8.9,8.9,I7,NA,,
lingshui_region_proxy,lingshui,NA,2026-01-07,气象数据原/陵水县2021-2026气象数据.xlsx,2026年,8,17.1,17.1,G8,14.4,14.4,F8,21.7,21.7,E8,0,0,H8,59,59,J8,9.3,9.3,I8,NA,,
lingshui_region_proxy,lingshui,NA,2026-01-08,气象数据原/陵水县2021-2026气象数据.xlsx,2026年,9,17.1,17.1,G9,13.9,13.9,F9,22.4,22.4,E9,0,0,H9,45,45,J9,9.4,9.4,I9,NA,,
lingshui_region_proxy,lingshui,NA,2026-01-09,气象数据原/陵水县2021-2026气象数据.xlsx,2026年,10,17,17,G10,11,11,F10,23.2,23.2,E10,0,0,H10,57,57,J10,9.4,9.4,I10,NA,,
lingshui_region_proxy,lingshui,NA,2026-01-10,气象数据原/陵水县2021-2026气象数据.xlsx,2026年,11,17.6,17.6,G11,12.7,12.7,F11,24.4,24.4,E11,0,0,H11,66,66,J11,9.5,9.5,I11,NA,,
lingshui_region_proxy,lingshui,NA,2026-01-11,气象数据原/陵水县2021-2026气象数据.xlsx,2026年,12,18.8,18.8,G12,14.1,14.1,F12,24.5,24.5,E12,0,0,H12,57,57,J12,9.5,9.5,I12,NA,,
lingshui_region_proxy,lingshui,NA,2026-01-12,气象数据原/陵水县2021-2026气象数据.xlsx,2026年,13,19.2,19.2,G13,14.2,14.2,F13,25.5,25.5,E13,0,0,H13,72,72,J13,9.4,9.4,I13,NA,,
lingshui_region_proxy,lingshui,NA,2026-01-13,气象数据原/陵水县2021-2026气象数据.xlsx,2026年,14,20.9,20.9,G14,17.6,17.6,F14,26.3,26.3,E14,0,0,H14,70,70,J14,9.2,9.2,I14,NA,,
lingshui_region_proxy,lingshui,NA,2026-01-14,气象数据原/陵水县2021-2026气象数据.xlsx,2026年,15,20.1,20.1,G15,16.7,16.7,F15,24.4,24.4,E15,0,0,H15,77,77,J15,9.5,9.5,I15,NA,,
lingshui_region_proxy,lingshui,NA,2026-01-15,气象数据原/陵水县2021-2026气象数据.xlsx,2026年,16,20.2,20.2,G16,15.7,15.7,F16,26.3,26.3,E16,0,0,H16,79,79,J16,8.8,8.8,I16,NA,,
lingshui_region_proxy,lingshui,NA,2026-01-16,气象数据原/陵水县2021-2026气象数据.xlsx,2026年,17,20.3,20.3,G17,16,16,F17,25.1,25.1,E17,0,0,H17,83,83,J17,9.5,9.5,I17,NA,,
lingshui_region_proxy,lingshui,NA,2026-01-17,气象数据原/陵水县2021-2026气象数据.xlsx,2026年,18,20.4,20.4,G18,15.8,15.8,F18,26.4,26.4,E18,0,0,H18,77,77,J18,9.6,9.6,I18,NA,,
lingshui_region_proxy,lingshui,NA,2026-01-18,气象数据原/陵水县2021-2026气象数据.xlsx,2026年,19,20.1,20.1,G19,15.4,15.4,F19,26.2,26.2,E19,0,0,H19,82,82,J19,9,9,I19,NA,,
lingshui_region_proxy,lingshui,NA,2026-01-19,气象数据原/陵水县2021-2026气象数据.xlsx,2026年,20,20.9,20.9,G20,17.3,17.3,F20,25.8,25.8,E20,0,0,H20,82,82,J20,6.4,6.4,I20,NA,,
lingshui_region_proxy,lingshui,NA,2026-01-20,气象数据原/陵水县2021-2026气象数据.xlsx,2026年,21,20.7,20.7,G21,18.3,18.3,F21,24.6,24.6,E21,0,0,H21,81,81,J21,2,2,I21,NA,,
lingshui_region_proxy,lingshui,NA,2026-01-21,气象数据原/陵水县2021-2026气象数据.xlsx,2026年,22,21.2,21.2,G22,18.8,18.8,F22,25.4,25.4,E22,0,0,H22,73,73,J22,8.6,8.6,I22,NA,,
lingshui_region_proxy,lingshui,NA,2026-01-22,气象数据原/陵水县2021-2026气象数据.xlsx,2026年,23,20.7,20.7,G23,19,19,F23,24.6,24.6,E23,0,0,H23,72,72,J23,8.1,8.1,I23,NA,,
lingshui_region_proxy,lingshui,NA,2026-01-23,气象数据原/陵水县2021-2026气象数据.xlsx,2026年,24,19.7,19.7,G24,17.5,17.5,F24,24,24,E24,0,0,H24,72,72,J24,7.7,7.7,I24,NA,,
lingshui_region_proxy,lingshui,NA,2026-01-24,气象数据原/陵水县2021-2026气象数据.xlsx,2026年,25,19.9,19.9,G25,18.5,18.5,F25,22.1,22.1,E25,0,0,H25,75,75,J25,0.1,0.1,I25,NA,,
lingshui_region_proxy,lingshui,NA,2026-01-25,气象数据原/陵水县2021-2026气象数据.xlsx,2026年,26,19.5,19.5,G26,15.3,15.3,F26,25,25,E26,0,0,H26,79,79,J26,9.5,9.5,I26,NA,,
lingshui_region_proxy,lingshui,NA,2026-01-26,气象数据原/陵水县2021-2026气象数据.xlsx,2026年,27,20.9,20.9,G27,16,16,F27,27.7,27.7,E27,0,0,H27,76,76,J27,9,9,I27,NA,,
lingshui_region_proxy,lingshui,NA,2026-01-27,气象数据原/陵水县2021-2026气象数据.xlsx,2026年,28,23.2,23.2,G28,20.1,20.1,F28,27.8,27.8,E28,0.1,0.1,H28,67,67,J28,4.3,4.3,I28,NA,,
lingshui_region_proxy,lingshui,NA,2026-01-28,气象数据原/陵水县2021-2026气象数据.xlsx,2026年,29,21.8,21.8,G29,19,19,F29,26.4,26.4,E29,0,0,H29,74,74,J29,9.1,9.1,I29,NA,,
lingshui_region_proxy,lingshui,NA,2026-01-29,气象数据原/陵水县2021-2026气象数据.xlsx,2026年,30,21.1,21.1,G30,17.9,17.9,F30,25.5,25.5,E30,0,0,H30,78,78,J30,10,10,I30,NA,,
lingshui_region_proxy,lingshui,NA,2026-01-30,气象数据原/陵水县2021-2026气象数据.xlsx,2026年,31,21,21,G31,16.6,16.6,F31,27.8,27.8,E31,0,0,H31,79,79,J31,9.1,9.1,I31,NA,,
lingshui_region_proxy,lingshui,NA,2026-01-31,气象数据原/陵水县2021-2026气象数据.xlsx,2026年,32,23.3,23.3,G32,19.8,19.8,F32,27.4,27.4,E32,0,0,H32,68,68,J32,8.7,8.7,I32,NA,,
